Air temperature [K],Process temperature [K],Rotational speed [rpm],Torque [Nm],Tool wear [min],Type_H,Type_L,Type_M,Machine failure
0.593749999999995,0.34782608695650025,-0.24607329842931938,0.5220588235294121,-0.4818181818181818,0,0,1,0
-0.9687500000000105,-0.782608695652175,-0.5445026178010471,0.463235294117647,0.22727272727272727,0,0,1,0
0.2812499999999939,0.652173913043475,-0.7643979057591623,0.4044117647058825,0.2727272727272727,0,0,1,0
-0.37500000000001554,-0.13043478260869995,-0.4816753926701571,1.1911764705882355,-0.20909090909090908,0,1,0,0
-0.9375000000000033,-0.6956521739130499,1.2041884816753927,-0.8382352941176475,-0.5181818181818182,0,1,0,0
-0.5625000000000056,-0.5217391304347998,1.0628272251308901,-0.6102941176470591,-0.9,1,0,0,0
0.18749999999999,0.39130434782607515,-1.256544502617801,0.8970588235294118,-0.02727272727272727,0,0,1,0
-0.7812500000000028,-0.4782608695652249,-0.4712041884816754,0.007352941176470696,-0.509090909090909,1,0,0,0
1.18749999999999,1.3478260869565002,0.5497382198952879,0.036764705882352956,-0.2545454545454545,0,0,1,0
-0.8750000000000067,-0.652173913043475,-0.3769633507853403,0.13970588235294112,0.01818181818181818,1,0,0,0
-0.37500000000001554,0.0,-0.193717277486911,0.17647058823529407,0.7272727272727273,0,1,0,0
-0.6875000000000167,-0.652173913043475,0.9842931937172775,-0.7720588235294121,0.08181818181818182,0,1,0,0
-0.28125000000001166,0.2608695652173752,0.193717277486911,-0.2794117647058828,0.6181818181818182,0,1,0,0
-0.5312500000000161,-0.7391304347826249,0.06282722513089005,0.0,0.6545454545454545,0,1,0,0
0.09374999999998612,-0.13043478260869995,-0.4293193717277487,0.5220588235294121,-0.9727272727272728,0,0,1,0
-0.4375000000000122,-0.08695652173914978,0.5968586387434555,-0.5220588235294121,0.8727272727272727,0,1,0,0
-0.7500000000000133,-0.6086956521739249,-1.3298429319371727,1.4926470588235299,0.32727272727272727,0,1,0,0
-0.37500000000001554,-0.04347826086957489,0.3193717277486911,-0.4632352941176476,0.6909090909090909,0,1,0,0
-0.6250000000000022,-0.6086956521739249,0.3403141361256545,-0.5294117647058828,-0.8818181818181818,0,1,0,0
1.2500000000000044,1.3478260869565002,-0.3612565445026178,0.7352941176470591,-0.5818181818181818,0,1,0,0
0.7499999999999956,0.43478260869565005,0.35602094240837695,-0.4338235294117648,0.8545454545454545,0,1,0,0
-0.28125000000001166,-0.56521739130435,2.1204188481675392,-1.3823529411764712,-0.02727272727272727,1,0,0,0
-0.15625000000000056,0.04347826086955017,-0.18324607329842932,0.5808823529411766,-0.8909090909090909,0,1,0,0
0.2812499999999939,0.9130434782608502,-0.07329842931937172,0.01470588235294087,0.09090909090909091,1,0,0,0
-0.3125000000000011,0.17391304347825012,-0.5968586387434555,1.5661764705882357,-0.39090909090909093,0,1,0,0
0.7187499999999883,0.04347826086955017,-0.7958115183246073,0.36764705882352955,0.5545454545454546,0,1,0,1
-0.3125000000000011,0.17391304347825012,0.1518324607329843,-0.2573529411764707,-0.4090909090909091,0,1,0,0
0.15625000000000056,-0.21739130434782503,1.1675392670157068,-0.7426470588235299,0.36363636363636365,0,1,0,0
0.4999999999999911,0.4782608695652002,0.450261780104712,-0.16176470588235323,-0.2909090909090909,0,1,0,0
-1.0312500000000073,-1.1304347826087,-0.8167539267015707,1.0808823529411766,-0.5818181818181818,0,1,0,0
0.18749999999999,0.7391304347826001,-0.08900523560209424,0.5294117647058822,-0.8,0,1,0,0
-0.15625000000000056,0.39130434782607515,-0.38219895287958117,-0.13235294117647095,0.15454545454545454,0,1,0,0
-0.9375000000000033,-0.782608695652175,-0.5235602094240838,1.0294117647058827,0.6545454545454545,0,1,0,0
0.18749999999999,0.21739130434782503,0.08900523560209424,0.4264705882352941,0.35454545454545455,0,1,0,0
-0.37500000000001554,-0.8260869565217499,-0.6858638743455497,1.727941176470589,-0.7,0,0,1,1
-0.4375000000000122,-0.13043478260869995,-0.7801047120418848,0.9705882352941178,0.9545454545454546,0,1,0,1
-0.1250000000000111,-0.43478260869565005,-0.8167539267015707,1.1176470588235297,0.2909090909090909,0,1,0,0
0.18749999999999,-0.2608695652173999,0.02617801047120419,-0.014705882352941391,-0.43636363636363634,0,1,0,0
0.9062499999999961,1.17391304347825,0.7591623036649214,-0.5882352941176473,-0.02727272727272727,0,0,1,0
0.09374999999998612,0.6956521739130253,1.7225130890052356,-1.1691176470588243,0.6545454545454545,0,0,1,0
0.593749999999995,0.43478260869565005,-0.5078534031413613,0.6397058823529411,0.4727272727272727,0,0,1,0
-0.5625000000000056,-0.8695652173913001,-0.9267015706806283,1.345588235294118,-0.15454545454545454,0,1,0,0
-0.37500000000001554,0.08695652173912506,-0.24607329842931938,0.29411764705882365,0.1,0,1,0,0
-0.6562500000000094,-0.6956521739130499,1.0418848167539267,-0.9852941176470594,0.8727272727272727,0,1,0,0
0.7812500000000028,0.5652173913043252,1.2303664921465969,-1.0514705882352946,0.19090909090909092,0,1,0,0
-0.9375000000000033,-0.8260869565217499,-0.8167539267015707,0.7867647058823529,-0.5272727272727272,0,1,0,0
1.1562500000000007,1.1304347826086751,0.8429319371727748,-0.7941176470588239,0.6454545454545455,0,1,0,0
-0.46875000000000167,-0.13043478260869995,0.7015706806282722,-0.4044117647058825,0.9090909090909091,0,1,0,0
0.46875000000000167,0.43478260869565005,2.115183246073298,-1.36764705882353,-0.045454545454545456,0,1,0,0
0.6874999999999989,0.4782608695652002,0.010471204188481676,-0.25,-0.2636363636363636,0,0,1,0
-0.5937500000000128,-0.4782608695652249,-0.4869109947643979,0.5514705882352944,-0.2818181818181818,0,0,1,0
-1.0312500000000073,-0.9565217391304498,1.0785340314136125,-0.8602941176470594,0.1,0,1,0,0
-0.9062500000000139,-0.782608695652175,1.4293193717277486,-0.8897058823529417,-0.5818181818181818,0,0,1,0
0.031249999999989453,0.04347826086955017,0.5078534031413613,-0.632352941176471,-0.7636363636363637,0,1,0,0
0.2812499999999939,0.2608695652173752,-0.5863874345549738,0.3602941176470589,0.14545454545454545,0,1,0,0
-0.4375000000000122,-0.34782608695652495,-0.5287958115183246,0.38235294117647045,0.7545454545454545,1,0,0,0
-0.6250000000000022,-0.9565217391304498,-0.03664921465968586,-0.007352941176470696,-0.9727272727272728,0,0,1,0
0.43749999999999445,0.08695652173912506,-0.4607329842931937,0.11029411764705888,-0.7181818181818181,0,1,0,0
0.3125000000000011,0.43478260869565005,1.0890052356020943,-0.808823529411765,0.5727272727272728,0,1,0,0
-1.0312500000000073,-1.0,0.8429319371727748,-0.5367647058823535,0.3181818181818182,0,0,1,0
-0.5937500000000128,-0.7391304347826249,-0.13612565445026178,0.7205882352941178,-0.3181818181818182,0,1,0,0
-0.8437500000000172,-0.4782608695652249,0.08900523560209424,-0.22794117647058842,0.36363636363636365,0,0,1,0
-0.37500000000001554,-0.5217391304347998,-0.08376963350785341,-0.04411764705882365,-0.7,0,0,1,0
-0.25000000000000444,-0.43478260869565005,0.2513089005235602,-0.07352941176470591,0.36363636363636365,0,1,0,0
-0.5625000000000056,-0.8260869565217499,0.837696335078534,-0.8602941176470594,-0.36363636363636365,0,1,0,0
0.2812499999999939,0.39130434782607515,-0.418848167539267,-0.11029411764705888,0.8363636363636363,0,0,1,0
0.43749999999999445,0.43478260869565005,-0.3612565445026178,0.6985294117647062,0.2,0,1,0,0
0.12499999999999334,0.652173913043475,-0.14136125654450263,-0.07352941176470591,0.8363636363636363,0,0,1,0
0.15625000000000056,-0.04347826086957489,-0.4083769633507853,0.6911764705882355,0.6090909090909091,0,1,0,0
0.3749999999999978,0.3043478260869501,-0.2513089005235602,0.08088235294117661,-0.4636363636363636,0,0,1,0
-0.9062500000000139,-0.7391304347826249,1.8848167539267016,-1.0367647058823535,0.02727272727272727,0,0,1,0
-0.406250000000005,-0.56521739130435,0.10471204188481675,0.3161764705882352,-0.4727272727272727,0,1,0,0
0.09374999999998612,-0.04347826086957489,1.3926701570680629,-1.0294117647058827,-0.6272727272727273,0,1,0,0
0.46875000000000167,0.43478260869565005,-0.4973821989528796,0.3161764705882352,-0.00909090909090909,0,1,0,0
-0.4375000000000122,-0.21739130434782503,-0.41361256544502617,0.7573529411764707,-0.6818181818181818,0,0,1,0
0.43749999999999445,0.2608695652173752,-0.35602094240837695,-0.11764705882352956,1.0636363636363637,0,1,0,0
-0.6562500000000094,-0.8695652173913001,0.25654450261780104,-0.2573529411764707,0.7545454545454545,0,0,1,0
0.6562499999999917,0.652173913043475,0.46596858638743455,-0.17647058823529407,-0.2545454545454545,0,0,1,0
0.15625000000000056,0.13043478260867525,-0.04712041884816754,0.5294117647058822,0.1,0,1,0,0
-0.81250000000001,-0.3043478260869748,-0.36649214659685864,0.6029411764705882,0.2909090909090909,0,0,1,0
-0.8750000000000067,-0.6086956521739249,-0.06282722513089005,0.007352941176470696,0.045454545454545456,0,1,0,0
0.0,0.6086956521739002,3.743455497382199,-1.6985294117647067,0.14545454545454545,0,1,0,0
0.593749999999995,0.34782608695650025,0.9214659685863874,-0.8161764705882357,1.0454545454545454,1,0,0,0
-0.28125000000001166,-0.7391304347826249,-0.5759162303664922,0.6102941176470589,-0.6545454545454545,0,1,0,0
0.6250000000000022,0.2608695652173752,-0.7277486910994765,0.5661764705882352,0.9636363636363636,0,0,1,1
-0.031250000000007216,-0.39130434782609985,0.6910994764397905,-0.5661764705882357,-0.9363636363636364,0,0,1,0
0.40624999999998723,0.3043478260869501,-0.3769633507853403,0.3088235294117645,-0.7818181818181819,0,1,0,0
0.21874999999999722,0.08695652173912506,0.17801047120418848,-0.5000000000000006,-0.5,0,1,0,0
-0.1250000000000111,-0.39130434782609985,0.3612565445026178,-0.5367647058823535,0.3181818181818182,1,0,0,0
-1.0312500000000073,-0.9565217391304498,1.780104712041885,-1.0955882352941182,0.08181818181818182,0,0,1,0
-0.6562500000000094,-1.043478260869575,0.23036649214659685,-0.24264705882352983,0.7181818181818181,1,0,0,0
0.2812499999999939,0.34782608695650025,0.9214659685863874,-0.757352941176471,-0.39090909090909093,0,1,0,0
-1.3750000000000155,-1.7391304347826002,-0.837696335078534,1.0514705882352944,0.10909090909090909,0,1,0,0
-0.25000000000000444,0.2608695652173752,-0.675392670157068,0.6470588235294118,1.0454545454545454,0,0,1,0
0.21874999999999722,-0.17391304347827483,-0.680628272251309,0.3897058823529411,0.6545454545454545,0,1,0,0
-0.46875000000000167,-0.17391304347827483,0.6492146596858639,-0.4926470588235298,-0.07272727272727272,0,1,0,0
0.09374999999998612,0.6086956521739002,-0.05759162303664921,0.3308823529411766,0.38181818181818183,0,1,0,0
0.09374999999998612,0.17391304347825012,4.821989528795812,-1.8823529411764715,-0.8636363636363636,0,1,0,0
0.3749999999999978,0.17391304347825012,-0.7225130890052356,0.558823529411765,-0.33636363636363636,0,1,0,0
-0.031250000000007216,-0.21739130434782503,1.0,-0.8382352941176475,-0.11818181818181818,0,1,0,0
0.40624999999998723,0.08695652173912506,3.6649214659685865,-1.727941176470589,0.5636363636363636,0,1,0,0
0.7187499999999883,0.34782608695650025,-0.17801047120418848,-0.036764705882352956,-0.19090909090909092,0,1,0,0
-0.8750000000000067,-0.652173913043475,0.42408376963350786,-0.7867647058823535,0.3090909090909091,0,0,1,0
1.2812499999999938,1.5217391304347752,-0.41361256544502617,0.2647058823529414,0.4,0,0,1,0
-0.37500000000001554,-0.04347826086957489,1.130890052356021,-0.9411764705882357,-0.44545454545454544,0,1,0,0
-0.8437500000000172,-0.39130434782609985,0.612565445026178,-0.5073529411764707,-0.7181818181818181,0,1,0,0
0.6250000000000022,0.4782608695652002,-0.25654450261780104,0.4926470588235293,-0.9727272727272728,0,1,0,0
0.5624999999999878,0.34782608695650025,-0.08900523560209424,0.01470588235294087,-0.9181818181818182,0,1,0,0
-0.9062500000000139,-0.6956521739130499,0.24607329842931938,0.10294117647058817,0.16363636363636364,0,1,0,0
-0.6562500000000094,-0.5217391304347998,-0.8586387434554974,0.8308823529411766,-0.35454545454545455,0,0,1,0
0.031249999999989453,0.652173913043475,2.5968586387434556,-1.4044117647058831,-0.8,0,1,0,0
-1.0000000000000178,-0.913043478260875,0.225130890052356,-0.6617647058823533,-0.8727272727272727,0,1,0,0
1.0624999999999967,1.17391304347825,-0.518324607329843,1.1544117647058825,-0.20909090909090908,1,0,0,0
-0.9062500000000139,-0.6956521739130499,-0.04712041884816754,-0.036764705882352956,0.6727272727272727,0,1,0,0
0.6250000000000022,0.6086956521739002,2.5340314136125652,-1.4705882352941182,-0.7818181818181819,0,1,0,0
0.15625000000000056,0.3043478260869501,-0.6544502617801047,0.8161764705882357,0.10909090909090909,0,1,0,0
0.7812500000000028,0.9999999999999752,-0.5497382198952879,0.11029411764705888,-0.6090909090909091,0,1,0,0
-0.4375000000000122,-0.17391304347827483,1.0157068062827226,-0.757352941176471,-0.3,1,0,0,0
-1.0625000000000144,-0.913043478260875,-0.27225130890052357,0.7794117647058828,0.8181818181818182,0,1,0,0
0.12499999999999334,0.7826086956521503,-0.6963350785340314,0.3455882352941175,-0.7909090909090909,0,0,1,0
0.3749999999999978,0.43478260869565005,0.29842931937172773,-0.3529411764705887,-0.4727272727272727,0,1,0,0
0.24999999999998668,0.39130434782607515,0.33507853403141363,-0.4264705882352946,0.20909090909090908,0,0,1,0
1.1249999999999933,1.1304347826086751,-0.5654450261780105,1.0147058823529413,0.14545454545454545,0,1,0,0
0.2812499999999939,0.34782608695650025,-0.041884816753926704,-0.20588235294117688,-0.7818181818181819,1,0,0,0
1.093750000000004,1.1304347826086751,3.513089005235602,-1.6544117647058831,-0.6363636363636364,0,0,1,0
-0.81250000000001,-0.43478260869565005,0.193717277486911,-0.11764705882352956,0.6272727272727273,0,0,1,0
-0.7812500000000028,-0.7391304347826249,0.34554973821989526,-0.13235294117647095,-0.12727272727272726,0,0,1,0
0.6874999999999989,0.6956521739130253,3.492146596858639,-1.6102941176470598,-0.14545454545454545,0,1,0,0
-0.6562500000000094,-0.6956521739130499,1.0994764397905759,-1.0882352941176476,0.15454545454545454,0,1,0,0
0.8124999999999922,0.9999999999999752,-0.13612565445026178,0.45588235294117635,1.309090909090909,0,1,0,1
-0.9375000000000033,-0.913043478260875,0.2931937172774869,-0.095588235294118,1.1090909090909091,1,0,0,0
0.06249999999999667,-0.39130434782609985,0.7643979057591623,-0.5661764705882357,-0.5181818181818182,0,1,0,0
0.031249999999989453,-0.17391304347827483,-0.2879581151832461,-0.24264705882352983,-0.8454545454545455,0,1,0,0
-0.5625000000000056,-0.3043478260869748,-0.7696335078534031,0.3897058823529411,-0.1,0,1,0,0
0.5312499999999983,0.2608695652173752,0.49214659685863876,-0.683823529411765,-0.3,0,1,0,0
-0.3437500000000083,0.04347826086955017,0.06806282722513089,-0.3529411764705887,-0.045454545454545456,0,1,0,0
0.6562499999999917,0.521739130434775,0.03664921465968586,-0.22058823529411775,-0.8818181818181818,0,0,1,0
-0.28125000000001166,-0.7391304347826249,-0.9057591623036649,0.8161764705882357,-0.4636363636363636,0,0,1,0
0.031249999999989453,-0.2608695652173999,-0.015706806282722512,0.4117647058823532,-0.16363636363636364,0,0,1,0
0.46875000000000167,0.2608695652173752,0.9424083769633508,-0.7647058823529417,0.21818181818181817,0,1,0,0
-0.06250000000001443,0.13043478260867525,-0.4397905759162304,0.4117647058823532,0.6454545454545455,0,1,0,0
-0.46875000000000167,-0.4782608695652249,-0.17801047120418848,0.4338235294117648,-0.9363636363636364,0,1,0,0
0.24999999999998668,0.39130434782607515,3.832460732984293,-1.7867647058823537,0.44545454545454544,0,1,0,0
0.5624999999999878,0.3043478260869501,-0.5392670157068062,1.330882352941177,-0.2545454545454545,0,1,0,0
-0.5937500000000128,-0.782608695652175,-0.2879581151832461,0.2352941176470586,0.8363636363636363,0,0,1,0
-0.5937500000000128,-0.5217391304347998,-0.7120418848167539,0.3602941176470589,-0.2,0,1,0,0
-0.46875000000000167,-0.43478260869565005,0.4397905759162304,-0.20588235294117688,0.8727272727272727,0,0,1,0
0.12499999999999334,-0.08695652173914978,-0.12041884816753927,-0.007352941176470696,0.37272727272727274,0,1,0,0
0.21874999999999722,0.04347826086955017,1.8167539267015707,-1.2720588235294124,-0.6727272727272727,0,1,0,0
-0.6250000000000022,-0.652173913043475,0.2879581151832461,0.1691176470588234,-0.8454545454545455,0,1,0,0
-0.9375000000000033,-0.8695652173913001,-0.29842931937172773,-0.2573529411764707,1.0909090909090908,0,1,0,0
0.6874999999999989,0.7391304347826001,-0.14659685863874344,0.19852941176470565,-0.6272727272727273,1,0,0,0
0.3125000000000011,0.21739130434782503,0.5654450261780105,-0.3602941176470589,-0.33636363636363636,0,1,0,0
0.09374999999998612,0.17391304347825012,0.39267015706806285,-0.5367647058823535,-0.7363636363636363,0,1,0,0
-0.8750000000000067,-0.6956521739130499,1.0837696335078535,-0.9117647058823535,0.2818181818181818,0,0,1,0
0.7499999999999956,0.17391304347825012,0.08900523560209424,0.08088235294117661,0.42727272727272725,0,1,0,0
0.6562499999999917,0.2608695652173752,0.5130890052356021,-0.5220588235294121,0.5363636363636364,0,0,1,0
-0.9062500000000139,-0.652173913043475,0.6963350785340314,-0.6470588235294121,0.7727272727272727,0,1,0,0
-0.9375000000000033,-1.0,0.6963350785340314,-0.720588235294118,-0.15454545454545454,0,1,0,0
-1.218750000000015,-1.2608695652173998,0.25654450261780104,-0.3897058823529417,-0.9,0,0,1,0
0.06249999999999667,0.5652173913043252,-0.9685863874345549,0.9264705882352946,-0.8545454545454545,0,1,0,0
-0.09375000000000389,-0.39130434782609985,-0.5392670157068062,0.18382352941176477,0.9363636363636364,0,1,0,0
-0.46875000000000167,-0.2608695652173999,-0.43455497382198954,0.7573529411764707,-0.22727272727272727,1,0,0,0
0.5624999999999878,0.3043478260869501,2.1099476439790577,-1.352941176470589,-0.4090909090909091,0,1,0,0
0.6250000000000022,0.3043478260869501,0.32460732984293195,-0.3529411764705887,-0.9181818181818182,0,1,0,0
0.7187499999999883,0.43478260869565005,2.1047120418848166,-1.4117647058823537,-0.2727272727272727,0,1,0,0
-0.46875000000000167,-0.13043478260869995,-0.4397905759162304,0.35294117647058815,0.07272727272727272,0,0,1,0
-1.0000000000000178,-1.0,-1.1413612565445026,0.882352941176471,-0.06363636363636363,0,1,0,0
-0.5625000000000056,-0.6956521739130499,0.8429319371727748,-0.6250000000000002,0.33636363636363636,0,1,0,0
-1.0312500000000073,-0.9565217391304498,-0.8691099476439791,1.2058823529411768,-0.9272727272727272,0,1,0,0
0.6562499999999917,0.4782608695652002,0.9895287958115183,-0.8750000000000006,0.13636363636363635,1,0,0,0
-0.4375000000000122,-0.08695652173914978,-0.518324607329843,0.5147058823529413,-0.39090909090909093,0,1,0,0
-0.5937500000000128,-1.086956521739125,0.041884816753926704,-0.6691176470588239,0.9272727272727272,0,1,0,1
0.12499999999999334,-0.17391304347827483,0.4031413612565445,0.19852941176470565,0.8090909090909091,0,1,0,0
0.8437499999999994,0.21739130434782503,-0.518324607329843,0.22794117647058842,0.8727272727272727,0,1,0,0
0.593749999999995,0.3043478260869501,0.5549738219895288,-0.3602941176470589,-0.9363636363636364,0,0,1,0
-0.28125000000001166,-0.6956521739130499,-0.24083769633507854,0.3382352941176473,0.8,0,1,0,0
-0.28125000000001166,-0.6956521739130499,1.2513089005235603,-0.8235294117647064,0.39090909090909093,0,0,1,0
0.8749999999999889,0.39130434782607515,-0.17801047120418848,0.632352941176471,0.20909090909090908,1,0,0,0
-0.7187500000000061,-0.6956521739130499,-0.2879581151832461,-0.007352941176470696,0.7727272727272727,0,1,0,0
-0.9062500000000139,-0.652173913043475,-0.8795811518324608,0.9485294117647062,-0.6181818181818182,0,1,0,0
-0.81250000000001,-0.652173913043475,0.17277486910994763,-0.10294117647058817,-0.9090909090909091,1,0,0,0
1.093750000000004,1.04347826086955,0.5445026178010471,-0.47058823529411775,-0.8454545454545455,0,0,1,0
-1.0312500000000073,-0.9565217391304498,1.0209424083769634,-0.683823529411765,-0.5363636363636364,0,1,0,0
0.34374999999999056,-0.13043478260869995,1.0785340314136125,-0.9632352941176475,0.4,1,0,0,0
0.21874999999999722,0.9999999999999752,-0.7225130890052356,0.3235294117647059,0.2,0,1,0,0
-0.1250000000000111,-0.21739130434782503,0.2617801047120419,-0.24264705882352983,0.6090909090909091,0,1,0,0
-0.6250000000000022,-1.1739130434782747,-0.8795811518324608,1.1838235294117654,0.7545454545454545,0,0,1,0
-0.9062500000000139,-0.9565217391304498,0.193717277486911,-0.22058823529411775,0.5181818181818182,0,1,0,0
0.06249999999999667,0.13043478260867525,-1.0994764397905759,0.7058823529411768,-0.6363636363636364,0,0,1,0
-0.5625000000000056,-0.4782608695652249,-0.17277486910994763,-0.12500000000000025,-0.8818181818181818,1,0,0,0
0.0,-0.3043478260869748,-0.2617801047120419,0.5514705882352944,-0.7181818181818181,0,1,0,0
-0.06250000000001443,-0.43478260869565005,-0.8272251308900523,1.2279411764705885,-0.8818181818181818,0,0,1,0
0.3749999999999978,0.39130434782607515,0.18848167539267016,-0.23529411764705913,0.9,0,1,0,0
-0.218750000000015,-0.652173913043475,-0.05759162303664921,0.029411764705882262,0.6727272727272727,0,1,0,0
-0.5312500000000161,-0.34782608695652495,-0.5654450261780105,0.5514705882352944,-0.7545454545454545,0,1,0,0
0.6874999999999989,0.6086956521739002,-0.6073298429319371,0.5294117647058822,-0.9545454545454546,0,1,0,0
0.24999999999998668,0.34782608695650025,-0.031413612565445025,0.22794117647058842,-0.4090909090909091,0,1,0,0
-0.406250000000005,-0.6956521739130499,1.219895287958115,-0.8161764705882357,-0.6909090909090909,0,1,0,0
-0.7187500000000061,-1.086956521739125,0.5445026178010471,-0.720588235294118,-0.4090909090909091,0,1,0,0
-0.031250000000007216,-0.2608695652173999,1.968586387434555,-1.3014705882352948,-0.2545454545454545,0,0,1,0
-0.81250000000001,-0.5217391304347998,1.2303664921465969,-1.1838235294117654,0.8,0,1,0,0
-0.7812500000000028,-0.56521739130435,-0.6178010471204188,0.3161764705882352,0.6727272727272727,1,0,0,0
0.6562499999999917,0.43478260869565005,0.06806282722513089,-0.47058823529411775,0.4636363636363636,0,0,1,0
1.1562500000000007,1.2608695652173751,0.680628272251309,-0.5294117647058828,0.9090909090909091,0,1,0,0
0.15625000000000056,0.2608695652173752,-0.5549738219895288,1.0000000000000004,-0.24545454545454545,0,1,0,0
-0.8750000000000067,-0.782608695652175,-1.2303664921465969,1.5073529411764712,0.10909090909090909,0,1,0,0
-0.7812500000000028,-0.652173913043475,0.13612565445026178,0.38235294117647045,-0.8363636363636363,0,1,0,0
0.031249999999989453,0.39130434782607515,4.539267015706806,-1.8676470588235303,0.33636363636363636,0,0,1,0
0.7187499999999883,0.0,0.743455497382199,-0.6250000000000002,-0.12727272727272726,0,1,0,0
1.1249999999999933,0.9999999999999752,1.0418848167539267,-0.6544117647058828,0.33636363636363636,0,1,0,0
-0.09375000000000389,-0.34782608695652495,0.7172774869109948,-0.6617647058823533,0.9454545454545454,0,0,1,0
-0.1250000000000111,0.43478260869565005,0.3717277486910995,-0.2720588235294121,0.2545454545454545,0,1,0,0
-0.81250000000001,-0.3043478260869748,0.7696335078534031,-0.4044117647058825,0.3181818181818182,0,1,0,0
0.43749999999999445,-0.04347826086957489,-0.450261780104712,0.3308823529411766,-0.5272727272727272,0,0,1,0
-0.6250000000000022,-0.8695652173913001,-0.24607329842931938,0.2647058823529414,-0.24545454545454545,0,0,1,0
-0.18750000000000777,0.0,0.4293193717277487,-0.3602941176470589,-0.5181818181818182,0,1,0,0
0.2812499999999939,0.21739130434782503,-0.05235602094240838,-0.1691176470588239,0.9,0,1,0,1
0.4999999999999911,0.2608695652173752,0.8167539267015707,-0.7500000000000006,-0.3090909090909091,0,0,1,0
-0.8750000000000067,-0.7391304347826249,-0.17801047120418848,0.48529411764705915,-0.38181818181818183,0,1,0,0
0.6562499999999917,0.0,-0.4293193717277487,0.3897058823529411,-0.8909090909090909,0,0,1,0
1.093750000000004,1.17391304347825,0.9738219895287958,-0.5147058823529413,-0.8272727272727273,0,0,1,0
-0.5000000000000089,-0.21739130434782503,0.39790575916230364,-0.48529411764705915,-0.14545454545454545,1,0,0,0
0.15625000000000056,0.04347826086955017,-0.9685863874345549,0.8014705882352944,-0.9,0,1,0,0
0.6250000000000022,0.21739130434782503,0.07329842931937172,-0.0882352941176473,-0.9545454545454546,0,0,1,0
-0.9375000000000033,-0.8260869565217499,4.0,-1.7941176470588245,0.6727272727272727,0,1,0,0
-0.218750000000015,-0.652173913043475,-0.4607329842931937,1.198529411764706,0.6181818181818182,0,1,0,0
0.2812499999999939,0.2608695652173752,-1.0628272251308901,1.2573529411764712,0.6090909090909091,0,1,0,0
-0.6875000000000167,-0.6956521739130499,-0.6282722513089005,0.3308823529411766,0.7,1,0,0,0
0.5624999999999878,0.3043478260869501,-0.39790575916230364,0.558823529411765,-0.13636363636363635,0,1,0,0
-0.218750000000015,-0.34782608695652495,-0.5863874345549738,0.4779411764705884,0.7090909090909091,0,1,0,0
-0.25000000000000444,0.13043478260867525,0.03664921465968586,0.39705882352941185,-0.7272727272727273,1,0,0,0
-0.031250000000007216,0.6086956521739002,-0.3036649214659686,0.11029411764705888,-0.23636363636363636,0,1,0,0
-0.5937500000000128,-0.43478260869565005,0.3403141361256545,-0.2794117647058828,0.5363636363636364,0,1,0,0
0.24999999999998668,0.7826086956521503,3.3350785340314135,-1.7352941176470598,-0.5818181818181818,1,0,0,0
-0.15625000000000056,0.34782608695650025,-0.16230366492146597,0.058823529411764525,0.2727272727272727,0,1,0,0
-0.5000000000000089,-0.21739130434782503,-0.005235602094240838,-0.05147058823529435,-0.20909090909090908,0,0,1,0
0.15625000000000056,-0.04347826086957489,-0.2513089005235602,0.022058823529411565,0.5909090909090909,0,1,0,0
-0.3125000000000011,0.21739130434782503,0.387434554973822,-0.22058823529411775,-0.5727272727272728,0,1,0,0
0.7499999999999956,0.08695652173912506,0.9685863874345549,-0.6250000000000002,-0.37272727272727274,0,1,0,0
-0.37500000000001554,-0.04347826086957489,-0.6544502617801047,0.676470588235294,-0.8090909090909091,0,1,0,0
-0.5000000000000089,-0.34782608695652495,1.350785340314136,-0.9485294117647064,-0.5272727272727272,0,0,1,0
-0.81250000000001,-0.8260869565217499,-0.07329842931937172,0.04411764705882365,0.3090909090909091,0,1,0,0
-0.7500000000000133,-0.4782608695652249,0.14659685863874344,0.1691176470588234,-0.6272727272727273,0,0,1,0
-0.8437500000000172,-0.8260869565217499,-0.7539267015706806,0.5,0.8363636363636363,1,0,0,0
0.4999999999999911,0.21739130434782503,0.8219895287958116,-0.8382352941176475,-0.37272727272727274,0,1,0,0
0.2812499999999939,0.7826086956521503,2.020942408376963,-1.2205882352941182,0.8272727272727273,0,1,0,0
0.6874999999999989,0.0,-0.7853403141361257,0.7941176470588237,-0.6454545454545455,0,1,0,1
-0.5625000000000056,-0.43478260869565005,0.5916230366492147,-0.6617647058823533,0.8,0,1,0,0
-0.28125000000001166,-0.43478260869565005,0.0,-0.39705882352941185,-0.9181818181818182,0,0,1,0
-0.81250000000001,-0.913043478260875,0.29842931937172773,-0.08088235294117661,0.3090909090909091,0,0,1,0
-0.15625000000000056,-0.39130434782609985,-0.42408376963350786,-0.02205882352941209,1.018181818181818,0,1,0,0
0.12499999999999334,0.5652173913043252,1.256544502617801,-0.9191176470588239,-0.5545454545454546,0,0,1,0
-0.9062500000000139,-0.9565217391304498,0.675392670157068,-0.19117647058823548,0.44545454545454544,0,0,1,0
0.0,-0.34782608695652495,-0.8534031413612565,1.1691176470588238,0.20909090909090908,0,1,0,0
-0.6562500000000094,-0.6956521739130499,0.93717277486911,-0.5220588235294121,-0.44545454545454544,0,0,1,0
-0.7812500000000028,-0.21739130434782503,-0.4397905759162304,0.595588235294118,0.9818181818181818,1,0,0,0
0.18749999999999,0.34782608695650025,0.7696335078534031,-0.7867647058823535,-0.045454545454545456,0,1,0,0
0.21874999999999722,0.7826086956521503,-0.02617801047120419,-0.058823529411765045,-0.7636363636363637,0,1,0,0
0.9062499999999961,0.4782608695652002,-0.6335078534031413,0.7647058823529413,0.8727272727272727,0,1,0,0
0.5624999999999878,0.2608695652173752,0.041884816753926704,-0.18382352941176477,-0.33636363636363636,0,0,1,0
-0.6875000000000167,-1.043478260869575,-0.20418848167539266,0.22794117647058842,-0.09090909090909091,1,0,0,0
0.40624999999998723,0.21739130434782503,-0.23036649214659685,0.5,-0.7272727272727273,0,0,1,0
-0.5312500000000161,-0.782608695652175,-0.42408376963350786,0.19117647058823548,0.7181818181818181,0,1,0,0
-0.031250000000007216,-0.34782608695652495,-0.4712041884816754,0.04411764705882365,0.09090909090909091,0,0,1,0
0.12499999999999334,-0.2608695652173999,-0.9581151832460733,0.7205882352941178,-0.43636363636363634,0,0,1,0
0.06249999999999667,0.521739130434775,-0.6596858638743456,1.0073529411764708,0.16363636363636364,0,0,1,0
0.15625000000000056,-0.04347826086957489,-0.3403141361256545,1.0073529411764708,-0.03636363636363636,0,1,0,0
-0.6875000000000167,-1.0,-0.020942408376963352,-0.19117647058823548,-0.2636363636363636,0,1,0,0
-0.406250000000005,-0.21739130434782503,-0.3193717277486911,0.7279411764705884,-0.02727272727272727,0,1,0,0
-1.406250000000005,-1.782608695652175,0.34554973821989526,0.022058823529411565,0.6090909090909091,0,1,0,0
-0.7500000000000133,-0.39130434782609985,1.198952879581152,-0.8308823529411768,0.4090909090909091,0,0,1,0
0.06249999999999667,0.6086956521739002,1.0052356020942408,-1.0661764705882357,-0.5818181818181818,0,1,0,0
0.031249999999989453,0.652173913043475,0.03664921465968586,0.5441176470588237,0.35454545454545455,0,0,1,0
-0.406250000000005,-0.04347826086957489,-0.47643979057591623,0.45588235294117635,0.0,0,1,0,0
-0.46875000000000167,-0.3043478260869748,-0.9842931937172775,1.132352941176471,-0.7181818181818181,0,1,0,0
-0.7500000000000133,-1.217391304347825,-0.7225130890052356,0.6691176470588239,-0.6454545454545455,0,0,1,0
-0.8437500000000172,-0.8260869565217499,0.7120418848167539,-0.4632352941176476,-0.6181818181818182,0,1,0,0
0.7499999999999956,0.6086956521739002,-0.11518324607329843,0.07352941176470591,0.9818181818181818,0,0,1,0
-0.031250000000007216,-0.21739130434782503,-0.2670157068062827,0.4338235294117648,-0.509090909090909,0,1,0,0
-1.093750000000004,-1.1304347826087,1.2094240837696335,-0.9632352941176475,-0.5181818181818182,0,0,1,0
0.7812500000000028,0.9565217391304252,-0.25654450261780104,1.0808823529411766,1.3272727272727274,0,0,1,1
-0.5937500000000128,-0.56521739130435,-1.0523560209424083,1.4926470588235299,-0.6636363636363637,0,1,0,0
-1.3437500000000084,-1.56521739130435,0.3403141361256545,-0.36764705882352955,0.03636363636363636,0,1,0,0
-0.8437500000000172,-0.7391304347826249,-0.7015706806282722,0.7720588235294121,1.0272727272727273,0,1,0,1
0.34374999999999056,0.21739130434782503,-0.7905759162303665,0.8750000000000002,-0.34545454545454546,1,0,0,0
0.21874999999999722,0.7391304347826001,2.225130890052356,-1.3455882352941182,0.9272727272727272,0,1,0,0
0.21874999999999722,0.2608695652173752,2.2041884816753927,-1.3014705882352948,-0.6454545454545455,0,0,1,0
0.4999999999999911,0.04347826086955017,0.612565445026178,-0.683823529411765,-0.5909090909090909,1,0,0,0
0.593749999999995,0.39130434782607515,-0.43455497382198954,0.4264705882352941,0.33636363636363636,0,1,0,0
0.09374999999998612,0.6956521739130253,0.05235602094240838,-0.007352941176470696,-0.509090909090909,0,1,0,0
0.15625000000000056,0.6956521739130253,0.16753926701570682,-0.5000000000000006,-0.13636363636363635,1,0,0,0
-0.9062500000000139,-0.782608695652175,-0.9267015706806283,1.2573529411764712,-0.06363636363636363,0,0,1,0
-0.3437500000000083,-0.6956521739130499,0.2931937172774869,-0.14705882352941183,0.7909090909090909,0,1,0,0
0.7187499999999883,0.7391304347826001,0.28272251308900526,-0.632352941176471,-0.5272727272727272,0,0,1,0
-0.9375000000000033,-0.913043478260875,0.9790575916230366,-1.0661764705882357,0.4727272727272727,0,0,1,0
-0.25000000000000444,-0.6956521739130499,0.450261780104712,-0.5441176470588237,-0.3,0,1,0,0
-0.406250000000005,-0.5217391304347998,0.1256544502617801,-0.5661764705882357,0.7454545454545455,0,1,0,0
-0.81250000000001,-0.6956521739130499,-0.09947643979057591,0.3382352941176473,-0.6090909090909091,0,0,1,0
-0.5625000000000056,-0.8695652173913001,1.7643979057591623,-1.36764705882353,-0.17272727272727273,0,1,0,0
0.3125000000000011,-0.04347826086957489,-0.36649214659685864,0.5882352941176473,-0.8454545454545455,0,0,1,0
0.6250000000000022,0.4782608695652002,-0.225130890052356,0.5,0.8272727272727273,0,1,0,0
0.21874999999999722,-0.08695652173914978,2.816753926701571,-1.5367647058823537,0.7909090909090909,1,0,0,0
0.21874999999999722,0.7826086956521503,-0.3769633507853403,0.6176470588235295,-0.7454545454545455,1,0,0,0
0.18749999999999,0.13043478260867525,-0.7172774869109948,0.9191176470588239,0.8909090909090909,0,1,0,0
0.593749999999995,0.4782608695652002,-0.3612565445026178,0.35294117647058815,-0.8363636363636363,0,1,0,0
-0.09375000000000389,-0.04347826086957489,0.675392670157068,-0.47058823529411775,0.5909090909090909,0,0,1,0
-0.09375000000000389,0.521739130434775,1.1727748691099475,-0.7426470588235299,-0.7545454545454545,0,1,0,0
0.3125000000000011,0.521739130434775,1.743455497382199,-1.2720588235294124,-0.6909090909090909,0,0,1,0
-0.81250000000001,-0.5217391304347998,-0.5916230366492147,0.5367647058823529,0.7272727272727273,0,1,0,0
0.09374999999998612,-0.3043478260869748,-0.7382198952879581,0.14705882352941183,0.6818181818181818,0,0,1,0
0.4999999999999911,0.39130434782607515,-1.0052356020942408,0.4926470588235293,0.2636363636363636,0,0,1,0
-0.5937500000000128,-0.782608695652175,-0.5287958115183246,0.8014705882352944,0.3090909090909091,0,1,0,0
-0.218750000000015,-0.6956521739130499,1.7905759162303665,-1.264705882352942,-0.2818181818181818,0,1,0,0
0.21874999999999722,0.13043478260867525,0.07853403141361257,-0.3014705882352943,-0.43636363636363634,0,0,1,0
-1.0000000000000178,-0.9565217391304498,-0.6178010471204188,0.3455882352941175,0.33636363636363636,0,0,1,0
0.06249999999999667,-0.08695652173914978,-0.5759162303664922,1.1764705882352946,-0.8636363636363636,0,1,0,0
-0.6250000000000022,-0.4782608695652249,-0.34554973821989526,-0.286764705882353,-0.10909090909090909,0,1,0,0
0.031249999999989453,0.5652173913043252,-0.041884816753926704,0.2573529411764707,-0.10909090909090909,0,1,0,0
-0.37500000000001554,-0.08695652173914978,0.45549738219895286,-0.6470588235294121,-0.08181818181818182,0,1,0,0
0.5312499999999983,0.2608695652173752,0.7382198952879581,-0.4926470588235298,-0.35454545454545455,0,1,0,0
0.06249999999999667,-0.21739130434782503,-0.4397905759162304,0.17647058823529407,0.2727272727272727,0,0,1,0
-0.5937500000000128,-0.782608695652175,2.869109947643979,-1.5367647058823537,-0.15454545454545454,0,1,0,0
-0.81250000000001,-0.21739130434782503,-1.0,0.7794117647058828,-0.9727272727272728,0,1,0,0
-0.031250000000007216,-0.39130434782609985,0.3298429319371728,-0.41911764705882393,-0.8090909090909091,0,1,0,0
1.093750000000004,1.086956521739125,-0.005235602094240838,-0.04411764705882365,-0.03636363636363636,0,1,0,0
0.12499999999999334,-0.3043478260869748,0.7958115183246073,-0.5882352941176473,-0.6363636363636364,0,0,1,0
0.7499999999999956,0.8260869565217251,-0.7643979057591623,0.13970588235294112,0.6545454545454545,1,0,0,0
0.7187499999999883,0.5652173913043252,0.900523560209424,-0.7720588235294121,0.19090909090909092,0,0,1,0
-0.8437500000000172,-0.6956521739130499,0.9895287958115183,-0.4264705882352946,-0.21818181818181817,0,1,0,0
-0.09375000000000389,-0.34782608695652495,0.837696335078534,-0.3602941176470589,0.9181818181818182,0,0,1,0
-0.3437500000000083,-0.652173913043475,-0.9109947643979057,1.5000000000000004,0.11818181818181818,0,1,0,0
0.5624999999999878,0.2608695652173752,-0.16230366492146597,0.5073529411764707,-0.3090909090909091,0,0,1,0
0.0,-0.43478260869565005,0.2513089005235602,-0.47058823529411775,0.9727272727272728,0,1,0,0
-0.5937500000000128,-0.5217391304347998,-0.8743455497382199,0.3602941176470589,-0.37272727272727274,0,1,0,0
-0.46875000000000167,-0.39130434782609985,-1.0052356020942408,0.4779411764705884,-0.5727272727272728,0,0,1,0
-0.15625000000000056,-0.34782608695652495,0.2617801047120419,-0.5661764705882357,0.045454545454545456,0,0,1,0
-0.6250000000000022,-0.5217391304347998,-0.450261780104712,-0.06617647058823521,-0.38181818181818183,0,0,1,0
-0.46875000000000167,-0.4782608695652249,-0.24607329842931938,0.558823529411765,-0.9727272727272728,0,1,0,0
-0.18750000000000777,0.0,-0.7539267015706806,1.5441176470588243,-0.36363636363636365,0,0,1,0
0.2812499999999939,0.652173913043475,-0.2198952879581152,0.036764705882352956,0.42727272727272725,0,1,0,0
0.09374999999998612,-0.08695652173914978,-0.6649214659685864,0.25,-0.3,0,1,0,0
0.6562499999999917,0.5652173913043252,-0.3717277486910995,0.38235294117647045,-0.6727272727272727,0,0,1,0
0.40624999999998723,0.21739130434782503,-0.23036649214659685,-0.3750000000000003,-0.18181818181818182,0,0,1,0
-0.218750000000015,-0.34782608695652495,-0.7172774869109948,0.6102941176470589,0.08181818181818182,0,1,0,0
-0.4375000000000122,-0.13043478260869995,0.225130890052356,0.058823529411764525,0.01818181818181818,0,1,0,0
-0.406250000000005,-0.17391304347827483,-0.12041884816753927,-0.14705882352941183,0.45454545454545453,0,0,1,0
-0.5625000000000056,-0.8695652173913001,0.010471204188481676,0.4411764705882355,-0.24545454545454545,0,1,0,0
0.7499999999999956,0.5652173913043252,0.6596858638743456,-0.6176470588235299,1.0727272727272728,0,0,1,0
-0.6562500000000094,-0.5217391304347998,-0.5078534031413613,0.058823529411764525,-0.2727272727272727,0,1,0,0
-0.7187500000000061,-0.39130434782609985,-0.5392670157068062,1.235294117647059,-0.6636363636363637,0,1,0,0
-0.8437500000000172,-0.6956521739130499,-0.5968586387434555,-0.06617647058823521,-0.4818181818181818,0,1,0,0
0.593749999999995,0.521739130434775,1.162303664921466,-0.9117647058823535,-0.7636363636363637,0,0,1,0
-0.28125000000001166,-0.7391304347826249,-0.3507853403141361,0.12499999999999974,-0.7181818181818181,0,1,0,0
-0.5937500000000128,-1.086956521739125,-0.7015706806282722,1.058823529411765,-0.22727272727272727,0,1,0,0
-0.5625000000000056,-0.21739130434782503,0.9319371727748691,-0.9558823529411768,0.7909090909090909,0,0,1,0
0.18749999999999,0.43478260869565005,-0.39790575916230364,0.75,0.2727272727272727,0,1,0,0
0.40624999999998723,0.3043478260869501,1.0209424083769634,-0.7720588235294121,-0.07272727272727272,0,1,0,0
-1.0000000000000178,-1.043478260869575,0.7853403141361257,-0.30882352941176505,0.6363636363636364,0,1,0,0
-1.406250000000005,-1.7391304347826002,0.774869109947644,-0.882352941176471,0.02727272727272727,0,0,1,0
-0.5000000000000089,-0.652173913043475,2.06282722513089,-1.4632352941176479,-0.5181818181818182,0,0,1,0
-0.6875000000000167,-0.9565217391304498,-0.5078534031413613,1.3529411764705888,-0.12727272727272726,1,0,0,0
0.34374999999999056,0.21739130434782503,1.612565445026178,-1.1838235294117654,-0.20909090909090908,0,1,0,0
0.2812499999999939,0.9130434782608502,0.03664921465968586,-0.014705882352941391,-0.41818181818181815,0,1,0,0
-0.5937500000000128,-0.56521739130435,0.743455497382199,-0.8750000000000006,-0.44545454545454544,0,0,1,0
-0.6875000000000167,-0.6086956521739249,1.2984293193717278,-0.9926470588235299,0.03636363636363636,0,0,1,0
-0.031250000000007216,0.5652173913043252,0.15706806282722513,0.18382352941176477,0.6636363636363637,0,0,1,0
0.46875000000000167,-0.13043478260869995,0.44502617801047123,-0.45588235294117685,-0.16363636363636364,0,1,0,0
0.6874999999999989,0.34782608695650025,0.6492146596858639,-0.5735294117647064,-0.9727272727272728,0,0,1,0
0.06249999999999667,0.6956521739130253,0.2513089005235602,-0.2720588235294121,-0.20909090909090908,0,0,1,0
-1.406250000000005,-1.7391304347826002,-0.44502617801047123,0.4485294117647062,-0.7545454545454545,0,0,1,0
0.15625000000000056,0.7391304347826001,0.7801047120418848,-0.9485294117647064,-0.5,0,1,0,0
-0.031250000000007216,-0.21739130434782503,-0.3769633507853403,0.558823529411765,-0.6181818181818182,0,1,0,0
-0.8437500000000172,-0.5217391304347998,-0.015706806282722512,0.45588235294117635,0.2727272727272727,0,0,1,0
-0.7187500000000061,-0.9565217391304498,1.1675392670157068,-0.9411764705882357,-0.6545454545454545,0,0,1,0
-0.09375000000000389,0.4782608695652002,3.345549738219895,-1.727941176470589,0.33636363636363636,0,1,0,0
0.24999999999998668,-0.04347826086957489,-0.45549738219895286,0.4779411764705884,0.8545454545454545,0,0,1,0
-0.8750000000000067,-0.7391304347826249,1.8900523560209423,-1.2500000000000004,-0.15454545454545454,1,0,0,0
-0.5000000000000089,-0.8260869565217499,-0.3089005235602094,0.029411764705882262,0.5727272727272728,0,1,0,0
-0.81250000000001,-0.652173913043475,-0.774869109947644,1.382352941176471,0.2818181818181818,1,0,0,0
-0.8437500000000172,-0.7391304347826249,-0.8481675392670157,0.8897058823529417,-0.5272727272727272,0,1,0,0
0.3125000000000011,0.9999999999999752,1.6020942408376964,-1.1029411764705888,0.17272727272727273,0,0,1,0
-0.25000000000000444,-0.6956521739130499,-0.518324607329843,0.6838235294117648,-0.12727272727272726,0,0,1,0
-0.06250000000001443,-0.04347826086957489,-0.2931937172774869,0.4264705882352941,0.5,0,1,0,0
-0.81250000000001,-0.5217391304347998,-0.16753926701570682,-0.17647058823529407,0.8181818181818182,1,0,0,0
-0.7812500000000028,-0.652173913043475,0.8429319371727748,-0.7352941176470591,-0.23636363636363636,0,1,0,0
-0.031250000000007216,0.6086956521739002,1.287958115183246,-0.8676470588235299,-0.21818181818181817,0,1,0,0
-0.5625000000000056,-0.8695652173913001,0.13089005235602094,-0.45588235294117685,-0.22727272727272727,0,1,0,0
-0.6875000000000167,-0.4782608695652249,0.3089005235602094,-0.3161764705882357,-0.6090909090909091,0,1,0,0
-0.5000000000000089,-0.56521739130435,-0.8952879581151832,1.3970588235294124,0.07272727272727272,0,1,0,0
-0.8437500000000172,-0.6086956521739249,0.09947643979057591,0.45588235294117635,0.35454545454545455,1,0,0,0
0.0,-0.34782608695652495,0.5916230366492147,-0.595588235294118,0.8363636363636363,0,1,0,0
-0.09375000000000389,-0.3043478260869748,-0.225130890052356,-0.19852941176470618,-0.7454545454545455,0,1,0,0
-1.1562500000000184,-1.1304347826087,-0.900523560209424,0.5661764705882352,-0.07272727272727272,0,1,0,0
-0.25000000000000444,-0.56521739130435,0.7539267015706806,-0.5294117647058828,0.5909090909090909,0,1,0,0
0.031249999999989453,0.652173913043475,0.041884816753926704,-0.3235294117647059,0.4818181818181818,0,1,0,0
-0.3437500000000083,-0.43478260869565005,0.10471204188481675,-0.11029411764705888,0.6363636363636364,0,1,0,0
-0.4375000000000122,-0.13043478260869995,-0.35602094240837695,0.6397058823529411,-0.32727272727272727,0,0,1,0
-1.2812500000000118,-1.5217391304347752,0.6544502617801047,-0.24264705882352983,0.12727272727272726,0,0,1,0
-0.7187500000000061,-1.2608695652173998,-0.7958115183246073,1.1911764705882355,0.6090909090909091,0,1,0,0
0.3749999999999978,0.3043478260869501,-0.04712041884816754,-0.3529411764705887,-0.4818181818181818,0,0,1,0
0.43749999999999445,0.17391304347825012,0.5654450261780105,-0.4632352941176476,0.33636363636363636,0,1,0,0
-0.25000000000000444,-0.4782608695652249,1.198952879581152,-0.7647058823529417,0.3090909090909091,1,0,0,0
1.2812499999999938,1.4347826086956252,0.7382198952879581,-0.6176470588235299,-0.7636363636363637,0,1,0,0
-0.1250000000000111,-0.43478260869565005,-0.10471204188481675,0.07352941176470591,0.9181818181818182,0,1,0,0
1.093750000000004,0.9565217391304252,0.6649214659685864,-0.5661764705882357,1.0545454545454545,0,0,1,0
0.12499999999999334,-0.04347826086957489,-0.27225130890052357,0.6250000000000002,0.9181818181818182,0,1,0,0
-0.46875000000000167,0.04347826086955017,0.34554973821989526,-0.2794117647058828,-0.8818181818181818,0,1,0,0
-0.4375000000000122,-0.21739130434782503,-1.3036649214659686,1.2500000000000004,0.15454545454545454,0,0,1,0
-0.406250000000005,-0.21739130434782503,0.3769633507853403,-0.41911764705882393,0.38181818181818183,0,0,1,0
-0.5000000000000089,-0.34782608695652495,0.25654450261780104,-0.24264705882352983,0.23636363636363636,0,0,1,0
0.5624999999999878,0.13043478260867525,0.5235602094240838,-0.18382352941176477,-0.34545454545454546,0,1,0,0
-0.031250000000007216,-0.43478260869565005,-0.5340314136125655,0.3235294117647059,-0.9727272727272728,0,1,0,0
0.5624999999999878,0.3043478260869501,0.31413612565445026,-0.06617647058823521,-0.6181818181818182,0,0,1,0
-0.9062500000000139,-0.9565217391304498,-1.0157068062827226,0.6985294117647062,0.5454545454545454,0,1,0,0
-1.3750000000000155,-1.652173913043475,-0.06806282722513089,-0.4264705882352946,-0.09090909090909091,0,1,0,0
-0.5312500000000161,-0.2608695652173999,0.05759162303664921,-0.095588235294118,0.19090909090909092,0,0,1,0
-0.06250000000001443,0.17391304347825012,0.18848167539267016,-0.5367647058823535,0.9636363636363636,0,1,0,0
0.8749999999999889,0.9565217391304252,0.031413612565445025,0.4926470588235293,0.6181818181818182,1,0,0,0
0.6874999999999989,0.521739130434775,-0.33507853403141363,0.12499999999999974,-0.1,0,1,0,0
-0.81250000000001,-0.652173913043475,0.17277486910994763,-0.08088235294117661,0.8636363636363636,0,1,0,0
-0.7187500000000061,-0.782608695652175,-0.13612565445026178,0.3455882352941175,0.5727272727272728,0,1,0,0
-1.0000000000000178,-1.0,-0.4031413612565445,0.7794117647058828,0.20909090909090908,0,0,1,0
-0.5625000000000056,-0.7391304347826249,-0.06806282722513089,0.11764705882352956,0.5727272727272728,0,1,0,0
0.8749999999999889,1.04347826086955,2.094240837696335,-1.389705882352942,-0.7636363636363637,0,0,1,0
0.18749999999999,-0.08695652173914978,-0.6282722513089005,0.3235294117647059,0.6272727272727273,0,1,0,0
0.40624999999998723,0.4782608695652002,1.1727748691099475,-1.0000000000000004,-0.5818181818181818,0,0,1,0
0.09374999999998612,-0.21739130434782503,0.31413612565445026,-0.4485294117647062,-0.9181818181818182,0,0,1,0
0.5624999999999878,0.34782608695650025,0.45549738219895286,-0.4264705882352946,-0.00909090909090909,1,0,0,0
-0.8437500000000172,-0.7391304347826249,-0.1518324607329843,0.2573529411764707,-0.9363636363636364,0,1,0,0
-0.5937500000000128,-0.4782608695652249,-0.7853403141361257,0.75,0.39090909090909093,0,0,1,0
0.6562499999999917,0.43478260869565005,-0.7958115183246073,0.6250000000000002,0.02727272727272727,0,1,0,0
0.5624999999999878,0.17391304347825012,-0.16230366492146597,-0.029411764705882262,0.7272727272727273,1,0,0,0
-0.09375000000000389,-0.39130434782609985,-0.33507853403141363,-0.29411764705882365,0.8727272727272727,0,1,0,0
-0.6562500000000094,-1.086956521739125,-0.16230366492146597,0.48529411764705915,0.08181818181818182,0,0,1,0
-0.406250000000005,-0.6086956521739249,0.2094240837696335,-0.13970588235294112,-0.5727272727272728,0,0,1,0
-0.3437500000000083,0.13043478260867525,-0.8586387434554974,0.6985294117647062,-0.11818181818181818,0,1,0,0
0.8124999999999922,0.9130434782608502,-0.6649214659685864,0.9338235294117648,0.5181818181818182,0,1,0,0
0.5624999999999878,0.17391304347825012,0.45549738219895286,0.01470588235294087,0.20909090909090908,0,0,1,0
0.6874999999999989,0.3043478260869501,-0.19895287958115182,0.2720588235294116,-0.9090909090909091,0,1,0,0
-0.6875000000000167,-1.086956521739125,1.2774869109947644,-1.0882352941176476,0.2636363636363636,0,1,0,0
-1.4375000000000122,-1.7391304347826002,0.36649214659685864,-0.36764705882352955,0.2,0,1,0,0
-0.8437500000000172,-0.7391304347826249,-0.4293193717277487,0.4338235294117648,0.15454545454545454,0,1,0,0
0.34374999999999056,0.34782608695650025,-0.4712041884816754,0.7352941176470591,0.3090909090909091,0,1,0,0
-0.3437500000000083,0.21739130434782503,0.4397905759162304,-0.4338235294117648,0.3090909090909091,0,0,1,0
1.0624999999999967,1.2173913043478004,0.3612565445026178,0.3382352941176473,-0.20909090909090908,0,0,1,0
0.031249999999989453,-0.17391304347827483,-0.4973821989528796,0.286764705882353,0.33636363636363636,0,0,1,0
0.6562499999999917,0.6086956521739002,-0.1256544502617801,-0.04411764705882365,-0.6454545454545455,0,0,1,0
0.40624999999998723,0.3043478260869501,0.5602094240837696,-0.4044117647058825,0.7272727272727273,0,1,0,0
-0.81250000000001,-0.782608695652175,0.8952879581151832,-0.7426470588235299,-0.4818181818181818,1,0,0,0
0.4999999999999911,0.43478260869565005,0.6020942408376964,-0.25,0.07272727272727272,0,0,1,0
0.09374999999998612,0.7391304347826001,-0.36649214659685864,0.15441176470588253,-0.8454545454545455,0,1,0,0
-0.09375000000000389,-0.21739130434782503,0.12041884816753927,0.11764705882352956,-0.2,0,1,0,0
0.06249999999999667,0.08695652173912506,0.6596858638743456,-0.4411764705882355,-0.5,0,1,0,0
-0.218750000000015,-0.39130434782609985,0.6178010471204188,-0.4117647058823532,-0.5363636363636364,0,1,0,0
0.6250000000000022,0.0,-0.2931937172774869,0.4779411764705884,0.5636363636363636,0,1,0,0
-0.1250000000000111,0.39130434782607515,0.015706806282722512,0.19117647058823548,-0.2,0,0,1,0
-0.6562500000000094,-1.043478260869575,-0.05759162303664921,-0.10294117647058817,0.8636363636363636,0,1,0,0
-0.5937500000000128,-0.782608695652175,-0.2356020942408377,0.12499999999999974,0.22727272727272727,0,1,0,0
1.1562500000000007,1.30434782608695,0.10471204188481675,-0.02205882352941209,0.39090909090909093,0,1,0,0
-0.37500000000001554,0.04347826086955017,-0.3036649214659686,-0.007352941176470696,0.2,0,1,0,0
-0.37500000000001554,-0.7391304347826249,1.6963350785340314,-1.0294117647058827,-0.9272727272727272,0,0,1,0
0.5312499999999983,0.04347826086955017,-0.34554973821989526,0.1617647058823527,-0.9727272727272728,0,0,1,0
-0.3125000000000011,-0.7391304347826249,0.9947643979057592,-0.6250000000000002,-0.38181818181818183,0,1,0,0
-0.406250000000005,-0.5217391304347998,-0.2513089005235602,0.08823529411764679,0.9181818181818182,0,1,0,1
0.7812500000000028,0.13043478260867525,-0.7225130890052356,1.9632352941176476,-0.24545454545454545,0,1,0,1
0.0,-0.2608695652173999,-0.7853403141361257,0.7941176470588237,-0.6636363636363637,0,1,0,0
0.5312499999999983,0.43478260869565005,-0.041884816753926704,-0.23529411764705913,0.8181818181818182,0,1,0,0
-0.7812500000000028,-0.782608695652175,0.7591623036649214,-0.808823529411765,0.24545454545454545,0,0,1,0
0.5624999999999878,-0.17391304347827483,1.130890052356021,-0.6029411764705886,-0.9727272727272728,0,1,0,0
1.0,1.1304347826086751,0.7329842931937173,-0.6911764705882357,0.3181818181818182,0,1,0,0
1.0,0.652173913043475,-0.09947643979057591,0.3308823529411766,1.0545454545454545,0,1,0,0
-0.3437500000000083,0.08695652173912506,0.8324607329842932,-0.4779411764705884,-0.36363636363636365,0,0,1,0
-0.8437500000000172,-0.782608695652175,1.837696335078534,-1.3455882352941182,-0.7545454545454545,0,1,0,0
-0.37500000000001554,0.17391304347825012,-0.387434554973822,-0.014705882352941391,-0.8,1,0,0,0
0.5624999999999878,0.34782608695650025,-0.24607329842931938,0.2573529411764707,-0.5636363636363636,0,0,1,0
0.2812499999999939,0.2608695652173752,-0.20418848167539266,0.4191176470588234,0.7,0,1,0,0
-0.28125000000001166,-0.6086956521739249,0.05759162303664921,0.13235294117647042,0.8090909090909091,0,1,0,0
-0.9062500000000139,-0.652173913043475,-0.3089005235602094,0.07352941176470591,-0.4636363636363636,0,0,1,0
-0.28125000000001166,-0.43478260869565005,-0.18324607329842932,0.4044117647058825,-0.9545454545454546,0,1,0,0
0.09374999999998612,-0.21739130434782503,0.2094240837696335,-0.14705882352941183,0.9272727272727272,0,1,0,0
0.7187499999999883,0.43478260869565005,0.39267015706806285,-0.5735294117647064,0.8090909090909091,1,0,0,0
0.3749999999999978,0.17391304347825012,-0.5916230366492147,0.4191176470588234,-0.4,0,1,0,0
0.7187499999999883,0.7391304347826001,-0.2879581151832461,0.2426470588235293,0.3090909090909091,0,1,0,0
-0.8750000000000067,-0.913043478260875,0.07853403141361257,-0.3014705882352943,-0.43636363636363634,0,1,0,0
-0.5937500000000128,-0.4782608695652249,0.02617801047120419,0.029411764705882262,0.7727272727272727,0,0,1,0
-0.7500000000000133,-0.782608695652175,0.23036649214659685,-0.24264705882352983,-0.3,0,0,1,0
0.06249999999999667,0.7391304347826001,-0.10471204188481675,0.36764705882352955,0.6727272727272727,0,0,1,0
-0.18750000000000777,-0.43478260869565005,-0.8743455497382199,0.14705882352941183,1.0,0,1,0,0
0.21874999999999722,-0.3043478260869748,-0.1518324607329843,0.04411764705882365,-0.02727272727272727,1,0,0,0
0.09374999999998612,-0.13043478260869995,-0.8429319371727748,0.9117647058823533,-0.35454545454545455,0,1,0,0
-0.4375000000000122,0.0,0.7382198952879581,-0.4411764705882355,-0.5545454545454546,0,0,1,0
0.3749999999999978,0.43478260869565005,0.005235602094240838,-0.07352941176470591,-0.9545454545454546,0,1,0,0
-1.3750000000000155,-1.652173913043475,1.094240837696335,-0.8529411764705886,-0.5818181818181818,0,0,1,0
0.09374999999998612,0.2608695652173752,0.8010471204188482,-0.2794117647058828,0.18181818181818182,1,0,0,0
1.1249999999999933,1.04347826086955,0.08900523560209424,-0.3308823529411766,0.42727272727272725,1,0,0,0
0.0,-0.43478260869565005,-0.7853403141361257,1.36764705882353,-0.19090909090909092,0,1,0,0
-0.5937500000000128,-0.5217391304347998,1.0785340314136125,-0.882352941176471,-0.23636363636363636,0,1,0,0
-0.6250000000000022,-1.0,0.0,0.3382352941176473,-0.4818181818181818,0,0,1,0
1.093750000000004,1.04347826086955,-0.3769633507853403,0.6544117647058825,0.5,0,1,0,0
0.18749999999999,0.7826086956521503,-0.7172774869109948,1.1029411764705888,-0.6454545454545455,0,0,1,0
1.1249999999999933,0.9565217391304252,-0.6230366492146597,0.4264705882352941,0.12727272727272726,0,1,0,0
0.18749999999999,0.3043478260869501,-0.03664921465968586,0.463235294117647,-0.15454545454545454,0,1,0,0
-0.4375000000000122,0.0,-0.36649214659685864,1.0661764705882357,-0.37272727272727274,0,1,0,0
0.24999999999998668,0.8260869565217251,-0.32460732984293195,0.2720588235294116,0.9363636363636364,0,1,0,0
-0.37500000000001554,0.0,0.387434554973822,0.09558823529411747,-0.24545454545454545,0,1,0,0
-1.2500000000000044,-1.30434782608695,2.068062827225131,-1.2794117647058831,-0.7909090909090909,0,1,0,0
-0.7500000000000133,-0.3043478260869748,-0.2198952879581152,0.2647058823529414,0.3181818181818182,0,0,1,0
-0.406250000000005,0.04347826086955017,0.4083769633507853,-0.19117647058823548,-0.2909090909090909,0,0,1,0
1.0,0.6956521739130253,0.02617801047120419,-0.3382352941176473,1.0,0,1,0,0
-0.8750000000000067,-1.0,0.18324607329842932,0.5808823529411766,0.5818181818181818,0,0,1,0
-0.81250000000001,-0.56521739130435,-1.0,0.75,0.4727272727272727,0,1,0,0
0.09374999999998612,-0.2608695652173999,0.2094240837696335,-0.0882352941176473,-0.6363636363636364,0,1,0,0
-0.6875000000000167,-0.43478260869565005,0.020942408376963352,-0.23529411764705913,-0.8545454545454545,0,1,0,0
0.46875000000000167,0.4782608695652002,-0.4973821989528796,0.20588235294117635,-0.16363636363636364,0,1,0,0
0.3749999999999978,-0.04347826086957489,-0.3403141361256545,0.058823529411764525,-0.9090909090909091,0,1,0,0
0.7812500000000028,0.39130434782607515,0.5602094240837696,-0.06617647058823521,0.4090909090909091,0,1,0,0
0.12499999999999334,0.5652173913043252,0.9214659685863874,-0.9264705882352946,-0.43636363636363634,1,0,0,0
-0.6250000000000022,-0.6956521739130499,-0.6335078534031413,1.058823529411765,-0.8181818181818182,0,0,1,0
0.43749999999999445,0.21739130434782503,0.4397905759162304,-0.47058823529411775,0.13636363636363635,0,1,0,0
0.6562499999999917,0.521739130434775,-0.6335078534031413,0.463235294117647,-0.11818181818181818,0,1,0,0
0.7499999999999956,0.7826086956521503,-0.2670157068062827,0.5367647058823529,-0.2727272727272727,0,1,0,0
-0.6250000000000022,-0.782608695652175,-0.2617801047120419,0.10294117647058817,0.8818181818181818,0,0,1,0
0.12499999999999334,-0.17391304347827483,-0.5654450261780105,1.5367647058823535,0.45454545454545453,0,1,0,0
1.1249999999999933,1.17391304347825,-0.34554973821989526,0.823529411764706,-0.5909090909090909,0,1,0,0
-0.9062500000000139,-0.9565217391304498,-0.05235602094240838,-0.12500000000000025,0.35454545454545455,0,1,0,0
0.5624999999999878,0.34782608695650025,-0.4293193717277487,0.4485294117647062,-0.7363636363636363,0,0,1,0
0.4999999999999911,0.39130434782607515,0.4293193717277487,-0.30882352941176505,0.7090909090909091,0,1,0,0
-0.37500000000001554,-0.13043478260869995,0.16230366492146597,0.14705882352941183,-0.7636363636363637,0,1,0,0
0.12499999999999334,0.3043478260869501,0.6701570680628273,-0.7058823529411768,0.22727272727272727,1,0,0,0
-0.8750000000000067,-0.652173913043475,0.010471204188481676,-0.48529411764705915,-0.8454545454545455,0,1,0,0
-0.37500000000001554,0.0,-0.09947643979057591,0.022058823529411565,-0.41818181818181815,0,0,1,0
-0.09375000000000389,0.43478260869565005,1.6596858638743455,-1.11764705882353,0.6090909090909091,0,1,0,0
-0.15625000000000056,-0.39130434782609985,0.49214659685863876,-0.2794117647058828,-0.6545454545454545,1,0,0,0
-0.7187500000000061,-1.0,0.6230366492146597,-0.5882352941176473,-0.8090909090909091,0,0,1,0
-0.406250000000005,-0.7391304347826249,-0.09947643979057591,-0.06617647058823521,-0.9,0,1,0,0
0.2812499999999939,0.8695652173913001,0.8429319371727748,-0.8602941176470594,0.5545454545454546,0,0,1,0
-0.5625000000000056,-0.04347826086957489,-0.3193717277486911,0.27941176470588225,0.02727272727272727,0,1,0,0
0.8124999999999922,0.9130434782608502,-0.5130890052356021,0.8308823529411766,0.45454545454545453,0,1,0,0
0.18749999999999,0.04347826086955017,-0.7277486910994765,1.8529411764705888,0.9181818181818182,1,0,0,1
0.3125000000000011,0.04347826086955017,0.806282722513089,-0.4411764705882355,-0.5,0,1,0,0
0.24999999999998668,0.5652173913043252,2.9842931937172774,-1.3750000000000009,-0.01818181818181818,0,1,0,0
1.093750000000004,1.086956521739125,0.5392670157068062,-0.4779411764705884,0.7,0,1,0,0
0.18749999999999,0.08695652173912506,0.8324607329842932,-0.41911764705882393,-0.45454545454545453,0,1,0,0
-0.46875000000000167,-0.7391304347826249,-1.0104712041884816,1.441176470588236,-0.6090909090909091,0,1,0,0
1.093750000000004,1.1304347826086751,-0.387434554973822,0.558823529411765,0.8272727272727273,0,1,0,0
0.09374999999998612,-0.17391304347827483,-0.6230366492146597,0.36764705882352955,0.4727272727272727,0,1,0,0
0.6562499999999917,0.5652173913043252,3.020942408376963,-1.5367647058823537,-0.6909090909090909,0,1,0,0
-0.6875000000000167,-0.56521739130435,0.18324607329842932,-0.18382352941176477,-0.4818181818181818,0,0,1,0
-0.5312500000000161,-0.8260869565217499,-0.2094240837696335,-0.18382352941176477,0.7363636363636363,0,0,1,0
-0.7500000000000133,-0.5217391304347998,0.3769633507853403,-0.014705882352941391,-0.8636363636363636,0,1,0,0
1.0624999999999967,1.17391304347825,1.9581151832460733,-1.3088235294117654,-0.1,0,1,0,0
-0.15625000000000056,-0.39130434782609985,0.3612565445026178,-0.4926470588235298,-0.7909090909090909,0,1,0,0
0.593749999999995,-0.08695652173914978,0.5392670157068062,-0.4117647058823532,0.44545454545454544,1,0,0,0
-0.7812500000000028,-0.8695652173913001,-0.6492146596858639,1.2720588235294121,0.13636363636363635,0,0,1,0
0.18749999999999,0.521739130434775,-0.675392670157068,0.9558823529411768,-0.37272727272727274,1,0,0,0
-0.6562500000000094,-0.6086956521739249,0.17277486910994763,-0.036764705882352956,-0.07272727272727272,1,0,0,0
1.2187499999999971,1.3478260869565002,0.07329842931937172,0.22058823529411775,-0.1,1,0,0,0
1.0312499999999893,0.6956521739130253,-0.14136125654450263,0.1617647058823527,0.6636363636363637,0,1,0,0
0.34374999999999056,0.9999999999999752,-0.39267015706806285,-0.2573529411764707,-0.07272727272727272,0,0,1,0
0.5624999999999878,0.21739130434782503,-0.18848167539267016,-0.058823529411765045,-0.6818181818181818,0,1,0,0
0.40624999999998723,0.21739130434782503,-0.8167539267015707,0.9705882352941178,-0.02727272727272727,0,1,0,0
-0.6562500000000094,-0.39130434782609985,0.1256544502617801,-0.04411764705882365,-0.2,0,1,0,0
-0.46875000000000167,-0.21739130434782503,0.15706806282722513,0.04411764705882365,-0.00909090909090909,0,1,0,0
-0.5312500000000161,-0.56521739130435,-0.2356020942408377,0.0,0.03636363636363636,0,1,0,0
0.6562499999999917,0.5652173913043252,-0.020942408376963352,-0.17647058823529407,-0.4727272727272727,0,1,0,0
-0.7500000000000133,-0.782608695652175,-0.07853403141361257,0.06617647058823521,-0.05454545454545454,1,0,0,0
0.21874999999999722,0.3043478260869501,-0.5026178010471204,0.36764705882352955,-0.509090909090909,0,1,0,0
-0.6250000000000022,-1.086956521739125,2.9476439790575917,-1.5367647058823537,0.39090909090909093,0,0,1,0
-0.031250000000007216,-0.21739130434782503,1.2303664921465969,-0.8382352941176475,-0.509090909090909,0,1,0,0
1.0,0.5652173913043252,0.9895287958115183,-0.8970588235294124,-0.4727272727272727,1,0,0,0
-1.0625000000000144,-1.1304347826087,0.5445026178010471,-0.4779411764705884,-0.6272727272727273,1,0,0,0
0.8124999999999922,0.6956521739130253,1.4712041884816753,-1.1029411764705888,0.6363636363636364,0,0,1,0
0.09374999999998612,-0.17391304347827483,0.42408376963350786,-0.5514705882352944,-0.32727272727272727,0,1,0,0
0.6874999999999989,0.521739130434775,0.581151832460733,-0.4411764705882355,0.2,0,1,0,0
-0.8750000000000067,-0.7391304347826249,0.9581151832460733,-0.4117647058823532,-0.09090909090909091,0,0,1,0
-0.6875000000000167,-0.4782608695652249,-0.6492146596858639,0.5294117647058822,-0.7181818181818181,0,1,0,0
-0.9687500000000105,-0.9565217391304498,-0.8010471204188482,0.558823529411765,0.5545454545454546,0,1,0,0
-0.406250000000005,-0.43478260869565005,-0.8010471204188482,0.9117647058823533,0.03636363636363636,0,1,0,0
-0.5937500000000128,-1.086956521739125,-0.05759162303664921,-0.21323529411764705,0.6454545454545455,0,1,0,0
-0.46875000000000167,-0.21739130434782503,-0.5916230366492147,0.75,0.8090909090909091,0,1,0,0
0.6250000000000022,0.34782608695650025,2.162303664921466,-1.2500000000000004,-0.509090909090909,0,0,1,0
0.15625000000000056,0.39130434782607515,0.31413612565445026,0.04411764705882365,-0.18181818181818182,0,1,0,0
0.7187499999999883,0.34782608695650025,-0.3089005235602094,0.04411764705882365,0.6090909090909091,1,0,0,0
-0.6875000000000167,-0.4782608695652249,4.989528795811518,-1.926470588235295,-0.22727272727272727,0,0,1,0
-0.46875000000000167,-0.4782608695652249,-0.11518324607329843,0.051470588235293824,-0.9181818181818182,0,0,1,0
0.593749999999995,-0.13043478260869995,-0.24607329842931938,1.3235294117647065,0.34545454545454546,0,1,0,0
0.031249999999989453,-0.04347826086957489,-0.05235602094240838,0.5294117647058822,0.5909090909090909,0,1,0,0
-0.8750000000000067,-0.56521739130435,0.43455497382198954,-0.5441176470588237,0.21818181818181817,0,0,1,0
-0.8437500000000172,-0.652173913043475,-0.33507853403141363,0.463235294117647,0.06363636363636363,0,1,0,0
-0.6875000000000167,-0.08695652173914978,-0.16230366492146597,0.3602941176470589,0.6909090909090909,0,1,0,0
-0.8437500000000172,-0.652173913043475,0.5549738219895288,-0.286764705882353,0.08181818181818182,0,1,0,0
0.15625000000000056,-0.2608695652173999,-0.16753926701570682,0.6985294117647062,-0.7090909090909091,0,1,0,0
-0.3125000000000011,-0.7391304347826249,-0.8952879581151832,0.8529411764705886,-0.32727272727272727,0,0,1,0
0.09374999999998612,0.3043478260869501,-0.8115183246073299,1.1691176470588238,0.35454545454545455,0,1,0,0
-0.15625000000000056,0.04347826086955017,-0.15706806282722513,0.19117647058823548,-0.23636363636363636,0,1,0,0
0.21874999999999722,0.521739130434775,0.010471204188481676,0.39705882352941185,0.3090909090909091,0,1,0,0
1.1562500000000007,1.1304347826086751,-0.46596858638743455,0.11764705882352956,0.7545454545454545,0,1,0,0
0.15625000000000056,-0.04347826086957489,-0.9947643979057592,0.9411764705882355,-0.12727272727272726,0,1,0,0
0.2812499999999939,0.8695652173913001,0.900523560209424,-0.6911764705882357,0.8454545454545455,0,1,0,0
0.031249999999989453,0.5652173913043252,-0.2774869109947644,-0.11764705882352956,-0.35454545454545455,0,0,1,0
0.9375000000000033,1.04347826086955,-0.2617801047120419,0.6617647058823533,0.3,0,1,0,0
-0.3437500000000083,0.0,0.010471204188481676,0.08823529411764679,-0.2,0,1,0,0
0.21874999999999722,0.13043478260867525,-0.2774869109947644,-0.05147058823529435,-0.4090909090909091,0,0,1,0
-0.7500000000000133,-0.21739130434782503,0.4869109947643979,-0.3602941176470589,0.6,0,0,1,0
0.09374999999998612,-0.13043478260869995,-0.7696335078534031,0.3161764705882352,0.2636363636363636,0,0,1,0
-0.5312500000000161,0.0,-0.2513089005235602,0.15441176470588253,-0.11818181818181818,0,1,0,0
-0.1250000000000111,0.34782608695650025,-0.06282722513089005,0.0,0.8,0,1,0,0
-0.37500000000001554,-0.08695652173914978,-0.518324607329843,-0.02205882352941209,-0.4090909090909091,0,1,0,0
0.18749999999999,0.43478260869565005,4.575916230366492,-1.8970588235294126,0.2545454545454545,0,1,0,0
0.6250000000000022,0.521739130434775,0.041884816753926704,0.3602941176470589,0.8818181818181818,0,0,1,0
-0.6875000000000167,-0.21739130434782503,0.06282722513089005,-0.095588235294118,0.15454545454545454,0,0,1,0
0.09374999999998612,0.17391304347825012,0.7382198952879581,-0.6397058823529417,-0.6,0,0,1,0
-0.031250000000007216,-0.13043478260869995,-0.1518324607329843,0.036764705882352956,-0.2636363636363636,0,1,0,0
0.0,-0.43478260869565005,0.15706806282722513,-0.15441176470588253,-0.7363636363636363,0,0,1,0
1.0624999999999967,0.8260869565217251,-0.7172774869109948,1.058823529411765,-0.7,0,1,0,1
0.5312499999999983,0.3043478260869501,0.28272251308900526,-0.5000000000000006,0.7545454545454545,0,1,0,0
-0.1250000000000111,0.08695652173912506,0.010471204188481676,-0.17647058823529407,-0.9363636363636364,0,1,0,0
1.1249999999999933,1.2608695652173751,1.0,-0.8897058823529417,-0.5727272727272728,0,1,0,0
0.06249999999999667,0.7391304347826001,0.2513089005235602,-0.21323529411764705,-0.8909090909090909,0,1,0,0
0.6250000000000022,0.3043478260869501,1.4083769633507854,-0.9558823529411768,1.1454545454545455,0,1,0,0
0.5624999999999878,0.21739130434782503,-0.900523560209424,2.095588235294118,-0.2,0,1,0,1
0.2812499999999939,0.39130434782607515,-0.34554973821989526,1.1691176470588238,-0.6727272727272727,0,1,0,0
-0.81250000000001,-0.5217391304347998,0.16753926701570682,-0.17647058823529407,-0.8636363636363636,0,0,1,0
-0.81250000000001,-0.6956521739130499,-0.680628272251309,-0.014705882352941391,0.02727272727272727,0,1,0,0
0.43749999999999445,0.43478260869565005,1.193717277486911,-0.8970588235294124,-0.05454545454545454,0,1,0,0
0.8437499999999994,0.9565217391304252,-1.2617801047120418,2.2352941176470598,1.1545454545454545,0,0,1,1
-0.81250000000001,-0.7391304347826249,0.13089005235602094,-0.014705882352941391,0.4818181818181818,0,1,0,0
0.40624999999998723,0.3043478260869501,-0.7382198952879581,0.9632352941176475,-0.9363636363636364,0,1,0,0
0.7499999999999956,0.34782608695650025,-0.9057591623036649,1.235294117647059,-0.09090909090909091,0,1,0,1
-0.6562500000000094,-0.21739130434782503,0.680628272251309,-0.3897058823529417,-0.6,0,1,0,0
0.18749999999999,0.0,-0.10471204188481675,0.007352941176470696,0.5,0,0,1,0
1.1562500000000007,1.2173913043478004,-0.6544502617801047,0.4044117647058825,0.7,1,0,0,0
-0.3125000000000011,0.13043478260867525,-0.7015706806282722,1.058823529411765,-0.02727272727272727,1,0,0,0
0.06249999999999667,-0.08695652173914978,0.193717277486911,-0.014705882352941391,0.8727272727272727,0,1,0,0
1.18749999999999,1.1304347826086751,0.13089005235602094,-0.12500000000000025,0.6363636363636364,0,1,0,0
0.12499999999999334,-0.17391304347827483,-0.8481675392670157,0.7941176470588237,0.2727272727272727,0,0,1,0
-0.25000000000000444,0.34782608695650025,1.6910994764397906,-1.1029411764705888,-0.9545454545454546,0,0,1,0
-0.5625000000000056,-0.913043478260875,-0.08900523560209424,0.1617647058823527,-0.19090909090909092,0,1,0,0
-0.3125000000000011,0.04347826086955017,1.0052356020942408,-0.7720588235294121,-0.9,0,1,0,0
0.06249999999999667,-0.3043478260869748,0.5706806282722513,-0.5147058823529413,0.39090909090909093,0,0,1,0
0.7187499999999883,0.7391304347826001,-0.6230366492146597,0.7941176470588237,-0.07272727272727272,0,1,0,0
-0.6250000000000022,-0.2608695652173999,-0.18848167539267016,0.12499999999999974,-0.5363636363636364,0,1,0,0
0.15625000000000056,0.8260869565217251,0.3298429319371728,-0.7352941176470591,0.19090909090909092,0,1,0,0
0.12499999999999334,0.6956521739130253,-0.25654450261780104,0.75,0.6181818181818182,1,0,0,0
-1.0312500000000073,-1.086956521739125,-1.0418848167539267,0.632352941176471,0.3181818181818182,0,1,0,0
-0.8750000000000067,-0.782608695652175,0.4816753926701571,-0.5808823529411766,-0.7090909090909091,0,0,1,0
-0.28125000000001166,0.08695652173912506,-0.387434554973822,0.0,-0.7636363636363637,0,1,0,0
1.093750000000004,1.2173913043478004,0.44502617801047123,-0.6029411764705886,-0.4909090909090909,0,1,0,0
1.18749999999999,1.3478260869565002,-0.11518324607329843,-0.007352941176470696,-0.06363636363636363,0,1,0,0
-0.37500000000001554,0.04347826086955017,0.1518324607329843,-0.17647058823529407,0.5363636363636364,1,0,0,0
-0.8437500000000172,-0.6956521739130499,-1.0890052356020943,0.882352941176471,0.20909090909090908,0,1,0,0
0.6562499999999917,0.3043478260869501,-0.6282722513089005,0.5,-0.5636363636363636,0,1,0,0
0.5624999999999878,0.34782608695650025,1.361256544502618,-0.8602941176470594,-0.03636363636363636,0,0,1,0
-0.7500000000000133,-0.4782608695652249,0.005235602094240838,0.022058823529411565,-0.6545454545454545,0,0,1,0
-0.46875000000000167,-0.34782608695652495,1.0418848167539267,-0.9191176470588239,0.32727272727272727,0,1,0,0
-0.7187500000000061,-0.7391304347826249,0.07853403141361257,-0.558823529411765,0.7545454545454545,0,1,0,0
0.12499999999999334,0.21739130434782503,-0.020942408376963352,0.3750000000000003,-0.9,0,1,0,0
0.40624999999998723,0.21739130434782503,0.32460732984293195,-0.29411764705882365,0.02727272727272727,0,0,1,0
-0.81250000000001,-0.652173913043475,-0.2670157068062827,-0.08088235294117661,-0.3181818181818182,0,1,0,0
0.5624999999999878,0.13043478260867525,0.5602094240837696,-0.3897058823529417,-0.32727272727272727,0,1,0,0
-0.06250000000001443,0.4782608695652002,0.39790575916230364,-0.3382352941176473,0.5,0,0,1,0
-0.7812500000000028,-0.43478260869565005,-0.28272251308900526,0.6617647058823533,0.6090909090909091,0,1,0,0
1.093750000000004,1.17391304347825,6.052356020942408,-2.1102941176470598,-0.7363636363636363,0,0,1,1
-0.37500000000001554,0.21739130434782503,0.08376963350785341,-0.095588235294118,0.9636363636363636,1,0,0,0
0.15625000000000056,0.6956521739130253,1.2094240837696335,-0.7500000000000006,-0.3181818181818182,0,1,0,0
-0.9062500000000139,-0.913043478260875,1.9162303664921465,-1.080882352941177,0.509090909090909,0,1,0,0
0.12499999999999334,0.04347826086955017,0.35602094240837695,-0.4044117647058825,1.1,0,0,1,0
-0.5312500000000161,-0.43478260869565005,-0.18848167539267016,0.17647058823529407,0.2909090909090909,0,1,0,0
0.18749999999999,0.21739130434782503,2.6335078534031413,-1.5441176470588243,-0.045454545454545456,0,0,1,0
-0.09375000000000389,0.04347826086955017,2.136125654450262,-1.2205882352941182,0.5363636363636364,0,1,0,0
-0.5312500000000161,-0.8260869565217499,1.8167539267015707,-0.9632352941176475,0.7909090909090909,0,1,0,0
-0.15625000000000056,0.04347826086955017,0.612565445026178,-0.7426470588235299,-0.33636363636363636,0,0,1,0
0.7187499999999883,0.13043478260867525,0.09424083769633508,-0.11764705882352956,0.3181818181818182,0,1,0,0
-1.4375000000000122,-1.782608695652175,-0.24607329842931938,-0.06617647058823521,0.5454545454545454,0,1,0,0
-0.7812500000000028,-0.652173913043475,-0.4607329842931937,0.5294117647058822,0.5636363636363636,0,1,0,0
-0.28125000000001166,-0.7391304347826249,0.031413612565445025,-0.05147058823529435,-0.9727272727272728,0,1,0,0
0.5312499999999983,0.2608695652173752,-0.387434554973822,0.573529411764706,-0.4909090909090909,0,0,1,0
1.093750000000004,1.1304347826086751,1.3717277486910995,-0.9264705882352946,0.07272727272727272,0,0,1,0
0.7812500000000028,0.6086956521739002,-0.3193717277486911,1.448529411764706,0.5636363636363636,0,1,0,1
0.40624999999998723,0.17391304347825012,0.35602094240837695,-0.45588235294117685,0.9181818181818182,0,1,0,0
-0.8750000000000067,-0.913043478260875,-0.2931937172774869,0.6544117647058825,-0.41818181818181815,0,1,0,0
0.6874999999999989,0.6086956521739002,0.020942408376963352,-0.19117647058823548,-0.4727272727272727,0,1,0,0
0.12499999999999334,0.17391304347825012,1.0052356020942408,-0.9852941176470594,-0.7181818181818181,0,1,0,0
0.2812499999999939,0.34782608695650025,-0.05759162303664921,-0.25,0.8363636363636363,0,1,0,0
0.3749999999999978,0.43478260869565005,0.9162303664921466,-0.6911764705882357,-0.6636363636363637,0,0,1,0
0.43749999999999445,0.21739130434782503,0.32460732984293195,0.27941176470588225,0.3181818181818182,0,1,0,0
-0.06250000000001443,-0.21739130434782503,-1.094240837696335,0.7058823529411768,0.17272727272727273,0,1,0,0
0.4999999999999911,-0.08695652173914978,0.5445026178010471,-0.17647058823529407,-0.12727272727272726,0,1,0,0
-0.9062500000000139,-0.782608695652175,-0.4397905759162304,-0.029411764705882262,0.07272727272727272,0,1,0,0
0.18749999999999,0.4782608695652002,1.963350785340314,-1.1617647058823535,-0.7545454545454545,0,1,0,0
-0.6875000000000167,-0.913043478260875,-0.06806282722513089,0.4485294117647062,-0.9181818181818182,0,1,0,0
-0.8437500000000172,-0.6956521739130499,0.7068062827225131,-0.5808823529411766,-0.20909090909090908,0,0,1,0
0.031249999999989453,-0.17391304347827483,-1.193717277486911,1.514705882352942,-0.8363636363636363,0,1,0,0
-0.6562500000000094,-1.0,0.6230366492146597,-0.5000000000000006,0.12727272727272726,0,1,0,0
0.4999999999999911,0.04347826086955017,-0.35602094240837695,0.5882352941176473,-0.8636363636363636,0,1,0,0
0.3749999999999978,0.521739130434775,0.031413612565445025,0.17647058823529407,0.9636363636363636,0,1,0,0
0.6874999999999989,0.7826086956521503,0.02617801047120419,0.1617647058823527,0.4727272727272727,0,0,1,0
0.21874999999999722,0.3043478260869501,0.3193717277486911,-0.286764705882353,-0.6909090909090909,0,1,0,0
-0.5937500000000128,-0.5217391304347998,0.581151832460733,-0.3382352941176473,-0.8363636363636363,0,0,1,0
-0.406250000000005,0.08695652173912506,0.2617801047120419,-0.24264705882352983,-0.09090909090909091,0,1,0,0
-0.4375000000000122,-0.17391304347827483,-0.5759162303664922,0.4117647058823532,-0.07272727272727272,0,1,0,0
0.09374999999998612,0.6956521739130253,0.27225130890052357,-0.10294117647058817,-0.9272727272727272,0,0,1,0
-0.46875000000000167,-0.34782608695652495,0.17801047120418848,-0.18382352941176477,0.6181818181818182,0,1,0,0
0.18749999999999,0.7826086956521503,-0.5445026178010471,0.7426470588235299,1.0454545454545454,0,1,0,1
-0.06250000000001443,-0.2608695652173999,-0.47643979057591623,1.308823529411765,-0.43636363636363634,0,0,1,0
-0.6562500000000094,-0.4782608695652249,-0.33507853403141363,-0.11764705882352956,-0.6636363636363637,0,0,1,0
0.6562499999999917,0.34782608695650025,0.015706806282722512,-0.4485294117647062,-0.5272727272727272,0,1,0,0
-0.7812500000000028,-0.21739130434782503,0.46596858638743455,-0.3161764705882357,-0.45454545454545453,0,0,1,0
-0.7187500000000061,-0.34782608695652495,3.8743455497382198,-1.7941176470588245,-0.6454545454545455,0,0,1,0
-0.6250000000000022,-0.9565217391304498,0.34554973821989526,-0.22794117647058842,-0.7090909090909091,0,0,1,0
-1.0312500000000073,-1.1304347826087,0.06806282722513089,-0.25,0.2545454545454545,0,0,1,0
-0.6562500000000094,-0.6086956521739249,-1.2303664921465969,2.1544117647058836,0.7454545454545455,0,1,0,1
-0.5937500000000128,-0.4782608695652249,1.450261780104712,-0.7941176470588239,-0.14545454545454545,0,1,0,0
0.8437499999999994,0.8695652173913001,2.3821989528795813,-1.455882352941177,-0.4636363636363636,0,1,0,0
-0.406250000000005,-0.13043478260869995,0.28272251308900526,-0.21323529411764705,0.2909090909090909,0,1,0,0
1.0624999999999967,0.9999999999999752,-0.11518324607329843,0.2647058823529414,-0.7909090909090909,0,1,0,0
-0.5000000000000089,-0.34782608695652495,-0.16753926701570682,0.3382352941176473,0.10909090909090909,0,1,0,0
-0.46875000000000167,-0.8260869565217499,-0.5916230366492147,0.8308823529411766,0.5545454545454546,0,1,0,0
0.34374999999999056,0.2608695652173752,2.4031413612565444,-1.2941176470588243,-0.7181818181818181,0,0,1,0
0.15625000000000056,0.7391304347826001,-0.010471204188481676,0.3455882352941175,1.0818181818181818,0,1,0,0
0.6874999999999989,0.6956521739130253,0.9528795811518325,-0.683823529411765,0.20909090909090908,0,0,1,0
0.2812499999999939,0.4782608695652002,0.041884816753926704,0.20588235294117635,-0.7363636363636363,0,1,0,0
-1.0000000000000178,-0.7391304347826249,-0.2774869109947644,0.5,0.7181818181818181,0,0,1,0
-0.5000000000000089,-0.17391304347827483,-0.34554973821989526,0.18382352941176477,0.11818181818181818,0,1,0,0
0.9375000000000033,0.4782608695652002,-0.35602094240837695,0.0,1.018181818181818,0,1,0,0
-0.37500000000001554,0.0,0.518324607329843,-0.13970588235294112,-0.44545454545454544,0,1,0,0
0.21874999999999722,-0.17391304347827483,1.2984293193717278,-0.8970588235294124,0.6909090909090909,0,0,1,0
-0.5000000000000089,-0.2608695652173999,0.2356020942408377,0.3235294117647059,0.22727272727272727,0,1,0,0
0.09374999999998612,-0.21739130434782503,0.900523560209424,-0.3382352941176473,0.5181818181818182,0,0,1,0
0.4999999999999911,0.43478260869565005,0.7382198952879581,-0.5367647058823535,0.9,0,1,0,0
1.0,1.086956521739125,-0.5549738219895288,0.5147058823529413,0.2727272727272727,0,0,1,0
1.0312499999999893,0.7826086956521503,-1.0732984293193717,1.7500000000000004,-0.43636363636363634,0,1,0,1
-0.9062500000000139,-0.652173913043475,-0.08900523560209424,0.4779411764705884,-0.08181818181818182,1,0,0,0
0.7812500000000028,0.13043478260867525,0.21465968586387435,-0.36764705882352955,-0.7454545454545455,0,0,1,0
0.593749999999995,0.13043478260867525,0.4816753926701571,-0.5294117647058828,0.2545454545454545,0,0,1,0
-1.3437500000000084,-1.6086956521739249,-0.8795811518324608,0.8529411764705886,-0.34545454545454546,0,0,1,0
-0.7812500000000028,-0.652173913043475,-0.2094240837696335,0.48529411764705915,-0.2,1,0,0,0
-0.1250000000000111,0.39130434782607515,2.513089005235602,-1.4044117647058831,0.8545454545454545,0,1,0,0
0.15625000000000056,0.5652173913043252,-0.18324607329842932,0.022058823529411565,-0.4727272727272727,0,0,1,0
1.0312499999999893,0.7391304347826001,-0.5863874345549738,0.19117647058823548,0.8181818181818182,0,0,1,0
0.7812500000000028,0.17391304347825012,0.1099476439790576,-0.47058823529411775,0.8818181818181818,0,0,1,0
1.2187499999999971,1.17391304347825,0.20418848167539266,0.19117647058823548,0.8272727272727273,0,1,0,0
-1.406250000000005,-1.69565217391305,-1.130890052356021,1.0808823529411766,-0.5272727272727272,0,1,0,0
-0.5312500000000161,0.0,0.15706806282722513,-0.3602941176470589,-0.13636363636363635,0,1,0,0
0.8437499999999994,1.04347826086955,-0.42408376963350786,0.4411764705882355,-0.9363636363636364,1,0,0,0
-0.5937500000000128,-0.3043478260869748,-0.5497382198952879,0.9411764705882355,-0.2545454545454545,0,1,0,0
0.06249999999999667,0.43478260869565005,0.9057591623036649,-0.845588235294118,0.4636363636363636,0,1,0,0
-0.6250000000000022,-0.04347826086957489,0.2617801047120419,0.058823529411764525,-0.5272727272727272,0,1,0,0
-0.25000000000000444,-0.7391304347826249,0.20418848167539266,-0.19117647058823548,0.8727272727272727,0,0,1,1
-0.6562500000000094,-0.56521739130435,-0.03664921465968586,0.35294117647058815,0.6545454545454545,0,1,0,0
0.43749999999999445,0.17391304347825012,-0.5602094240837696,0.3235294117647059,0.09090909090909091,0,1,0,0
-0.09375000000000389,0.17391304347825012,-0.03664921465968586,-0.095588235294118,0.9818181818181818,0,1,0,0
-0.5625000000000056,0.0,0.10471204188481675,0.4264705882352941,-0.07272727272727272,0,1,0,0
-0.5937500000000128,-0.56521739130435,-0.3193717277486911,0.5073529411764707,-0.8090909090909091,0,1,0,0
0.40624999999998723,0.4782608695652002,-0.14136125654450263,-0.2647058823529414,-0.7454545454545455,0,0,1,0
-0.9062500000000139,-0.782608695652175,-0.3769633507853403,0.2647058823529414,-0.5545454545454546,0,0,1,0
-1.0312500000000073,-0.8695652173913001,-0.05759162303664921,0.2647058823529414,1.0454545454545454,1,0,0,0
1.0624999999999967,1.04347826086955,-0.7853403141361257,0.8014705882352944,0.5909090909090909,0,0,1,0
-0.5937500000000128,-0.4782608695652249,0.1099476439790576,-0.07352941176470591,-0.06363636363636363,1,0,0,0
-0.18750000000000777,0.39130434782607515,-0.27225130890052357,0.2352941176470586,0.2636363636363636,0,0,1,0
0.21874999999999722,0.3043478260869501,-0.08900523560209424,0.4117647058823532,0.35454545454545455,0,1,0,0
-0.6875000000000167,-0.4782608695652249,-0.005235602094240838,0.007352941176470696,-0.7,0,1,0,0
-0.6250000000000022,-0.08695652173914978,0.9581151832460733,-0.808823529411765,-0.42727272727272725,1,0,0,0
-0.28125000000001166,-0.43478260869565005,0.5340314136125655,-0.4264705882352946,0.0,0,1,0,0
0.5312499999999983,0.08695652173912506,-0.19895287958115182,0.47058823529411775,-0.42727272727272725,0,0,1,0
-0.8437500000000172,-0.56521739130435,0.36649214659685864,-0.45588235294117685,0.14545454545454545,0,0,1,0
-0.15625000000000056,-0.34782608695652495,0.2879581151832461,-0.3897058823529417,0.07272727272727272,0,1,0,0
0.18749999999999,-0.2608695652173999,-0.33507853403141363,0.2720588235294116,-0.6,0,0,1,0
0.18749999999999,0.9565217391304252,-0.43455497382198954,1.0073529411764708,-0.36363636363636365,0,1,0,0
0.12499999999999334,0.652173913043475,-0.14136125654450263,0.11764705882352956,-0.09090909090909091,1,0,0,0
1.18749999999999,1.30434782608695,-1.0104712041884816,1.6764705882352946,0.20909090909090908,0,1,0,0
1.0624999999999967,1.2173913043478004,0.005235602094240838,0.3455882352941175,0.03636363636363636,0,1,0,0
1.0624999999999967,1.2173913043478004,-0.010471204188481676,0.286764705882353,0.19090909090909092,0,1,0,0
-0.09375000000000389,0.04347826086955017,0.36649214659685864,-0.5000000000000006,0.5545454545454546,1,0,0,0
0.34374999999999056,0.39130434782607515,0.36649214659685864,-0.5367647058823535,-0.45454545454545453,0,1,0,0
-1.1562500000000184,-1.1304347826087,0.9476439790575916,-0.6397058823529417,-0.3181818181818182,0,0,1,0
-0.5937500000000128,-0.5217391304347998,-0.9267015706806283,1.0514705882352944,-0.2909090909090909,0,0,1,0
-0.7500000000000133,-0.6086956521739249,-0.1518324607329843,0.4926470588235293,0.7363636363636363,0,1,0,0
-0.09375000000000389,-0.43478260869565005,0.5706806282722513,-0.345588235294118,0.8909090909090909,0,1,0,0
0.3125000000000011,-0.04347826086957489,-0.17277486910994763,0.0,-0.7636363636363637,1,0,0,0
-0.5000000000000089,-0.2608695652173999,-0.10471204188481675,0.3455882352941175,-0.13636363636363635,0,0,1,0
0.0,0.13043478260867525,-0.12041884816753927,-0.22058823529411775,-0.2727272727272727,0,0,1,0
-0.8750000000000067,-0.6956521739130499,-0.031413612565445025,0.5441176470588237,-0.7272727272727273,0,1,0,0
1.093750000000004,0.7391304347826001,1.219895287958115,-0.5294117647058828,-0.07272727272727272,0,1,0,0
-0.37500000000001554,-0.13043478260869995,2.324607329842932,-1.352941176470589,-0.01818181818181818,0,0,1,0
-0.81250000000001,-0.6956521739130499,0.5706806282722513,-0.7426470588235299,0.509090909090909,0,0,1,0
0.6874999999999989,0.6086956521739002,0.32460732984293195,-0.3308823529411766,-0.6,0,1,0,0
-0.6250000000000022,-0.8695652173913001,0.5916230366492147,-0.5367647058823535,-0.38181818181818183,0,1,0,0
-0.1250000000000111,-0.39130434782609985,0.612565445026178,-0.7426470588235299,0.5545454545454546,0,1,0,0
-0.5625000000000056,-0.4782608695652249,0.010471204188481676,0.08823529411764679,-0.12727272727272726,0,0,1,0
0.3749999999999978,0.0,0.14659685863874344,0.11029411764705888,-0.8909090909090909,0,1,0,0
0.0,0.652173913043475,0.14136125654450263,-0.2573529411764707,-0.3,0,1,0,0
-0.5625000000000056,-0.7391304347826249,0.4712041884816754,-0.22794117647058842,0.6090909090909091,0,1,0,0
1.18749999999999,1.2608695652173751,0.07329842931937172,-0.3014705882352943,0.3181818181818182,1,0,0,0
0.031249999999989453,0.08695652173912506,0.05759162303664921,-0.10294117647058817,-0.5363636363636364,0,1,0,0
-0.25000000000000444,-0.6956521739130499,1.4083769633507854,-1.0294117647058827,-0.5,0,1,0,0
-0.18750000000000777,0.2608695652173752,-0.07853403141361257,-0.04411764705882365,-0.10909090909090909,0,0,1,0
0.18749999999999,0.521739130434775,0.09947643979057591,-0.3602941176470589,-0.5363636363636364,0,1,0,0
0.43749999999999445,0.43478260869565005,-0.23036649214659685,0.36764705882352955,-0.09090909090909091,0,1,0,0
0.21874999999999722,0.17391304347825012,0.41361256544502617,-0.6617647058823533,0.7818181818181819,1,0,0,0
-0.37500000000001554,-0.21739130434782503,0.450261780104712,-0.4338235294117648,0.8181818181818182,0,1,0,0
0.09374999999998612,0.04347826086955017,0.13612565445026178,-0.286764705882353,-0.8818181818181818,0,1,0,0
-0.5000000000000089,-0.2608695652173999,-0.6963350785340314,0.9044117647058825,0.05454545454545454,0,1,0,0
-0.6562500000000094,-0.43478260869565005,0.3717277486910995,-0.3897058823529417,-0.6090909090909091,0,0,1,0
-0.6562500000000094,-0.39130434782609985,1.193717277486911,-0.8382352941176475,-0.6272727272727273,0,1,0,0
-0.5000000000000089,-0.21739130434782503,-0.32460732984293195,0.595588235294118,0.0,0,0,1,0
-0.09375000000000389,-0.17391304347827483,-0.9581151832460733,1.5882352941176479,0.24545454545454545,0,0,1,0
-0.6562500000000094,-0.6086956521739249,1.4031413612565444,-1.0220588235294124,0.9,0,1,0,0
-0.8437500000000172,-0.652173913043475,-0.17801047120418848,0.18382352941176477,-0.24545454545454545,0,0,1,0
-0.46875000000000167,-0.782608695652175,-0.42408376963350786,0.022058823529411565,0.6545454545454545,0,1,0,0
0.2812499999999939,0.17391304347825012,-0.387434554973822,-0.05147058823529435,-0.08181818181818182,0,1,0,0
0.21874999999999722,0.08695652173912506,1.9109947643979057,-1.1470588235294124,-0.10909090909090909,0,0,1,0
0.34374999999999056,0.08695652173912506,0.2356020942408377,-0.11029411764705888,-0.43636363636363634,0,1,0,0
0.6562499999999917,0.5652173913043252,0.643979057591623,-0.6250000000000002,-0.4090909090909091,0,0,1,0
-1.0000000000000178,-1.086956521739125,-0.35602094240837695,0.3602941176470589,0.10909090909090909,0,1,0,0
-0.5625000000000056,-0.39130434782609985,-0.08900523560209424,0.1691176470588234,-0.8272727272727273,1,0,0,0
-0.406250000000005,-0.17391304347827483,1.2408376963350785,-0.8529411764705886,0.4090909090909091,0,1,0,0
-0.37500000000001554,-0.17391304347827483,-0.5026178010471204,0.6250000000000002,0.4909090909090909,1,0,0,0
-0.7500000000000133,-1.30434782608695,1.8429319371727748,-1.2941176470588243,-0.9090909090909091,1,0,0,0
-0.7187500000000061,-0.13043478260869995,1.544502617801047,-1.0735294117647065,0.8727272727272727,0,0,1,0
-0.5937500000000128,-0.913043478260875,2.43979057591623,-1.352941176470589,-0.6818181818181818,0,0,1,0
-0.25000000000000444,-0.7391304347826249,-0.18324607329842932,0.15441176470588253,-0.21818181818181817,0,0,1,0
0.3749999999999978,0.39130434782607515,0.4031413612565445,-0.2573529411764707,0.7,1,0,0,0
-0.37500000000001554,-0.652173913043475,0.1099476439790576,0.022058823529411565,0.21818181818181817,0,0,1,0
0.06249999999999667,0.04347826086955017,-0.7015706806282722,0.6397058823529411,-0.6454545454545455,0,1,0,0
-0.09375000000000389,-0.34782608695652495,-1.068062827225131,1.8382352941176474,0.9545454545454546,0,1,0,1
0.12499999999999334,0.4782608695652002,0.2513089005235602,-0.2573529411764707,0.8909090909090909,0,0,1,0
0.9062499999999961,0.9565217391304252,-0.08900523560209424,0.1691176470588234,0.045454545454545456,0,1,0,0
0.24999999999998668,0.7391304347826001,1.780104712041885,-1.1470588235294124,-0.7454545454545455,0,0,1,0
1.2187499999999971,1.3913043478260751,1.7853403141361257,-0.9558823529411768,-0.17272727272727273,0,0,1,0
0.18749999999999,0.8260869565217251,-0.5340314136125655,0.808823529411765,-0.5181818181818182,0,1,0,0
0.9062499999999961,0.4782608695652002,1.2146596858638743,-1.0294117647058827,0.7909090909090909,0,1,0,0
0.15625000000000056,0.6086956521739002,-0.23036649214659685,0.5073529411764707,-0.4,0,1,0,0
-0.18750000000000777,-0.34782608695652495,0.015706806282722512,0.10294117647058817,-0.2727272727272727,0,0,1,0
0.5312499999999983,0.21739130434782503,6.12041884816754,-2.0808823529411775,0.15454545454545454,0,1,0,1
0.12499999999999334,0.8260869565217251,-0.13089005235602094,-0.08088235294117661,0.41818181818181815,0,1,0,0
0.3749999999999978,0.39130434782607515,-0.5287958115183246,0.5441176470588237,0.8181818181818182,0,0,1,0
-0.81250000000001,-0.6956521739130499,-0.5340314136125655,0.7647058823529413,-0.9181818181818182,0,0,1,0
0.43749999999999445,0.4782608695652002,1.031413612565445,-0.8308823529411768,-0.6181818181818182,0,1,0,0
0.18749999999999,0.43478260869565005,-0.680628272251309,0.7205882352941178,-0.1,0,0,1,0
0.43749999999999445,0.2608695652173752,-0.225130890052356,-0.11029411764705888,-0.8454545454545455,0,0,1,0
-0.406250000000005,-0.17391304347827483,1.2984293193717278,-0.7720588235294121,0.4818181818181818,0,1,0,0
-0.7187500000000061,-0.6086956521739249,-0.518324607329843,0.3014705882352943,-0.4090909090909091,0,1,0,0
-0.031250000000007216,-0.17391304347827483,0.7801047120418848,-0.845588235294118,0.045454545454545456,0,0,1,0
0.09374999999998612,-0.04347826086957489,0.29842931937172773,0.1617647058823527,0.7181818181818181,0,0,1,0
-0.81250000000001,-0.6956521739130499,0.28272251308900526,-0.07352941176470591,-0.5454545454545454,1,0,0,0
0.12499999999999334,0.04347826086955017,1.3664921465968587,-1.0441176470588243,-0.7272727272727273,0,1,0,0
1.0312499999999893,0.6086956521739002,-0.41361256544502617,0.7867647058823529,0.19090909090909092,0,1,0,0
-0.37500000000001554,0.0,0.4031413612565445,-0.20588235294117688,-0.06363636363636363,0,1,0,0
0.7187499999999883,0.0,-0.387434554973822,0.2647058823529414,-0.02727272727272727,0,1,0,0
-0.5625000000000056,-0.7391304347826249,-0.09947643979057591,0.2426470588235293,0.5909090909090909,0,1,0,0
0.7187499999999883,0.7391304347826001,-0.7591623036649214,0.7720588235294121,0.23636363636363636,0,0,1,0
0.7187499999999883,0.6086956521739002,0.45549738219895286,-0.014705882352941391,-0.44545454545454544,0,1,0,0
0.9375000000000033,0.43478260869565005,0.47643979057591623,-0.3382352941176473,-0.8545454545454545,0,0,1,0
-0.8437500000000172,-0.9565217391304498,-0.5916230366492147,0.8750000000000002,0.21818181818181817,1,0,0,0
-0.8437500000000172,-0.4782608695652249,-0.18324607329842932,0.09558823529411747,0.44545454545454544,1,0,0,0
-0.031250000000007216,-0.21739130434782503,0.6020942408376964,-0.286764705882353,-0.4909090909090909,0,0,1,0
0.7187499999999883,0.7826086956521503,0.8795811518324608,-0.7500000000000006,0.8818181818181818,0,1,0,0
1.18749999999999,1.2608695652173751,0.643979057591623,-0.6397058823529417,0.9272727272727272,0,1,0,0
0.7812500000000028,0.13043478260867525,0.05759162303664921,0.19117647058823548,-0.2909090909090909,0,1,0,0
0.09374999999998612,0.4782608695652002,-0.07329842931937172,0.38235294117647045,0.6636363636363637,1,0,0,0
0.7812500000000028,0.9130434782608502,-0.7853403141361257,1.2058823529411768,0.5545454545454546,0,0,1,0
-0.4375000000000122,-0.7391304347826249,-0.3717277486910995,0.19852941176470565,0.8181818181818182,1,0,0,0
-1.0625000000000144,-1.0,-1.2827225130890052,2.125000000000001,-0.01818181818181818,0,0,1,1
-0.3437500000000083,-0.56521739130435,-0.6335078534031413,1.3529411764705888,0.8363636363636363,1,0,0,0
-0.1250000000000111,-0.21739130434782503,-0.7539267015706806,0.7794117647058828,0.4909090909090909,0,1,0,0
-0.15625000000000056,0.0,-0.2513089005235602,0.4411764705882355,-0.2818181818181818,0,0,1,0
0.7187499999999883,0.43478260869565005,2.0104712041884816,-1.3014705882352948,0.8181818181818182,0,0,1,0
-0.28125000000001166,0.13043478260867525,-0.9319371727748691,0.8750000000000002,-0.6636363636363637,0,0,1,0
-0.3125000000000011,0.21739130434782503,-0.28272251308900526,0.22794117647058842,-0.24545454545454545,0,0,1,0
0.8749999999999889,0.9130434782608502,1.1832460732984293,-1.2132352941176476,-0.1,0,1,0,0
1.0624999999999967,0.8695652173913001,0.8952879581151832,-0.683823529411765,-0.9727272727272728,0,1,0,0
-0.37500000000001554,0.04347826086955017,-0.7382198952879581,0.9485294117647062,0.7090909090909091,0,1,0,0
0.06249999999999667,-0.39130434782609985,0.7696335078534031,-0.3602941176470589,0.8090909090909091,0,1,0,0
0.8437499999999994,0.9130434782608502,0.031413612565445025,-0.2647058823529414,-0.5,0,1,0,0
-0.28125000000001166,-0.6956521739130499,-0.3403141361256545,0.4779411764705884,-0.4,0,1,0,0
-1.218750000000015,-1.217391304347825,1.9790575916230366,-1.1617647058823535,-0.6090909090909091,0,1,0,0
-0.5000000000000089,-0.34782608695652495,0.6282722513089005,-0.5147058823529413,0.01818181818181818,0,1,0,0
1.1562500000000007,0.9999999999999752,0.49214659685863876,-0.4926470588235298,0.8727272727272727,0,0,1,0
0.0,-0.43478260869565005,-0.5392670157068062,0.48529411764705915,-0.2727272727272727,0,1,0,0
-0.81250000000001,-0.8260869565217499,0.7539267015706806,-0.6470588235294121,-0.9454545454545454,0,1,0,0
-1.4375000000000122,-1.782608695652175,0.49214659685863876,-0.21323529411764705,-0.8272727272727273,0,1,0,0
-0.18750000000000777,-0.56521739130435,2.418848167539267,-1.4485294117647067,0.5181818181818182,0,1,0,0
-0.406250000000005,-0.17391304347827483,0.450261780104712,-0.3529411764705887,0.38181818181818183,0,0,1,0
-0.6875000000000167,-0.7391304347826249,0.7486910994764397,0.036764705882352956,0.6181818181818182,0,1,0,0
-0.28125000000001166,-0.6956521739130499,1.6649214659685865,-1.0294117647058827,-0.34545454545454546,0,1,0,0
0.8437499999999994,0.34782608695650025,0.6963350785340314,-0.3750000000000003,-0.6272727272727273,0,1,0,0
0.18749999999999,0.3043478260869501,-0.17801047120418848,0.463235294117647,-0.2909090909090909,0,0,1,0
0.8124999999999922,0.8260869565217251,-0.09947643979057591,0.10294117647058817,-0.38181818181818183,1,0,0,0
-0.37500000000001554,0.0,-0.743455497382199,0.8529411764705886,0.7727272727272727,0,1,0,0
1.2187499999999971,1.3478260869565002,0.675392670157068,-0.6985294117647062,0.12727272727272726,0,1,0,0
1.0624999999999967,1.04347826086955,-0.24083769633507854,0.463235294117647,0.5545454545454546,0,1,0,0
0.06249999999999667,-0.17391304347827483,0.41361256544502617,-0.683823529411765,0.33636363636363636,1,0,0,0
-0.37500000000001554,-0.652173913043475,1.4031413612565444,-1.1764705882352946,0.9636363636363636,0,1,0,0
-0.9062500000000139,-0.7391304347826249,-0.225130890052356,0.14705882352941183,-0.6,0,1,0,0
-0.1250000000000111,-0.39130434782609985,-1.0523560209424083,1.132352941176471,-0.18181818181818182,1,0,0,0
0.3749999999999978,0.34782608695650025,0.4869109947643979,-0.45588235294117685,0.45454545454545453,0,1,0,0
-0.5312500000000161,-0.5217391304347998,1.0628272251308901,-0.7794117647058828,0.0,0,1,0,0
0.43749999999999445,0.43478260869565005,-0.5287958115183246,-0.007352941176470696,-0.11818181818181818,0,0,1,0
-0.6875000000000167,-0.4782608695652249,-0.6335078534031413,0.27941176470588225,0.08181818181818182,0,1,0,0
-0.9062500000000139,-0.6956521739130499,-0.7853403141361257,0.47058823529411775,0.7090909090909091,0,0,1,0
0.7499999999999956,0.8260869565217251,-0.4816753926701571,0.3014705882352943,0.6363636363636364,0,1,0,0
-0.5937500000000128,-0.56521739130435,-0.3507853403141361,0.8676470588235295,0.41818181818181815,1,0,0,0
-0.37500000000001554,-0.2608695652173999,0.743455497382199,-0.6617647058823533,0.5636363636363636,0,1,0,0
0.9687499999999928,0.4782608695652002,0.9685863874345549,-0.6029411764705886,-0.6727272727272727,0,0,1,0
0.12499999999999334,0.7826086956521503,-0.3769633507853403,0.6838235294117648,-0.6363636363636364,0,1,0,0
-0.6875000000000167,-1.0,-0.5549738219895288,0.3602941176470589,-0.02727272727272727,0,1,0,0
0.4999999999999911,-0.08695652173914978,-0.9738219895287958,0.6544117647058825,0.7272727272727273,0,1,0,1
-0.3125000000000011,0.17391304347825012,-0.4397905759162304,0.6397058823529411,-0.2818181818181818,0,1,0,0
-0.6250000000000022,-0.913043478260875,2.2041884816753927,-1.4191176470588243,-0.7090909090909091,0,0,1,0
0.8124999999999922,0.2608695652173752,-0.5497382198952879,1.2941176470588243,-0.8,0,1,0,0
1.1249999999999933,1.30434782608695,1.1413612565445026,-0.3897058823529417,-0.5181818181818182,0,1,0,0
-0.5937500000000128,-1.043478260869575,0.0,-0.13235294117647095,-0.18181818181818182,0,1,0,0
0.2812499999999939,0.4782608695652002,-0.7329842931937173,0.45588235294117635,-0.4090909090909091,0,1,0,0
-0.218750000000015,-0.34782608695652495,0.21465968586387435,-0.3014705882352943,0.8181818181818182,0,1,0,0
0.7499999999999956,0.6086956521739002,1.5654450261780104,-1.0073529411764712,0.7727272727272727,0,1,0,0
0.06249999999999667,-0.08695652173914978,0.9109947643979057,-0.7352941176470591,0.20909090909090908,1,0,0,0
0.3749999999999978,0.17391304347825012,-0.8691099476439791,0.9264705882352946,-0.00909090909090909,0,1,0,0
0.18749999999999,-0.04347826086957489,0.8848167539267016,-0.7647058823529417,0.6272727272727273,0,1,0,0
-0.7187500000000061,-1.1304347826087,-0.2879581151832461,0.8161764705882357,0.0,0,1,0,0
-0.3437500000000083,-0.04347826086957489,0.8586387434554974,-0.7426470588235299,-0.4909090909090909,0,0,1,0
-0.4375000000000122,-0.08695652173914978,-0.3612565445026178,0.9485294117647062,0.33636363636363636,0,0,1,0
-0.06250000000001443,-0.2608695652173999,-0.806282722513089,0.823529411764706,0.6272727272727273,0,1,0,0
0.4999999999999911,0.21739130434782503,-0.5078534031413613,0.4338235294117648,0.045454545454545456,0,1,0,0
0.43749999999999445,0.13043478260867525,-0.07853403141361257,0.07352941176470591,0.4,0,1,0,0
0.7812500000000028,0.8260869565217251,-0.2931937172774869,0.39705882352941185,0.6,0,1,0,0
-0.3437500000000083,-0.08695652173914978,-0.4816753926701571,0.3382352941176473,-0.11818181818181818,0,1,0,0
1.0312499999999893,0.9130434782608502,-0.8691099476439791,2.1544117647058836,-0.5,0,1,0,1
-0.5625000000000056,-0.652173913043475,-0.020942408376963352,-0.13235294117647095,0.3181818181818182,0,1,0,0
-0.6875000000000167,-1.0,-0.2774869109947644,0.25,-0.00909090909090909,0,0,1,0
-0.8437500000000172,-0.6956521739130499,0.3298429319371728,-0.6397058823529417,-0.2818181818181818,0,0,1,0
-0.28125000000001166,-0.5217391304347998,1.094240837696335,-1.0073529411764712,-0.10909090909090909,1,0,0,0
-0.8437500000000172,-0.6956521739130499,-0.14659685863874344,0.5220588235294121,-0.34545454545454546,0,1,0,0
-0.406250000000005,-0.8260869565217499,-0.31413612565445026,0.9779411764705884,-0.7818181818181819,0,1,0,0
0.46875000000000167,0.3043478260869501,0.3193717277486911,-0.4411764705882355,0.39090909090909093,0,1,0,0
0.34374999999999056,0.08695652173912506,-0.031413612565445025,0.4117647058823532,-0.2818181818181818,0,1,0,0
0.24999999999998668,0.43478260869565005,-0.450261780104712,0.04411764705882365,-0.7545454545454545,0,1,0,0
0.18749999999999,0.3043478260869501,0.49214659685863876,-0.7058823529411768,-0.6272727272727273,0,1,0,0
0.6562499999999917,0.0,0.3612565445026178,-0.4044117647058825,-0.8181818181818182,0,0,1,0
0.12499999999999334,0.08695652173912506,0.9424083769633508,-0.632352941176471,-0.9,0,1,0,0
-0.5937500000000128,-0.6086956521739249,-0.2931937172774869,0.6102941176470589,-0.509090909090909,0,1,0,0
0.6874999999999989,0.5652173913043252,-0.015706806282722512,0.007352941176470696,-0.7,0,0,1,0
-0.6875000000000167,-0.13043478260869995,0.9947643979057592,-0.7500000000000006,-0.6545454545454545,0,0,1,0
1.0,0.5652173913043252,1.198952879581152,-1.0661764705882357,1.1363636363636365,0,1,0,0
0.5312499999999983,0.08695652173912506,-0.1099476439790576,0.09558823529411747,-0.4,0,1,0,0
-0.406250000000005,-0.04347826086957489,0.13089005235602094,-0.25,0.36363636363636365,0,1,0,0
-0.8750000000000067,-0.782608695652175,-0.09947643979057591,0.27941176470588225,-0.8545454545454545,0,1,0,0
0.8749999999999889,1.086956521739125,-0.5706806282722513,0.463235294117647,-0.22727272727272727,0,0,1,0
-0.5625000000000056,-0.43478260869565005,-0.612565445026178,0.38235294117647045,0.9545454545454546,0,1,0,0
-0.37500000000001554,-0.04347826086957489,1.5235602094240839,-0.9485294117647064,0.06363636363636363,0,1,0,0
-0.6875000000000167,-1.1304347826087,0.7539267015706806,-0.683823529411765,0.9545454545454546,0,0,1,0
-0.18750000000000777,-0.6086956521739249,-0.29842931937172773,0.4117647058823532,0.6,0,1,0,0
0.4999999999999911,0.3043478260869501,2.3612565445026177,-1.3602941176470593,0.8272727272727273,0,0,1,0
-1.0000000000000178,-0.782608695652175,0.05235602094240838,-0.095588235294118,0.7454545454545455,0,1,0,0
0.15625000000000056,0.34782608695650025,-0.16753926701570682,-0.16176470588235323,-0.19090909090909092,0,1,0,0
0.2812499999999939,0.0,0.2879581151832461,-0.5514705882352944,-0.9727272727272728,0,1,0,0
-0.5937500000000128,-0.9565217391304498,-0.387434554973822,0.6838235294117648,0.3090909090909091,0,1,0,0
1.1249999999999933,1.17391304347825,0.10471204188481675,0.04411764705882365,-0.43636363636363634,0,1,0,0
1.18749999999999,1.3913043478260751,-0.5706806282722513,0.845588235294118,0.12727272727272726,0,1,0,0
-0.25000000000000444,-0.4782608695652249,0.06806282722513089,-0.10294117647058817,-0.39090909090909093,0,1,0,0
0.8749999999999889,0.9999999999999752,-0.29842931937172773,0.11764705882352956,0.8090909090909091,0,1,0,0
-0.9375000000000033,-0.9565217391304498,-0.03664921465968586,0.3382352941176473,-0.17272727272727273,0,1,0,0
-0.81250000000001,-0.34782608695652495,0.3193717277486911,-0.19117647058823548,-0.7909090909090909,0,1,0,0
-0.25000000000000444,-0.652173913043475,-0.1518324607329843,0.6985294117647062,0.7636363636363637,0,1,0,0
-0.3437500000000083,-0.652173913043475,-0.193717277486911,0.463235294117647,0.045454545454545456,0,1,0,0
0.34374999999999056,0.43478260869565005,0.3717277486910995,-0.4264705882352946,-0.9363636363636364,0,0,1,0
-0.6250000000000022,-0.9565217391304498,1.3403141361256545,-0.845588235294118,0.6272727272727273,0,0,1,0
0.5312499999999983,-0.17391304347827483,-0.3193717277486911,0.38235294117647045,1.1454545454545455,0,1,0,1
0.40624999999998723,0.3043478260869501,1.2303664921465969,-0.720588235294118,-0.02727272727272727,0,0,1,0
-0.3125000000000011,-0.652173913043475,-0.020942408376963352,0.36764705882352955,0.7090909090909091,0,0,1,0
-0.37500000000001554,-0.652173913043475,0.29842931937172773,-0.5808823529411766,0.1,0,1,0,0
1.0624999999999967,0.652173913043475,-0.743455497382199,0.47058823529411775,-0.4090909090909091,0,1,0,1
-0.09375000000000389,0.43478260869565005,-0.47643979057591623,0.17647058823529407,0.6727272727272727,0,1,0,0
0.43749999999999445,0.17391304347825012,-0.643979057591623,0.632352941176471,0.4818181818181818,0,1,0,0
0.3125000000000011,0.4782608695652002,-0.6230366492146597,0.6838235294117648,-0.5363636363636364,0,0,1,0
1.1249999999999933,1.17391304347825,0.2879581151832461,-0.17647058823529407,0.9,0,0,1,0
-0.5000000000000089,-0.34782608695652495,0.04712041884816754,-0.14705882352941183,0.5727272727272728,0,0,1,0
-0.3125000000000011,-0.6956521739130499,-0.2513089005235602,-0.02205882352941209,0.34545454545454546,0,1,0,0
-0.5625000000000056,-0.5217391304347998,-0.5916230366492147,0.7058823529411768,-0.7636363636363637,0,0,1,0
-0.15625000000000056,0.04347826086955017,-0.17801047120418848,0.5073529411764707,-0.8363636363636363,0,1,0,0
0.06249999999999667,0.6086956521739002,0.6858638743455497,-0.6029411764705886,-0.6454545454545455,0,1,0,0
-0.6250000000000022,-0.56521739130435,0.6544502617801047,-0.18382352941176477,-0.8636363636363636,0,0,1,0
0.7187499999999883,0.6086956521739002,1.4764397905759161,-1.1250000000000004,-0.5636363636363636,0,1,0,0
-0.6562500000000094,-0.39130434782609985,0.2879581151832461,0.11764705882352956,-0.6545454545454545,0,0,1,0
1.18749999999999,1.2608695652173751,2.0837696335078535,-1.2941176470588243,0.02727272727272727,0,0,1,0
0.3749999999999978,0.0,0.2879581151832461,-0.2794117647058828,0.7,0,1,0,0
0.12499999999999334,-0.04347826086957489,-0.4607329842931937,0.25,-0.08181818181818182,0,0,1,0
-0.09375000000000389,-0.2608695652173999,-0.2617801047120419,0.22794117647058842,0.41818181818181815,0,0,1,0
-0.81250000000001,-0.8695652173913001,0.6701570680628273,-0.6985294117647062,0.35454545454545455,0,1,0,0
-0.8437500000000172,-0.8695652173913001,1.2094240837696335,-0.9117647058823535,-0.33636363636363636,0,0,1,0
-0.6250000000000022,-0.8695652173913001,1.5078534031413613,-0.9411764705882357,-0.4,0,1,0,0
-0.8437500000000172,-0.6956521739130499,0.5078534031413613,0.14705882352941183,0.7545454545454545,0,0,1,0
0.09374999999998612,0.4782608695652002,-0.7958115183246073,1.6102941176470593,-0.8090909090909091,0,1,0,0
-0.5312500000000161,-0.2608695652173999,0.2198952879581152,-0.2573529411764707,0.09090909090909091,0,1,0,0
-0.4375000000000122,-0.08695652173914978,0.19895287958115182,-0.11764705882352956,0.9181818181818182,0,1,0,0
-0.06250000000001443,-0.3043478260869748,2.020942408376963,-1.0367647058823535,-0.9181818181818182,0,0,1,0
1.1249999999999933,1.17391304347825,-0.7277486910994765,0.45588235294117635,-0.5727272727272728,0,1,0,0
-0.5312500000000161,-0.04347826086957489,0.2931937172774869,0.3014705882352943,-0.7636363636363637,0,1,0,0
0.7187499999999883,0.08695652173912506,-0.675392670157068,0.8161764705882357,0.509090909090909,0,1,0,1
-0.031250000000007216,-0.34782608695652495,2.0104712041884816,-1.2867647058823535,0.11818181818181818,0,1,0,0
-0.81250000000001,-0.652173913043475,0.4869109947643979,-0.22058823529411775,-0.7,0,1,0,0
0.43749999999999445,0.17391304347825012,1.0418848167539267,-0.8382352941176475,0.2545454545454545,0,1,0,0
0.15625000000000056,0.6956521739130253,0.2617801047120419,-0.02205882352941209,-0.9727272727272728,0,1,0,0
-0.5312500000000161,-0.21739130434782503,-0.1256544502617801,-0.1691176470588239,0.33636363636363636,0,1,0,0
0.40624999999998723,0.13043478260867525,1.225130890052356,-0.6029411764705886,-0.1,0,1,0,0
-0.06250000000001443,0.13043478260867525,-0.031413612565445025,0.5073529411764707,0.39090909090909093,0,1,0,0
-0.3437500000000083,-0.3043478260869748,1.544502617801047,-1.0735294117647065,-0.16363636363636364,0,1,0,0
-0.09375000000000389,-0.04347826086957489,-0.5549738219895288,0.5882352941176473,0.5181818181818182,0,0,1,0
-0.218750000000015,-0.6086956521739249,-0.08376963350785341,0.9191176470588239,0.8909090909090909,0,0,1,0
0.031249999999989453,0.5652173913043252,-0.2094240837696335,-0.19117647058823548,0.34545454545454546,0,1,0,0
-0.6250000000000022,-1.0,0.32460732984293195,-0.3529411764705887,0.10909090909090909,0,1,0,0
1.1562500000000007,1.2608695652173751,0.05759162303664921,0.3602941176470589,0.05454545454545454,0,0,1,0
0.40624999999998723,0.39130434782607515,-0.8848167539267016,0.9705882352941178,0.45454545454545453,0,1,0,0
-0.3125000000000011,0.13043478260867525,0.08376963350785341,0.38235294117647045,-0.13636363636363635,0,1,0,0
0.40624999999998723,0.2608695652173752,0.031413612565445025,-0.13235294117647095,-0.10909090909090909,0,1,0,0
0.9062499999999961,0.4782608695652002,0.5130890052356021,-0.5294117647058828,-0.34545454545454546,0,1,0,0
0.43749999999999445,0.13043478260867525,-0.6544502617801047,1.1176470588235297,0.01818181818181818,0,0,1,0
0.7812500000000028,0.08695652173912506,0.7539267015706806,-0.4338235294117648,-0.8454545454545455,0,1,0,0
-0.25000000000000444,-0.39130434782609985,-0.8848167539267016,0.45588235294117635,-0.6909090909090909,0,0,1,0
0.3125000000000011,0.3043478260869501,1.513089005235602,-1.0514705882352946,0.12727272727272726,1,0,0,0
1.1249999999999933,0.8260869565217251,6.0732984293193715,-2.1102941176470598,-0.32727272727272727,0,0,1,1
0.24999999999998668,0.521739130434775,0.8638743455497382,-0.8235294117647064,0.6909090909090909,1,0,0,0
1.1249999999999933,1.086956521739125,0.05759162303664921,-0.3382352941176473,0.2818181818181818,1,0,0,0
0.46875000000000167,0.21739130434782503,-0.9528795811518325,1.5220588235294121,-0.3090909090909091,0,1,0,0
-0.8437500000000172,-0.4782608695652249,0.418848167539267,-0.595588235294118,0.5363636363636364,0,1,0,0
0.031249999999989453,0.652173913043475,0.05235602094240838,0.051470588235293824,0.45454545454545453,0,0,1,0
-0.46875000000000167,-0.782608695652175,1.1204188481675392,-0.8382352941176475,-0.7090909090909091,0,0,1,0
0.593749999999995,0.3043478260869501,1.4659685863874345,-1.2500000000000004,0.7545454545454545,0,0,1,0
0.6874999999999989,0.39130434782607515,-0.47643979057591623,0.5073529411764707,0.5181818181818182,0,1,0,0
0.0,0.521739130434775,0.16753926701570682,0.1617647058823527,-0.13636363636363635,0,1,0,0
-0.5625000000000056,-1.0,-0.9057591623036649,1.1250000000000002,0.06363636363636363,0,0,1,0
-1.0312500000000073,-0.9565217391304498,-0.44502617801047123,0.573529411764706,0.18181818181818182,0,0,1,0
-0.6562500000000094,-1.0,1.7591623036649215,-1.2794117647058831,-0.2545454545454545,0,1,0,0
0.6874999999999989,0.7391304347826001,-0.35602094240837695,0.3455882352941175,-0.08181818181818182,0,1,0,0
0.3749999999999978,-0.04347826086957489,1.0104712041884816,-0.5661764705882357,0.8636363636363636,0,0,1,0
-0.6562500000000094,-0.913043478260875,-0.1256544502617801,0.7794117647058828,-0.33636363636363636,1,0,0,0
0.0,-0.2608695652173999,0.8219895287958116,-0.5441176470588237,-0.45454545454545453,0,1,0,0
-1.0312500000000073,-0.913043478260875,0.3036649214659686,-0.13235294117647095,-0.8909090909090909,0,1,0,0
-0.28125000000001166,-0.6956521739130499,-0.6387434554973822,1.5073529411764712,-0.43636363636363634,0,1,0,0
0.06249999999999667,-0.43478260869565005,-0.7068062827225131,0.4338235294117648,0.5818181818181818,0,1,0,0
0.6562499999999917,0.6956521739130253,-0.4712041884816754,0.47058823529411775,0.36363636363636365,1,0,0,0
-0.4375000000000122,-0.13043478260869995,1.0052356020942408,-0.8161764705882357,0.34545454545454546,0,1,0,0
0.031249999999989453,0.521739130434775,-0.08376963350785341,-0.23529411764705913,-0.32727272727272727,0,1,0,0
0.3749999999999978,-0.08695652173914978,0.32460732984293195,-0.3014705882352943,0.9636363636363636,0,0,1,0
-0.6875000000000167,-0.6956521739130499,-0.28272251308900526,0.051470588235293824,0.45454545454545453,0,0,1,0
0.6562499999999917,0.2608695652173752,1.3926701570680629,-1.11764705882353,-0.14545454545454545,0,1,0,0
0.24999999999998668,0.8695652173913001,1.8219895287958114,-1.2573529411764712,0.44545454545454544,0,0,1,0
-0.7187500000000061,-0.4782608695652249,-0.24607329842931938,0.08088235294117661,-0.9727272727272728,0,1,0,0
0.0,-0.17391304347827483,3.392670157068063,-1.6617647058823537,0.6,0,1,0,0
-0.406250000000005,0.04347826086955017,1.068062827225131,-0.9191176470588239,-0.4636363636363636,1,0,0,0
-0.8437500000000172,-0.782608695652175,1.4031413612565444,-0.9338235294117653,-0.06363636363636363,1,0,0,0
0.5312499999999983,0.08695652173912506,0.8534031413612565,-0.5441176470588237,-0.8,0,0,1,0
-0.6875000000000167,-1.217391304347825,-0.005235602094240838,-0.25,-0.8636363636363636,0,1,0,0
-0.6250000000000022,-0.913043478260875,0.2094240837696335,0.13235294117647042,-0.3090909090909091,0,0,1,0
0.09374999999998612,-0.13043478260869995,1.162303664921466,-0.7132352941176475,0.8,0,0,1,0
0.18749999999999,0.7826086956521503,-0.4397905759162304,0.558823529411765,0.6545454545454545,0,1,0,0
1.1249999999999933,0.9999999999999752,1.12565445026178,-1.0000000000000004,0.20909090909090908,0,1,0,0
0.6250000000000022,0.521739130434775,-0.13612565445026178,0.2573529411764707,0.8090909090909091,0,1,0,0
-0.81250000000001,-0.8695652173913001,0.2356020942408377,-0.13970588235294112,0.09090909090909091,1,0,0,0
0.593749999999995,0.17391304347825012,1.617801047120419,-1.1544117647058831,0.2818181818181818,1,0,0,0
0.3125000000000011,0.17391304347825012,0.5235602094240838,-0.5514705882352944,0.12727272727272726,0,0,1,0
0.15625000000000056,0.6086956521739002,-1.1570680628272252,1.477941176470589,-0.7545454545454545,1,0,0,0
0.09374999999998612,0.7391304347826001,-0.7382198952879581,0.5514705882352944,0.7363636363636363,0,0,1,0
-0.6875000000000167,-1.086956521739125,-0.11518324607329843,-0.15441176470588253,-0.6090909090909091,0,1,0,0
0.6874999999999989,0.7391304347826001,1.968586387434555,-1.2573529411764712,0.15454545454545454,0,0,1,0
-0.7500000000000133,-0.5217391304347998,0.8324607329842932,-0.882352941176471,-0.8,0,1,0,0
-0.6562500000000094,-1.1304347826087,0.1099476439790576,-0.2794117647058828,-0.08181818181818182,0,0,1,0
-0.9062500000000139,-0.652173913043475,-0.07329842931937172,0.007352941176470696,0.9727272727272728,0,1,0,0
0.6874999999999989,0.3043478260869501,1.1518324607329844,-1.0147058823529416,0.9636363636363636,0,1,0,0
-0.218750000000015,-0.5217391304347998,-0.24083769633507854,0.10294117647058817,0.8545454545454545,0,0,1,0
0.06249999999999667,-0.39130434782609985,-0.06806282722513089,0.573529411764706,0.509090909090909,0,0,1,0
-1.0312500000000073,-0.9565217391304498,-0.07329842931937172,-0.4926470588235298,0.14545454545454545,0,1,0,0
0.15625000000000056,0.6956521739130253,1.2617801047120418,-0.9705882352941183,0.03636363636363636,0,1,0,0
-0.5937500000000128,-1.086956521739125,-0.9685863874345549,1.1470588235294124,-0.9727272727272728,1,0,0,0
-0.46875000000000167,-0.04347826086957489,0.07329842931937172,0.08088235294117661,-0.39090909090909093,0,1,0,0
-0.8437500000000172,-0.6956521739130499,-0.08900523560209424,0.6250000000000002,-0.2909090909090909,0,1,0,0
1.1562500000000007,1.30434782608695,-1.293193717277487,1.36764705882353,0.9636363636363636,0,1,0,1
-0.218750000000015,0.3043478260869501,-0.41361256544502617,0.558823529411765,0.01818181818181818,0,1,0,0
-0.031250000000007216,0.521739130434775,-0.05235602094240838,0.09558823529411747,-0.7181818181818181,0,1,0,0
0.4999999999999911,0.04347826086955017,-0.16753926701570682,0.808823529411765,-0.9,0,1,0,0
-0.1250000000000111,-0.39130434782609985,-0.774869109947644,0.3455882352941175,0.18181818181818182,1,0,0,0
-0.25000000000000444,-0.6086956521739249,-1.1204188481675392,0.8382352941176473,0.7090909090909091,0,0,1,0
0.46875000000000167,0.3043478260869501,-0.581151832460733,0.1691176470588234,-0.9454545454545454,0,1,0,0
0.43749999999999445,0.2608695652173752,-0.9424083769633508,0.7058823529411768,-0.2545454545454545,0,1,0,0
-0.6562500000000094,-0.652173913043475,-1.3036649214659686,1.1544117647058825,-0.38181818181818183,0,0,1,0
-0.9375000000000033,-0.8260869565217499,-0.5287958115183246,0.8161764705882357,0.7181818181818181,0,1,0,0
0.6874999999999989,0.34782608695650025,1.1361256544502618,-0.882352941176471,0.6454545454545455,0,1,0,0
-0.18750000000000777,-0.34782608695652495,2.2931937172774868,-1.2941176470588243,-0.8090909090909091,0,1,0,0
-0.9375000000000033,-1.0,-0.5078534031413613,1.4926470588235299,0.23636363636363636,0,1,0,0
-1.0312500000000073,-0.9565217391304498,-0.43455497382198954,0.3897058823529411,-0.33636363636363636,0,1,0,0
0.8124999999999922,0.6956521739130253,1.3403141361256545,-0.7500000000000006,-0.9272727272727272,0,0,1,0
-0.81250000000001,-0.34782608695652495,-0.17277486910994763,-0.095588235294118,0.8181818181818182,0,1,0,0
-0.5937500000000128,-0.5217391304347998,1.225130890052356,-1.0735294117647065,-0.7363636363636363,0,1,0,0
-0.9062500000000139,-0.6956521739130499,-0.29842931937172773,0.2647058823529414,0.5818181818181818,0,1,0,0
-1.3437500000000084,-1.5217391304347752,0.02617801047120419,0.47058823529411775,-0.07272727272727272,0,1,0,0
1.0,0.6086956521739002,-0.47643979057591623,1.1397058823529416,-0.36363636363636365,0,1,0,0
-0.5625000000000056,-0.43478260869565005,0.17801047120418848,0.21323529411764705,0.14545454545454545,0,1,0,0
0.21874999999999722,0.8260869565217251,-1.198952879581152,2.0000000000000004,0.4727272727272727,0,0,1,0
-0.6250000000000022,-0.6956521739130499,-0.2094240837696335,0.4264705882352941,-0.9454545454545454,0,0,1,0
1.093750000000004,1.04347826086955,-1.1361256544502618,1.6397058823529416,-0.05454545454545454,0,1,0,0
0.4999999999999911,0.39130434782607515,0.1256544502617801,0.15441176470588253,0.33636363636363636,0,1,0,0
-0.09375000000000389,0.04347826086955017,-0.4816753926701571,0.7058823529411768,0.4909090909090909,1,0,0,0
0.7499999999999956,0.8260869565217251,0.8900523560209425,-0.7500000000000006,-0.5909090909090909,0,1,0,0
1.1249999999999933,0.9565217391304252,-0.806282722513089,0.8014705882352944,-0.01818181818181818,0,1,0,0
-0.3437500000000083,-0.04347826086957489,2.858638743455497,-1.514705882352942,0.03636363636363636,0,0,1,0
-0.5625000000000056,-0.2608695652173999,0.20418848167539266,-0.25,0.24545454545454545,0,1,0,0
-0.1250000000000111,-0.39130434782609985,0.9528795811518325,-0.8235294117647064,0.6545454545454545,0,0,1,1
-1.0312500000000073,-1.0,0.32460732984293195,-0.04411764705882365,0.15454545454545454,0,1,0,0
-0.6250000000000022,-0.913043478260875,0.3507853403141361,-0.3529411764705887,0.4727272727272727,1,0,0,0
0.09374999999998612,0.13043478260867525,-1.1361256544502618,1.2279411764705885,-0.5545454545454546,0,1,0,0
-0.5937500000000128,-0.9565217391304498,-0.5445026178010471,1.0882352941176474,0.2909090909090909,0,1,0,0
-0.1250000000000111,0.04347826086955017,-0.2356020942408377,0.2426470588235293,-0.7181818181818181,0,1,0,0
0.18749999999999,-0.13043478260869995,-0.9057591623036649,1.0514705882352944,0.5818181818181818,0,1,0,0
0.593749999999995,0.21739130434782503,-0.1256544502617801,0.029411764705882262,-0.7545454545454545,0,0,1,0
0.6562499999999917,0.521739130434775,1.287958115183246,-0.8014705882352946,-0.9272727272727272,1,0,0,0
-0.1250000000000111,-0.34782608695652495,-0.04712041884816754,-0.1691176470588239,0.9727272727272728,1,0,0,0
1.093750000000004,1.2608695652173751,0.3769633507853403,-0.13235294117647095,-0.4818181818181818,0,1,0,0
-0.46875000000000167,-0.21739130434782503,-0.28272251308900526,0.17647058823529407,-0.8272727272727273,1,0,0,0
1.0,0.7391304347826001,1.774869109947644,-1.1470588235294124,-0.36363636363636365,0,1,0,0
-0.7500000000000133,-0.5217391304347998,0.36649214659685864,-0.36764705882352955,-0.8909090909090909,0,0,1,0
0.7187499999999883,0.08695652173912506,-0.1256544502617801,-0.286764705882353,0.07272727272727272,0,1,0,0
-0.46875000000000167,-0.2608695652173999,0.4031413612565445,-0.45588235294117685,-0.33636363636363636,0,0,1,0
-0.15625000000000056,-0.43478260869565005,0.7225130890052356,-0.3161764705882357,-0.23636363636363636,0,1,0,0
-0.5000000000000089,-0.34782608695652495,0.6649214659685864,-0.5000000000000006,0.08181818181818182,0,1,0,0
-0.5937500000000128,-0.782608695652175,2.900523560209424,-1.6250000000000009,0.5545454545454546,0,1,0,0
0.7499999999999956,0.7391304347826001,2.722513089005236,-1.5441176470588243,-0.3,0,0,1,0
0.3125000000000011,0.21739130434782503,-0.387434554973822,0.9264705882352946,-0.6545454545454545,0,0,1,0
1.0312499999999893,0.7826086956521503,-0.06282722513089005,-0.13970588235294112,-0.7363636363636363,0,1,0,0
0.5312499999999983,0.0,1.2303664921465969,-0.8897058823529417,-0.44545454545454544,0,1,0,0
0.3125000000000011,0.521739130434775,3.6858638743455496,-1.727941176470589,-0.5818181818181818,1,0,0,0
-1.4375000000000122,-1.82608695652175,0.20418848167539266,-0.286764705882353,-0.8636363636363636,0,1,0,0
-0.5937500000000128,-1.086956521739125,-0.225130890052356,0.6250000000000002,0.8818181818181818,1,0,0,0
0.7187499999999883,0.43478260869565005,0.6858638743455497,-0.4338235294117648,0.7,0,1,0,0
1.1249999999999933,1.2173913043478004,-0.3089005235602094,0.9264705882352946,-0.5545454545454546,0,0,1,0
-0.5937500000000128,-0.4782608695652249,0.5602094240837696,-0.6176470588235299,0.43636363636363634,0,1,0,0
-0.6250000000000022,-0.4782608695652249,0.15706806282722513,-0.29411764705882365,0.7454545454545455,0,0,1,0
0.09374999999998612,0.4782608695652002,1.7172774869109948,-1.227941176470589,0.23636363636363636,0,0,1,0
-0.5937500000000128,-0.56521739130435,-0.24607329842931938,0.08088235294117661,0.39090909090909093,0,0,1,0
0.5624999999999878,0.3043478260869501,0.08376963350785341,-0.08088235294117661,-0.15454545454545454,0,1,0,0
-0.06250000000001443,-0.2608695652173999,2.643979057591623,-1.4485294117647067,0.5272727272727272,0,1,0,0
0.6250000000000022,0.4782608695652002,-0.25654450261780104,1.4044117647058831,0.41818181818181815,0,1,0,1
-0.8437500000000172,-0.8260869565217499,-1.0785340314136125,0.882352941176471,0.9454545454545454,0,1,0,0
0.031249999999989453,-0.21739130434782503,0.2774869109947644,-0.3161764705882357,-0.6454545454545455,0,0,1,0
0.18749999999999,0.6956521739130253,1.8900523560209423,-1.2132352941176476,-0.5454545454545454,1,0,0,0
-1.1875000000000078,-1.30434782608695,0.29842931937172773,-0.5073529411764707,0.7181818181818181,0,1,0,0
0.15625000000000056,0.08695652173912506,-0.46596858638743455,0.7720588235294121,-0.7454545454545455,0,1,0,0
-0.7500000000000133,-0.56521739130435,-0.17801047120418848,0.2647058823529414,-0.1,1,0,0,0
-1.406250000000005,-1.7391304347826002,-0.1518324607329843,0.08088235294117661,0.44545454545454544,0,1,0,0
-0.5625000000000056,-0.43478260869565005,0.7486910994764397,-0.7279411764705886,0.16363636363636364,1,0,0,0
-0.6250000000000022,-0.56521739130435,-0.5706806282722513,0.573529411764706,-0.33636363636363636,0,0,1,0
-0.6250000000000022,-0.8695652173913001,-0.2670157068062827,0.051470588235293824,-0.4636363636363636,0,0,1,0
1.18749999999999,1.17391304347825,-0.4397905759162304,0.573529411764706,0.8090909090909091,0,1,0,0
0.40624999999998723,0.21739130434782503,-0.20418848167539266,0.6250000000000002,-0.1,0,0,1,0
0.4999999999999911,0.17391304347825012,0.10471204188481675,-0.39705882352941185,0.6727272727272727,0,1,0,0
0.7187499999999883,0.04347826086955017,-0.581151832460733,1.1544117647058825,0.32727272727272727,0,0,1,0
0.34374999999999056,0.3043478260869501,-0.5602094240837696,0.5367647058823529,-0.9272727272727272,0,0,1,0
-1.406250000000005,-1.69565217391305,0.42408376963350786,-0.4779411764705884,-0.23636363636363636,0,0,1,0
-0.7500000000000133,-1.086956521739125,0.18324607329842932,-0.13235294117647095,-0.4,1,0,0,0
0.34374999999999056,0.2608695652173752,0.2513089005235602,0.08088235294117661,-0.22727272727272727,0,1,0,0
0.4999999999999911,0.21739130434782503,0.2198952879581152,0.14705882352941183,-0.35454545454545455,0,1,0,0
-0.37500000000001554,-0.6956521739130499,-0.6073298429319371,1.2647058823529413,0.42727272727272725,0,1,0,0
-0.9375000000000033,-0.9565217391304498,-0.7225130890052356,1.0220588235294121,0.6090909090909091,1,0,0,0
1.0,0.7391304347826001,0.9895287958115183,-0.6985294117647062,-0.8090909090909091,0,1,0,0
0.3125000000000011,-0.13043478260869995,-0.05235602094240838,-0.0882352941176473,0.38181818181818183,0,1,0,0
0.4999999999999911,0.04347826086955017,-0.900523560209424,1.5514705882352948,-0.5454545454545454,0,1,0,1
0.24999999999998668,0.34782608695650025,-0.1518324607329843,-0.3235294117647059,0.6181818181818182,1,0,0,0
0.0,0.43478260869565005,0.6073298429319371,-0.4926470588235298,0.7181818181818181,0,1,0,0
-0.37500000000001554,0.17391304347825012,1.1204188481675392,-0.9705882352941183,-0.8181818181818182,0,1,0,0
-0.5625000000000056,-1.043478260869575,0.08900523560209424,0.09558823529411747,-0.8818181818181818,0,0,1,0
-1.0312500000000073,-0.9565217391304498,1.12565445026178,-1.0955882352941182,0.37272727272727274,0,1,0,0
0.7187499999999883,0.04347826086955017,-0.900523560209424,0.39705882352941185,-0.4909090909090909,0,1,0,1
-0.37500000000001554,-0.39130434782609985,0.4083769633507853,-0.25,-0.05454545454545454,0,0,1,0
0.40624999999998723,0.34782608695650025,-0.07329842931937172,-0.0882352941176473,0.6545454545454545,0,0,1,0
0.0,-0.43478260869565005,0.29842931937172773,-0.345588235294118,-0.8454545454545455,1,0,0,0
0.031249999999989453,-0.13043478260869995,-0.11518324607329843,0.13235294117647042,-0.00909090909090909,0,1,0,0
-0.3125000000000011,-0.6956521739130499,-0.6910994764397905,1.132352941176471,0.4727272727272727,0,1,0,0
-0.5000000000000089,-0.3043478260869748,0.29842931937172773,-0.16176470588235323,-0.6363636363636364,0,1,0,0
-0.5937500000000128,-0.3043478260869748,-0.2931937172774869,0.5147058823529413,0.7090909090909091,0,1,0,0
-1.3750000000000155,-1.6086956521739249,-0.6073298429319371,0.0,-0.23636363636363636,0,0,1,0
0.031249999999989453,-0.13043478260869995,-0.5340314136125655,0.676470588235294,0.509090909090909,0,1,0,0
-0.46875000000000167,-0.08695652173914978,0.3193717277486911,-0.22058823529411775,-0.7,0,1,0,0
-0.9375000000000033,-0.8695652173913001,0.42408376963350786,-0.24264705882352983,0.9818181818181818,0,1,0,0
1.093750000000004,1.30434782608695,-0.5130890052356021,-0.13235294117647095,-0.44545454545454544,0,1,0,0
0.8437499999999994,0.9130434782608502,-0.17801047120418848,-0.23529411764705913,0.32727272727272727,0,0,1,0
-0.46875000000000167,-0.13043478260869995,-0.8952879581151832,0.463235294117647,-0.2818181818181818,0,1,0,0
-0.6875000000000167,-1.086956521739125,-0.44502617801047123,0.21323529411764705,0.9090909090909091,1,0,0,0
-0.8750000000000067,-0.8695652173913001,1.193717277486911,-0.9117647058823535,-0.5909090909090909,0,0,1,0
0.43749999999999445,0.17391304347825012,0.450261780104712,-0.25,0.1,0,1,0,0
-0.28125000000001166,-0.6086956521739249,-0.05759162303664921,-0.1691176470588239,-0.14545454545454545,0,1,0,0
0.5624999999999878,0.21739130434782503,-1.2722513089005236,1.8970588235294128,-0.7090909090909091,0,0,1,0
0.46875000000000167,0.2608695652173752,0.9214659685863874,-0.7794117647058828,-0.8818181818181818,0,1,0,0
-0.4375000000000122,-0.39130434782609985,-0.28272251308900526,0.1617647058823527,0.6818181818181818,1,0,0,0
0.09374999999998612,0.652173913043475,0.07329842931937172,-0.08088235294117661,-0.5636363636363636,0,1,0,0
0.12499999999999334,0.652173913043475,0.11518324607329843,-0.18382352941176477,0.7636363636363637,0,1,0,0
0.9062499999999961,0.43478260869565005,-0.39267015706806285,-0.02205882352941209,0.6727272727272727,0,0,1,0
-0.46875000000000167,-0.2608695652173999,-0.2774869109947644,0.3014705882352943,-0.4,0,1,0,0
0.34374999999999056,0.08695652173912506,-0.27225130890052357,-0.029411764705882262,0.14545454545454545,0,1,0,0
-0.8437500000000172,-0.39130434782609985,-1.198952879581152,1.0441176470588236,0.12727272727272726,0,1,0,0
-0.6250000000000022,-1.086956521739125,-0.225130890052356,0.47058823529411775,0.32727272727272727,0,1,0,0
0.5624999999999878,-0.08695652173914978,-0.675392670157068,0.6176470588235295,0.6636363636363637,0,1,0,1
0.6562499999999917,0.6086956521739002,-0.1099476439790576,0.18382352941176477,-0.8272727272727273,1,0,0,0
0.12499999999999334,0.5652173913043252,-0.3036649214659686,0.10294117647058817,-0.37272727272727274,0,1,0,0
0.15625000000000056,0.3043478260869501,-0.6701570680628273,0.9632352941176475,0.6545454545454545,0,1,0,0
0.15625000000000056,0.6956521739130253,0.020942408376963352,0.39705882352941185,-0.3,0,1,0,0
-0.6562500000000094,-0.6086956521739249,0.6073298429319371,0.0,-0.5636363636363636,0,1,0,0
-0.37500000000001554,0.04347826086955017,-0.900523560209424,0.6544117647058825,0.12727272727272726,0,0,1,0
-0.5312500000000161,-0.17391304347827483,0.07853403141361257,-0.02205882352941209,0.5272727272727272,0,1,0,0
0.34374999999999056,0.2608695652173752,-0.4031413612565445,0.4411764705882355,-0.36363636363636365,0,0,1,0
0.3125000000000011,0.6956521739130253,1.638743455497382,-1.1470588235294124,-0.9090909090909091,0,1,0,0
0.09374999999998612,-0.04347826086957489,-0.418848167539267,0.3014705882352943,0.7454545454545455,0,1,0,0
-0.7812500000000028,-0.7391304347826249,-0.5026178010471204,1.1102941176470593,-0.19090909090909092,0,1,0,0
0.3749999999999978,0.21739130434782503,-0.4031413612565445,0.04411764705882365,-0.4818181818181818,0,1,0,0
-0.37500000000001554,0.17391304347825012,0.7172774869109948,-0.8014705882352946,0.8,0,1,0,0
-0.218750000000015,-0.3043478260869748,1.036649214659686,-0.6544117647058828,0.8363636363636363,0,1,0,0
0.3749999999999978,0.0,-1.225130890052356,1.2279411764705885,0.8,0,1,0,1
-0.09375000000000389,0.43478260869565005,3.356020942408377,-1.6470588235294126,0.7545454545454545,0,1,0,0
1.3749999999999978,1.5652173913043252,0.8743455497382199,-0.5294117647058828,-0.9090909090909091,0,1,0,0
-0.3437500000000083,-0.04347826086957489,-0.6073298429319371,0.3750000000000003,0.02727272727272727,1,0,0,0
-0.8437500000000172,-0.652173913043475,2.0837696335078535,-1.3235294117647065,-0.23636363636363636,0,0,1,0
-0.031250000000007216,-0.17391304347827483,0.20418848167539266,0.5147058823529413,-0.7454545454545455,0,1,0,0
0.18749999999999,0.08695652173912506,-0.16753926701570682,0.007352941176470696,-0.43636363636363634,0,0,1,0
0.593749999999995,0.21739130434782503,0.418848167539267,-0.0882352941176473,-0.11818181818181818,0,1,0,0
0.9375000000000033,0.4782608695652002,0.643979057591623,-0.5735294117647064,-0.7818181818181819,0,1,0,0
0.24999999999998668,0.08695652173912506,-0.45549738219895286,0.7941176470588237,0.4090909090909091,0,0,1,0
-1.3750000000000155,-1.69565217391305,1.2356020942408377,-1.0441176470588243,-0.11818181818181818,0,0,1,0
-0.81250000000001,-0.7391304347826249,0.010471204188481676,-0.21323529411764705,0.9818181818181818,0,0,1,0
0.21874999999999722,0.652173913043475,0.06806282722513089,-0.3308823529411766,-0.8454545454545455,0,1,0,0
-0.5625000000000056,-0.43478260869565005,-0.09947643979057591,-0.22794117647058842,-0.7181818181818181,1,0,0,0
0.34374999999999056,0.6086956521739002,-0.02617801047120419,0.6911764705882355,-0.9454545454545454,0,0,1,0
0.18749999999999,0.8695652173913001,0.04712041884816754,-0.23529411764705913,0.41818181818181815,0,1,0,0
0.6562499999999917,0.3043478260869501,0.3089005235602094,-0.14705882352941183,-0.2636363636363636,0,0,1,0
0.46875000000000167,0.2608695652173752,-0.46596858638743455,0.8529411764705886,0.8181818181818182,1,0,0,0
0.3125000000000011,0.43478260869565005,0.02617801047120419,0.10294117647058817,0.7,0,1,0,0
-0.8750000000000067,-0.6956521739130499,-0.5497382198952879,1.4926470588235299,-0.8636363636363636,0,1,0,0
-0.8750000000000067,-0.6086956521739249,0.387434554973822,-0.3308823529411766,0.23636363636363636,0,0,1,0
-0.37500000000001554,-0.6086956521739249,-0.7696335078534031,0.7794117647058828,0.7090909090909091,0,1,0,0
0.18749999999999,0.0,0.4973821989528796,-0.5367647058823535,-0.2545454545454545,0,1,0,0
-0.9062500000000139,-0.6086956521739249,0.8691099476439791,-0.6911764705882357,-0.3181818181818182,0,1,0,0
0.2812499999999939,0.6086956521739002,0.24607329842931938,-0.38235294117647095,0.5,0,0,1,0
-0.09375000000000389,-0.2608695652173999,0.2198952879581152,-0.5808823529411766,-0.8090909090909091,0,1,0,0
0.031249999999989453,0.5652173913043252,-0.36649214659685864,-0.16176470588235323,-0.6454545454545455,0,1,0,0
-0.46875000000000167,-0.2608695652173999,0.9633507853403142,-0.7941176470588239,-0.5454545454545454,0,1,0,0
0.6874999999999989,0.652173913043475,0.21465968586387435,-0.4264705882352946,-0.9727272727272728,0,1,0,0
0.2812499999999939,0.34782608695650025,0.3769633507853403,-0.4044117647058825,0.39090909090909093,0,0,1,0
-0.7812500000000028,-0.782608695652175,-0.41361256544502617,1.0147058823529413,0.22727272727272727,0,1,0,0
0.6562499999999917,0.7826086956521503,0.49214659685863876,-0.3161764705882357,0.4818181818181818,1,0,0,0
0.8124999999999922,0.17391304347825012,-1.256544502617801,2.0367647058823537,0.8181818181818182,0,1,0,1
-0.1250000000000111,-0.21739130434782503,0.04712041884816754,-0.286764705882353,0.5909090909090909,0,1,0,0
0.15625000000000056,0.39130434782607515,-0.5340314136125655,1.0661764705882357,-0.11818181818181818,0,0,1,0
0.0,0.521739130434775,0.9057591623036649,-0.720588235294118,0.4,0,1,0,0
-1.0625000000000144,-1.0,0.17801047120418848,-0.2794117647058828,1.1454545454545455,0,0,1,0
0.7499999999999956,0.17391304347825012,-0.2094240837696335,0.21323529411764705,0.7454545454545455,0,1,0,0
0.5624999999999878,0.13043478260867525,-0.680628272251309,0.5808823529411766,-0.3090909090909091,0,0,1,1
-0.81250000000001,-0.6956521739130499,0.14136125654450263,-0.11764705882352956,-0.12727272727272726,0,1,0,0
-0.6875000000000167,-0.9565217391304498,0.193717277486911,-0.02205882352941209,-0.6272727272727273,0,0,1,0
-1.0312500000000073,-1.086956521739125,-0.7068062827225131,0.8750000000000002,0.3,0,1,0,0
-0.9062500000000139,-0.782608695652175,0.34554973821989526,-0.6544117647058828,-0.4,0,1,0,0
-0.7812500000000028,-0.8260869565217499,2.575916230366492,-1.441176470588236,-0.8818181818181818,0,0,1,0
-0.81250000000001,-0.652173913043475,-0.806282722513089,0.8382352941176473,-0.7818181818181819,0,0,1,0
-0.6562500000000094,-1.086956521739125,-1.057591623036649,1.3529411764705888,0.43636363636363634,0,0,1,0
0.031249999999989453,-0.13043478260869995,0.015706806282722512,0.12499999999999974,0.4909090909090909,0,1,0,0
-0.7187500000000061,-0.3043478260869748,-0.3036649214659686,0.595588235294118,-0.8818181818181818,1,0,0,0
0.4999999999999911,0.0,-0.5287958115183246,0.7352941176470591,-0.9454545454545454,0,1,0,0
-0.37500000000001554,0.04347826086955017,3.1204188481675392,-1.477941176470589,-0.08181818181818182,0,0,1,0
-0.5625000000000056,-0.3043478260869748,0.031413612565445025,-0.4338235294117648,0.3090909090909091,0,0,1,0
0.06249999999999667,0.5652173913043252,0.2670157068062827,-0.4264705882352946,-0.07272727272727272,0,0,1,0
-0.7812500000000028,-0.782608695652175,0.33507853403141363,-0.4044117647058825,-0.32727272727272727,0,0,1,0
-0.1250000000000111,-0.4782608695652249,0.743455497382199,-0.6029411764705886,0.43636363636363634,0,0,1,0
0.4999999999999911,0.0,-0.6230366492146597,0.7647058823529413,-0.6272727272727273,0,1,0,0
-0.218750000000015,-0.5217391304347998,1.356020942408377,-0.7941176470588239,-0.14545454545454545,1,0,0,0
1.0624999999999967,0.652173913043475,0.387434554973822,-0.14705882352941183,0.045454545454545456,0,1,0,0
-0.6562500000000094,-0.913043478260875,0.5863874345549738,-0.7794117647058828,-0.8363636363636363,0,1,0,0
0.031249999999989453,0.652173913043475,0.5392670157068062,-0.6691176470588239,0.8363636363636363,0,1,0,0
0.8437499999999994,0.9565217391304252,-0.612565445026178,1.3014705882352944,0.5909090909090909,0,1,0,0
-0.5937500000000128,-0.6086956521739249,-0.39267015706806285,1.0882352941176474,-0.5636363636363636,0,1,0,0
0.7812500000000028,0.8695652173913001,-0.15706806282722513,-0.20588235294117688,0.7,0,1,0,0
-0.031250000000007216,0.5652173913043252,-0.193717277486911,-0.08088235294117661,0.16363636363636364,0,0,1,0
-0.06250000000001443,0.521739130434775,-0.6910994764397905,0.8970588235294118,0.5454545454545454,0,1,0,0
0.12499999999999334,0.6086956521739002,0.8272251308900523,-0.30882352941176505,0.02727272727272727,0,1,0,0
0.24999999999998668,0.2608695652173752,-0.09424083769633508,0.06617647058823521,0.6727272727272727,0,0,1,0
0.9062499999999961,0.4782608695652002,-0.225130890052356,0.27941176470588225,-0.03636363636363636,0,0,1,0
-0.4375000000000122,-0.2608695652173999,-0.08376963350785341,-0.4779411764705884,0.6909090909090909,0,0,1,0
1.312500000000001,1.5217391304347752,0.4293193717277487,-0.5882352941176473,0.8636363636363636,0,0,1,0
0.18749999999999,-0.21739130434782503,0.3403141361256545,-0.3602941176470589,-0.22727272727272727,0,0,1,0
0.12499999999999334,-0.08695652173914978,-0.193717277486911,0.9632352941176475,0.5909090909090909,0,0,1,0
-1.0625000000000144,-0.9565217391304498,-0.43455497382198954,0.7352941176470591,0.2818181818181818,0,1,0,0
-0.6250000000000022,-0.5217391304347998,-0.23036649214659685,0.75,0.07272727272727272,0,0,1,0
-0.5625000000000056,-0.2608695652173999,0.09424083769633508,-0.22058823529411775,-0.20909090909090908,1,0,0,0
-0.6875000000000167,-0.4782608695652249,0.14136125654450263,0.058823529411764525,-0.5909090909090909,0,0,1,0
-0.4375000000000122,-0.04347826086957489,0.08376963350785341,-0.14705882352941183,0.8272727272727273,0,0,1,0
-0.81250000000001,-0.5217391304347998,-0.4397905759162304,0.7794117647058828,-0.9090909090909091,1,0,0,0
-0.7812500000000028,-0.4782608695652249,1.6701570680628273,-1.080882352941177,0.8636363636363636,0,1,0,0
0.06249999999999667,-0.13043478260869995,0.5968586387434555,0.051470588235293824,0.4636363636363636,0,0,1,0
-0.6875000000000167,-1.086956521739125,-1.5759162303664922,1.977941176470589,0.2,0,0,1,0
-0.5312500000000161,-0.39130434782609985,-0.06282722513089005,0.8161764705882357,-0.8545454545454545,0,0,1,0
-0.37500000000001554,-0.652173913043475,-0.4083769633507853,0.6985294117647062,-0.6545454545454545,0,0,1,0
-1.4375000000000122,-1.7391304347826002,1.6701570680628273,-1.1617647058823535,0.5181818181818182,0,0,1,0
-0.46875000000000167,-0.17391304347827483,1.0471204188481675,-1.0294117647058827,-0.9272727272727272,0,1,0,0
0.7187499999999883,0.7826086956521503,0.39267015706806285,-0.7500000000000006,-0.5727272727272728,0,1,0,0
-0.5625000000000056,-0.4782608695652249,0.08376963350785341,-0.23529411764705913,-0.6,0,1,0,0
0.6250000000000022,0.4782608695652002,-0.7015706806282722,0.7867647058823529,0.5181818181818182,0,1,0,0
0.7499999999999956,0.7826086956521503,0.2617801047120419,0.0,0.7272727272727273,0,1,0,0
-0.6562500000000094,-0.6086956521739249,0.643979057591623,-0.25,0.9363636363636364,0,1,0,0
0.18749999999999,-0.2608695652173999,0.39267015706806285,-0.345588235294118,-0.6636363636363637,0,1,0,0
-0.46875000000000167,-0.13043478260869995,-0.17801047120418848,0.19852941176470565,0.8909090909090909,0,1,0,0
0.2812499999999939,0.39130434782607515,-0.5445026178010471,1.3161764705882357,0.7545454545454545,0,1,0,1
0.031249999999989453,0.39130434782607515,-1.2984293193717278,2.330882352941177,0.38181818181818183,0,1,0,1
0.15625000000000056,0.43478260869565005,-0.16753926701570682,0.04411764705882365,-0.7363636363636363,0,1,0,0
-1.218750000000015,-1.30434782608695,-0.32460732984293195,0.11764705882352956,-0.9454545454545454,0,1,0,0
-0.3125000000000011,-0.56521739130435,-0.005235602094240838,0.48529411764705915,0.8181818181818182,0,1,0,0
0.09374999999998612,0.4782608695652002,-0.16753926701570682,0.47058823529411775,0.5181818181818182,0,1,0,0
-0.5000000000000089,-0.7391304347826249,0.5706806282722513,-0.29411764705882365,0.6090909090909091,1,0,0,0
0.09374999999998612,0.7826086956521503,1.9109947643979057,-1.3823529411764712,-0.13636363636363635,0,1,0,0
-0.5625000000000056,-1.0,2.1099476439790577,-1.3235294117647065,-0.02727272727272727,0,1,0,0
-0.218750000000015,0.3043478260869501,-0.5863874345549738,0.6470588235294118,0.2909090909090909,0,1,0,0
-0.6250000000000022,-0.8260869565217499,0.7905759162303665,-0.3529411764705887,0.43636363636363634,0,0,1,0
-0.8750000000000067,-0.6956521739130499,0.005235602094240838,0.13970588235294112,0.3181818181818182,0,1,0,0
0.593749999999995,0.0,-0.743455497382199,0.3897058823529411,0.6090909090909091,0,1,0,1
-0.7812500000000028,-0.56521739130435,-0.2617801047120419,-0.029411764705882262,-0.34545454545454546,0,0,1,0
-0.6875000000000167,-0.4782608695652249,0.11518324607329843,-0.11764705882352956,0.05454545454545454,0,0,1,0
-1.0625000000000144,-1.0,-0.2617801047120419,0.4338235294117648,-0.6727272727272727,0,1,0,0
-0.81250000000001,-0.652173913043475,-0.9214659685863874,0.882352941176471,-0.7545454545454545,0,0,1,0
-0.7500000000000133,-1.1739130434782747,1.3664921465968587,-0.8161764705882357,0.2909090909090909,0,1,0,0
0.12499999999999334,0.2608695652173752,0.7905759162303665,-0.845588235294118,0.4909090909090909,1,0,0,0
1.0312499999999893,0.7826086956521503,-0.4397905759162304,0.7941176470588237,-0.6181818181818182,0,0,1,0
1.18749999999999,1.3478260869565002,0.45549738219895286,-0.6029411764705886,-0.9272727272727272,0,1,0,0
0.4999999999999911,0.4782608695652002,-0.1099476439790576,0.2573529411764707,0.42727272727272725,0,1,0,0
0.3125000000000011,0.34782608695650025,-1.1570680628272252,2.0441176470588247,-0.8818181818181818,0,1,0,1
-0.37500000000001554,0.13043478260867525,0.225130890052356,-0.17647058823529407,0.4727272727272727,0,1,0,0
-0.6875000000000167,-1.1739130434782747,0.5392670157068062,-0.3382352941176473,-0.8454545454545455,0,1,0,0
-0.9687500000000105,-0.8695652173913001,-0.4869109947643979,0.5514705882352944,-0.2545454545454545,1,0,0,0
0.7187499999999883,0.2608695652173752,0.09424083769633508,0.022058823529411565,0.4090909090909091,0,0,1,0
-0.5937500000000128,-0.7391304347826249,-0.13089005235602094,0.20588235294117635,0.6909090909090909,0,1,0,0
-0.5937500000000128,-0.782608695652175,-1.0418848167539267,0.7132352941176471,-0.5636363636363636,0,1,0,0
0.12499999999999334,-0.08695652173914978,-0.10471204188481675,0.676470588235294,0.15454545454545454,0,0,1,0
-0.406250000000005,-0.652173913043475,1.068062827225131,-0.882352941176471,-0.03636363636363636,0,0,1,0
0.12499999999999334,0.8260869565217251,1.4450261780104712,-0.9117647058823535,-0.5545454545454546,0,0,1,0
1.0312499999999893,0.9130434782608502,0.3036649214659686,-0.13970588235294112,-0.5636363636363636,0,0,1,0
1.1249999999999933,1.1304347826086751,0.8691099476439791,-0.6176470588235299,0.11818181818181818,0,0,1,0
0.15625000000000056,0.7826086956521503,-0.4712041884816754,0.08823529411764679,-0.5818181818181818,0,1,0,0
-1.0000000000000178,-1.0,0.5340314136125655,-0.22794117647058842,-0.20909090909090908,0,1,0,0
0.5624999999999878,-0.17391304347827483,0.3403141361256545,-0.19117647058823548,0.2545454545454545,0,0,1,0
0.5312499999999983,0.21739130434782503,-0.27225130890052357,0.7794117647058828,0.00909090909090909,0,1,0,0
0.7187499999999883,0.0,2.1099476439790577,-1.389705882352942,0.02727272727272727,0,1,0,0
0.40624999999998723,0.13043478260867525,-0.8848167539267016,0.22794117647058842,0.23636363636363636,0,1,0,0
0.031249999999989453,0.652173913043475,0.23036649214659685,-0.17647058823529407,1.0,1,0,0,0
0.593749999999995,-0.08695652173914978,-0.6020942408376964,0.8308823529411766,0.6909090909090909,0,1,0,0
-0.28125000000001166,-0.7391304347826249,-0.8010471204188482,0.823529411764706,-0.1,0,1,0,0
-0.8437500000000172,-0.4782608695652249,0.3507853403141361,-0.16176470588235323,0.42727272727272725,0,1,0,0
-0.3437500000000083,0.0,-0.6701570680628273,0.6470588235294118,-0.43636363636363634,0,1,0,0
-0.5625000000000056,-0.652173913043475,0.3507853403141361,-0.3897058823529417,0.6181818181818182,0,1,0,0
-0.5312500000000161,-0.8260869565217499,2.5340314136125652,-1.49264705882353,0.8272727272727273,1,0,0,0
-1.406250000000005,-1.7391304347826002,-1.293193717277487,1.632352941176471,0.3181818181818182,1,0,0,0
-1.0625000000000144,-1.1739130434782747,0.15706806282722513,-0.558823529411765,0.6818181818181818,0,0,1,0
0.6874999999999989,0.34782608695650025,-0.6596858638743456,0.4926470588235293,0.5363636363636364,0,1,0,1
0.3749999999999978,0.39130434782607515,-0.2094240837696335,0.7426470588235299,0.9727272727272728,0,0,1,0
-0.5625000000000056,-0.6956521739130499,-0.3612565445026178,0.4485294117647062,0.37272727272727274,0,0,1,0
0.06249999999999667,0.13043478260867525,-0.8743455497382199,1.0514705882352944,-0.5,0,1,0,0
-0.6250000000000022,-0.8695652173913001,-0.5916230366492147,0.7132352941176471,-0.2,0,0,1,0
0.7187499999999883,0.43478260869565005,1.9738219895287958,-1.1470588235294124,0.44545454545454544,0,1,0,0
0.06249999999999667,-0.13043478260869995,-0.193717277486911,0.08088235294117661,0.44545454545454544,0,1,0,0
0.09374999999998612,0.6956521739130253,-0.13089005235602094,-0.014705882352941391,0.7090909090909091,0,0,1,0
-0.9062500000000139,-0.8695652173913001,1.3979057591623036,-0.9485294117647064,0.3,1,0,0,0
0.06249999999999667,-0.43478260869565005,1.0261780104712042,-0.720588235294118,0.6454545454545455,0,1,0,0
-0.6562500000000094,-0.652173913043475,0.5602094240837696,-0.5147058823529413,-0.4636363636363636,0,1,0,0
0.031249999999989453,0.6086956521739002,0.24083769633507854,-0.21323529411764705,-0.36363636363636365,0,1,0,0
0.2812499999999939,0.34782608695650025,-0.581151832460733,0.9411764705882355,0.6,0,1,0,0
1.18749999999999,1.2608695652173751,-0.36649214659685864,0.6102941176470589,0.6454545454545455,0,1,0,0
0.6562499999999917,0.652173913043475,-0.6492146596858639,0.20588235294117635,-0.8545454545454545,0,0,1,0
0.7187499999999883,0.39130434782607515,0.27225130890052357,0.036764705882352956,0.8909090909090909,0,1,0,0
0.6874999999999989,0.6956521739130253,-0.3193717277486911,0.11764705882352956,0.18181818181818182,0,0,1,0
0.6250000000000022,0.5652173913043252,0.5235602094240838,-0.30882352941176505,-0.02727272727272727,0,1,0,0
-0.9687500000000105,-1.0,0.39790575916230364,-0.4411764705882355,-0.11818181818181818,0,0,1,0
0.6874999999999989,0.521739130434775,0.7801047120418848,-0.5367647058823535,0.00909090909090909,0,1,0,0
0.09374999999998612,-0.13043478260869995,-0.49214659685863876,0.5441176470588237,0.2818181818181818,1,0,0,0
-0.406250000000005,-0.13043478260869995,-0.06806282722513089,-0.11029411764705888,0.18181818181818182,0,0,1,0
0.5312499999999983,0.43478260869565005,0.49214659685863876,-0.757352941176471,0.6363636363636364,0,0,1,0
0.24999999999998668,0.8695652173913001,-0.418848167539267,0.007352941176470696,-0.4,0,1,0,0
0.7812500000000028,0.9565217391304252,0.16230366492146597,-0.4264705882352946,-0.6909090909090909,0,1,0,0
0.031249999999989453,0.0,-0.1518324607329843,0.286764705882353,0.8272727272727273,0,0,1,0
1.2812499999999938,1.4782608695652002,1.2356020942408377,-0.882352941176471,-0.24545454545454545,0,0,1,0
-0.5937500000000128,-1.0,2.7539267015706805,-1.4852941176470598,-0.1,0,1,0,0
-1.3750000000000155,-1.69565217391305,4.015706806282722,-1.8750000000000009,0.38181818181818183,0,1,0,1
0.6250000000000022,0.6086956521739002,-0.6282722513089005,0.9926470588235299,0.00909090909090909,0,0,1,0
-0.37500000000001554,0.0,-0.17801047120418848,0.9632352941176475,0.7454545454545455,0,0,1,0
0.43749999999999445,0.13043478260867525,-0.8010471204188482,1.0882352941176474,0.41818181818181815,0,0,1,0
-0.46875000000000167,-0.04347826086957489,0.09947643979057591,0.01470588235294087,-0.6818181818181818,0,1,0,0
0.2812499999999939,0.34782608695650025,1.3717277486910995,-1.1691176470588243,0.6545454545454545,0,0,1,0
-0.09375000000000389,-0.39130434782609985,0.005235602094240838,-0.10294117647058817,0.9545454545454546,0,1,0,0
0.18749999999999,0.3043478260869501,1.1570680628272252,-0.7426470588235299,-0.2818181818181818,0,0,1,0
-0.031250000000007216,0.5652173913043252,-0.09947643979057591,-0.22794117647058842,0.6909090909090909,0,1,0,0
0.24999999999998668,0.0,3.073298429319372,-1.639705882352942,0.23636363636363636,0,1,0,0
0.7187499999999883,0.08695652173912506,2.0785340314136125,-1.1544117647058831,0.05454545454545454,0,1,0,0
0.34374999999999056,0.9999999999999752,0.010471204188481676,-0.036764705882352956,-0.045454545454545456,0,0,1,0
0.6562499999999917,0.521739130434775,-0.6544502617801047,1.132352941176471,-0.6545454545454545,0,1,0,0
1.0624999999999967,1.2608695652173751,0.23036649214659685,0.01470588235294087,-0.3090909090909091,0,1,0,0
-0.1250000000000111,0.43478260869565005,0.7643979057591623,-0.5441176470588237,0.7090909090909091,0,0,1,0
0.5624999999999878,0.521739130434775,-0.010471204188481676,0.051470588235293824,-0.43636363636363634,0,1,0,0
-0.7812500000000028,-0.652173913043475,-0.9267015706806283,1.6397058823529416,0.6,0,1,0,0
0.8749999999999889,0.3043478260869501,0.5602094240837696,-0.5808823529411766,-0.8181818181818182,0,1,0,0
0.18749999999999,0.34782608695650025,0.7015706806282722,-0.21323529411764705,0.07272727272727272,0,1,0,0
0.0,-0.3043478260869748,1.0,-0.9338235294117653,-0.5727272727272728,0,1,0,0
0.46875000000000167,0.13043478260867525,-0.2670157068062827,0.4117647058823532,0.5181818181818182,0,0,1,0
-0.8437500000000172,-0.782608695652175,-1.1465968586387434,1.485294117647059,-0.5181818181818182,0,1,0,0
-0.5937500000000128,-0.782608695652175,1.6806282722513088,-1.1691176470588243,-0.5272727272727272,1,0,0,0
0.2812499999999939,0.34782608695650025,0.3507853403141361,-0.4485294117647062,0.7727272727272727,0,1,0,0
-1.406250000000005,-1.652173913043475,2.136125654450262,-1.4117647058823537,-0.3,0,1,0,0
1.1562500000000007,1.30434782608695,-0.5706806282722513,0.3897058823529411,-0.6454545454545455,0,1,0,0
-0.18750000000000777,-0.3043478260869748,0.518324607329843,-0.632352941176471,0.7818181818181819,0,1,0,0
0.0,0.521739130434775,-1.036649214659686,1.8088235294117656,-0.37272727272727274,0,1,0,0
0.24999999999998668,0.2608695652173752,0.5549738219895288,-0.8382352941176475,-0.6181818181818182,1,0,0,0
0.8749999999999889,0.9565217391304252,-0.4031413612565445,0.3382352941176473,0.45454545454545453,0,0,1,0
-0.6562500000000094,-1.043478260869575,0.6178010471204188,-0.38235294117647095,0.7909090909090909,0,0,1,0
0.40624999999998723,0.21739130434782503,0.39267015706806285,-0.5220588235294121,0.6727272727272727,0,1,0,0
-0.3125000000000011,0.08695652173912506,-0.4816753926701571,0.14705882352941183,-0.3,0,1,0,0
-0.3437500000000083,-0.6086956521739249,3.900523560209424,-1.7132352941176479,0.8818181818181818,0,1,0,0
0.5624999999999878,0.39130434782607515,0.19895287958115182,-0.0882352941176473,0.7818181818181819,0,1,0,0
-0.5000000000000089,-0.08695652173914978,-0.1099476439790576,0.14705882352941183,-0.8363636363636363,0,1,0,0
0.5312499999999983,0.08695652173912506,-0.8481675392670157,0.7647058823529413,-0.39090909090909093,0,1,0,1
-0.37500000000001554,-0.04347826086957489,-0.9424083769633508,0.9411764705882355,-0.00909090909090909,0,0,1,0
0.18749999999999,0.0,0.20418848167539266,-0.3382352941176473,0.7636363636363637,0,1,0,0
-0.9062500000000139,-0.6956521739130499,-0.1099476439790576,-0.058823529411765045,0.7272727272727273,1,0,0,0
1.2187499999999971,1.3478260869565002,0.5706806282722513,-0.6176470588235299,0.9,1,0,0,0
0.0,0.6086956521739002,-0.25654450261780104,0.9044117647058825,-0.15454545454545454,0,1,0,0
-0.5312500000000161,-0.8695652173913001,-1.1727748691099475,0.9558823529411768,-0.8909090909090909,0,1,0,0
-0.8750000000000067,-0.6956521739130499,0.0,0.2352941176470586,-0.15454545454545454,0,1,0,0
1.1249999999999933,1.17391304347825,1.7225130890052356,-1.2132352941176476,-0.6545454545454545,0,1,0,0
0.0,0.0,-1.031413612565445,1.8088235294117656,-0.45454545454545453,0,1,0,0
-0.218750000000015,0.13043478260867525,0.41361256544502617,-0.6176470588235299,0.6727272727272727,0,1,0,0
-0.46875000000000167,-0.21739130434782503,-0.5549738219895288,1.0294117647058827,-0.5454545454545454,0,0,1,0
-0.28125000000001166,-0.6956521739130499,-0.6963350785340314,0.9044117647058825,-0.41818181818181815,0,1,0,0
0.43749999999999445,0.21739130434782503,-0.6335078534031413,1.3235294117647065,-0.36363636363636365,0,0,1,0
-0.3437500000000083,-0.6086956521739249,1.0628272251308901,-0.845588235294118,0.9,0,1,0,0
0.18749999999999,0.39130434782607515,-0.44502617801047123,0.676470588235294,-0.00909090909090909,0,0,1,0
-0.3125000000000011,-0.782608695652175,0.015706806282722512,-0.15441176470588253,0.16363636363636364,0,0,1,0
-0.81250000000001,-0.4782608695652249,-0.17277486910994763,0.25,0.7636363636363637,0,1,0,0
0.24999999999998668,0.8260869565217251,1.1361256544502618,-0.8970588235294124,0.8636363636363636,1,0,0,0
-0.8437500000000172,-0.6086956521739249,-0.18324607329842932,0.4779411764705884,-0.11818181818181818,0,1,0,0
0.8124999999999922,0.21739130434782503,0.9581151832460733,-1.0147058823529416,-0.8909090909090909,0,1,0,0
1.2187499999999971,1.2608695652173751,-0.8010471204188482,1.5441176470588243,-0.17272727272727273,0,1,0,0
0.5624999999999878,-0.21739130434782503,-0.6178010471204188,0.4191176470588234,1.0,0,0,1,0
-0.3125000000000011,-0.782608695652175,0.09424083769633508,-0.2647058823529414,-0.6090909090909091,1,0,0,0
-0.8750000000000067,-0.782608695652175,0.005235602094240838,-0.2794117647058828,-0.5636363636363636,0,1,0,0
-0.406250000000005,-0.08695652173914978,-0.041884816753926704,-0.3602941176470589,0.9727272727272728,0,0,1,0
0.18749999999999,0.21739130434782503,0.193717277486911,0.9264705882352946,-0.2,0,1,0,0
0.21874999999999722,0.0,0.9581151832460733,-0.9705882352941183,0.19090909090909092,0,0,1,0
-0.81250000000001,-0.56521739130435,-0.13612565445026178,-0.08088235294117661,0.18181818181818182,0,1,0,0
-0.9062500000000139,-0.652173913043475,-0.02617801047120419,0.3161764705882352,-0.8909090909090909,0,0,1,0
0.031249999999989453,-0.2608695652173999,-0.7696335078534031,0.808823529411765,0.23636363636363636,0,1,0,0
0.15625000000000056,0.8260869565217251,-0.38219895287958117,0.19117647058823548,0.20909090909090908,0,1,0,0
-1.1875000000000078,-1.30434782608695,0.7905759162303665,-0.7720588235294121,0.7363636363636363,0,1,0,0
-0.8750000000000067,-0.913043478260875,0.1256544502617801,-0.36764705882352955,0.5272727272727272,0,1,0,0
0.46875000000000167,0.13043478260867525,-0.2513089005235602,-0.08088235294117661,0.1,0,0,1,0
0.7499999999999956,0.08695652173912506,-0.5130890052356021,1.2720588235294121,0.4090909090909091,0,1,0,0
-0.25000000000000444,-0.652173913043475,0.08900523560209424,0.09558823529411747,-0.36363636363636365,1,0,0,0
-0.37500000000001554,0.08695652173912506,-0.03664921465968586,-0.2794117647058828,0.4909090909090909,0,1,0,0
-0.81250000000001,-0.652173913043475,-0.34554973821989526,0.2352941176470586,-0.6636363636363637,0,1,0,0
0.09374999999998612,0.6956521739130253,-0.225130890052356,-0.036764705882352956,0.5,0,1,0,0
0.6250000000000022,0.6086956521739002,-0.13612565445026178,0.3897058823529411,0.03636363636363636,0,1,0,0
-0.28125000000001166,-0.782608695652175,0.41361256544502617,0.39705882352941185,0.0,0,0,1,0
0.6250000000000022,0.2608695652173752,-0.9895287958115183,0.9338235294117648,-0.9,0,1,0,1
0.24999999999998668,0.17391304347825012,2.0471204188481678,-1.3382352941176479,0.7363636363636363,0,1,0,0
-0.1250000000000111,0.21739130434782503,-0.1256544502617801,-0.15441176470588253,0.2727272727272727,0,1,0,0
-0.6562500000000094,-0.652173913043475,0.643979057591623,-0.5000000000000006,-0.5181818181818182,0,1,0,0
0.3125000000000011,-0.21739130434782503,-0.005235602094240838,0.6470588235294118,0.4818181818181818,0,1,0,0
0.6562499999999917,0.34782608695650025,0.14659685863874344,-0.19117647058823548,-0.42727272727272725,0,1,0,0
-0.6875000000000167,-0.2608695652173999,-0.5916230366492147,0.573529411764706,0.18181818181818182,0,1,0,0
-0.15625000000000056,0.39130434782607515,1.1047120418848169,-0.7279411764705886,0.19090909090909092,1,0,0,0
-0.7187500000000061,-1.1304347826087,-0.6858638743455497,1.0294117647058827,0.45454545454545453,0,1,0,0
-0.3125000000000011,-0.6956521739130499,0.9738219895287958,-0.5882352941176473,0.7727272727272727,0,1,0,0
-0.5000000000000089,-0.2608695652173999,-0.9842931937172775,0.6470588235294118,0.18181818181818182,0,0,1,0
-0.5625000000000056,0.0,0.2198952879581152,-0.2794117647058828,-0.15454545454545454,0,1,0,0
1.0312499999999893,0.9130434782608502,0.4031413612565445,-0.3161764705882357,-0.15454545454545454,0,1,0,0
0.43749999999999445,0.17391304347825012,-0.2617801047120419,0.5808823529411766,0.15454545454545454,1,0,0,0
0.09374999999998612,0.4782608695652002,0.14136125654450263,-0.595588235294118,0.5636363636363636,0,1,0,0
-0.6250000000000022,-0.652173913043475,0.2513089005235602,0.19852941176470565,-0.9727272727272728,0,0,1,0
-0.7187500000000061,-0.5217391304347998,0.015706806282722512,-0.48529411764705915,-0.7363636363636363,0,1,0,0
-0.8437500000000172,-0.43478260869565005,0.41361256544502617,-0.30882352941176505,0.6636363636363637,0,0,1,0
0.031249999999989453,-0.21739130434782503,-0.38219895287958117,0.9264705882352946,-0.5454545454545454,0,1,0,0
0.06249999999999667,0.652173913043475,-0.2094240837696335,0.11029411764705888,-0.045454545454545456,1,0,0,0
0.593749999999995,0.3043478260869501,-0.3036649214659686,0.6617647058823533,-0.9545454545454546,0,1,0,0
0.7812500000000028,0.9130434782608502,-0.2356020942408377,-0.095588235294118,-0.6636363636363637,0,0,1,0
-0.9062500000000139,-0.7391304347826249,3.554973821989529,-1.6764705882352948,0.10909090909090909,1,0,0,0
0.09374999999998612,0.6956521739130253,0.02617801047120419,0.3897058823529411,0.5181818181818182,0,0,1,0
0.0,0.04347826086955017,-0.387434554973822,0.13970588235294112,0.9,0,0,1,0
0.40624999999998723,0.13043478260867525,-0.6020942408376964,0.38235294117647045,0.7363636363636363,0,1,0,0
0.7812500000000028,0.9999999999999752,-0.4869109947643979,0.75,-0.6727272727272727,0,0,1,0
0.18749999999999,-0.2608695652173999,0.9528795811518325,-0.6617647058823533,-0.7272727272727273,0,1,0,0
0.46875000000000167,0.3043478260869501,-0.44502617801047123,0.3382352941176473,-0.5545454545454546,0,1,0,0
-0.06250000000001443,0.521739130434775,1.5654450261780104,-1.1544117647058831,0.4,0,1,0,0
-0.5000000000000089,-0.3043478260869748,-0.46596858638743455,0.48529411764705915,-0.045454545454545456,1,0,0,0
0.21874999999999722,0.3043478260869501,-0.193717277486911,0.3750000000000003,0.7363636363636363,1,0,0,0
0.34374999999999056,0.3043478260869501,-0.1256544502617801,0.08088235294117661,0.43636363636363634,0,1,0,0
1.093750000000004,1.2608695652173751,0.16230366492146597,-0.029411764705882262,0.07272727272727272,0,1,0,0
0.6874999999999989,0.6956521739130253,-0.19895287958115182,0.25,0.09090909090909091,0,1,0,0
0.031249999999989453,0.652173913043475,1.2984293193717278,-0.8897058823529417,0.5,0,0,1,0
1.0312499999999893,0.7391304347826001,4.005235602094241,-1.7867647058823537,-0.7909090909090909,0,1,0,0
0.6562499999999917,0.6956521739130253,-0.16753926701570682,0.4044117647058825,0.3,0,1,0,0
0.12499999999999334,-0.34782608695652495,0.450261780104712,-0.38235294117647095,-0.14545454545454545,0,0,1,0
-0.8437500000000172,-0.56521739130435,0.774869109947644,-0.4411764705882355,0.509090909090909,0,1,0,0
-1.0312500000000073,-0.913043478260875,-0.031413612565445025,0.11764705882352956,1.1272727272727272,0,1,0,0
-0.8750000000000067,-0.782608695652175,3.586387434554974,-1.6985294117647067,-0.6818181818181818,0,1,0,0
0.18749999999999,0.21739130434782503,0.010471204188481676,-0.3308823529411766,-0.01818181818181818,0,0,1,0
-0.6562500000000094,-1.086956521739125,1.0,-0.808823529411765,0.5636363636363636,0,1,0,0
-0.25000000000000444,-0.56521739130435,0.24607329842931938,0.4191176470588234,0.5727272727272728,0,1,0,0
0.06249999999999667,0.6956521739130253,1.068062827225131,-0.4779411764705884,0.4636363636363636,0,1,0,0
0.34374999999999056,0.08695652173912506,-0.020942408376963352,-0.14705882352941183,-0.41818181818181815,0,1,0,0
0.6562499999999917,0.13043478260867525,1.256544502617801,-0.882352941176471,0.5727272727272728,0,1,0,0
0.34374999999999056,0.21739130434782503,-0.5968586387434555,0.38235294117647045,-0.39090909090909093,0,1,0,0
-0.406250000000005,-0.6086956521739249,0.4607329842931937,-0.6617647058823533,-0.35454545454545455,0,1,0,0
-0.406250000000005,-0.56521739130435,0.27225130890052357,0.036764705882352956,-0.41818181818181815,0,1,0,0
-0.8750000000000067,-0.652173913043475,0.041884816753926704,-0.3235294117647059,0.11818181818181818,0,1,0,0
1.2812499999999938,1.4347826086956252,1.0994764397905759,-1.2205882352941182,-0.5181818181818182,0,0,1,0
0.7187499999999883,0.34782608695650025,0.29842931937172773,-0.6102941176470591,0.5909090909090909,0,1,0,0
-0.9687500000000105,-1.043478260869575,1.7329842931937174,-1.1985294117647065,0.8,1,0,0,0
0.18749999999999,0.7391304347826001,0.3193717277486911,-0.24264705882352983,-0.8727272727272727,0,1,0,0
-0.6250000000000022,-0.6086956521739249,-0.8481675392670157,1.1470588235294124,-0.7,0,1,0,0
0.3749999999999978,0.43478260869565005,0.7539267015706806,-0.8750000000000006,0.3,0,1,0,0
-0.8437500000000172,-0.6956521739130499,-0.7015706806282722,0.9632352941176475,-0.5818181818181818,0,1,0,0
0.21874999999999722,-0.21739130434782503,0.9267015706806283,-0.8382352941176475,-0.7727272727272727,0,1,0,0
0.15625000000000056,-0.04347826086957489,0.8115183246073299,-0.39705882352941185,-0.17272727272727273,0,1,0,0
0.12499999999999334,-0.13043478260869995,-0.93717277486911,2.404411764705883,0.4727272727272727,1,0,0,1
-1.218750000000015,-1.2608695652173998,-0.5968586387434555,0.6250000000000002,-0.9090909090909091,0,0,1,0
1.0312499999999893,0.8260869565217251,0.09424083769633508,-0.30882352941176505,0.9818181818181818,0,1,0,1
-0.9687500000000105,-0.9565217391304498,-0.05235602094240838,0.4411764705882355,0.6,0,1,0,0
-0.46875000000000167,-0.08695652173914978,-0.5759162303664922,0.39705882352941185,-0.6272727272727273,0,1,0,0
0.6874999999999989,0.6956521739130253,-0.5392670157068062,0.11029411764705888,0.2636363636363636,0,1,0,0
-0.5937500000000128,-0.9565217391304498,1.801047120418848,-1.2132352941176476,-0.34545454545454546,0,1,0,0
0.46875000000000167,0.2608695652173752,1.6230366492146597,-1.1397058823529416,0.9363636363636364,0,0,1,0
0.12499999999999334,-0.34782608695652495,-0.14659685863874344,0.4926470588235293,-0.11818181818181818,0,1,0,0
0.18749999999999,-0.17391304347827483,0.10471204188481675,-0.13970588235294112,-0.3090909090909091,0,0,1,0
1.0312499999999893,0.7391304347826001,-0.7172774869109948,0.7941176470588237,0.8454545454545455,0,1,0,1
-0.5937500000000128,-0.7391304347826249,0.9162303664921466,-0.4044117647058825,-0.23636363636363636,1,0,0,0
0.2812499999999939,0.7826086956521503,-0.25654450261780104,0.13235294117647042,-0.6727272727272727,0,1,0,0
-0.031250000000007216,0.43478260869565005,-0.4083769633507853,0.5661764705882352,0.6545454545454545,0,1,0,0
-0.9687500000000105,-1.0,0.418848167539267,-0.21323529411764705,0.7454545454545455,0,1,0,0
-0.28125000000001166,0.17391304347825012,-0.6230366492146597,0.632352941176471,-0.12727272727272726,0,1,0,0
0.8749999999999889,0.9565217391304252,-0.8586387434554974,0.882352941176471,0.34545454545454546,0,0,1,0
-0.3125000000000011,-0.652173913043475,4.324607329842932,-1.8750000000000009,-0.10909090909090909,0,0,1,0
0.40624999999998723,0.2608695652173752,-1.1675392670157068,1.5367647058823535,-0.00909090909090909,0,1,0,0
-0.6875000000000167,-1.0,-0.27225130890052357,-0.13970588235294112,-0.24545454545454545,0,1,0,0
0.18749999999999,-0.13043478260869995,-0.7329842931937173,0.9558823529411768,0.6909090909090909,0,1,0,0
-0.37500000000001554,0.0,-0.06282722513089005,0.38235294117647045,0.23636363636363636,1,0,0,0
0.6562499999999917,0.652173913043475,0.16230366492146597,-0.21323529411764705,-0.6,1,0,0,0
1.093750000000004,0.7391304347826001,0.33507853403141363,-0.6176470588235299,-0.09090909090909091,0,1,0,0
0.43749999999999445,0.17391304347825012,-0.1256544502617801,-0.4338235294117648,0.36363636363636365,0,1,0,0
1.1249999999999933,0.9565217391304252,2.193717277486911,-1.2500000000000004,0.7818181818181819,0,1,0,0
-0.406250000000005,-0.04347826086957489,-0.08900523560209424,-0.11764705882352956,-0.4727272727272727,0,0,1,0
0.34374999999999056,0.3043478260869501,1.2094240837696335,-0.6470588235294121,-0.39090909090909093,0,0,1,0
0.18749999999999,0.43478260869565005,-0.13089005235602094,0.4926470588235293,0.5272727272727272,0,1,0,0
-0.7187500000000061,-1.1739130434782747,-0.9057591623036649,0.8529411764705886,0.6909090909090909,0,0,1,0
0.40624999999998723,0.2608695652173752,1.4816753926701571,-1.0294117647058827,0.14545454545454545,0,1,0,0
1.1249999999999933,1.1304347826086751,-0.4031413612565445,0.39705882352941185,0.7727272727272727,0,1,0,0
0.12499999999999334,-0.34782608695652495,-0.450261780104712,0.8382352941176473,1.1272727272727272,0,1,0,1
-0.5937500000000128,-0.913043478260875,0.387434554973822,-0.30882352941176505,0.4,0,0,1,0
-0.5937500000000128,-0.39130434782609985,2.193717277486911,-1.2867647058823535,0.22727272727272727,0,1,0,0
-0.25000000000000444,-0.39130434782609985,0.19895287958115182,-0.21323529411764705,0.1,0,1,0,0
0.12499999999999334,0.652173913043475,-0.4083769633507853,0.1691176470588234,-0.045454545454545456,0,1,0,0
-0.3437500000000083,0.04347826086955017,-0.13612565445026178,-0.16176470588235323,-0.42727272727272725,0,1,0,0
0.12499999999999334,-0.3043478260869748,1.9581151832460733,-1.1985294117647065,-0.6909090909090909,0,0,1,0
0.4999999999999911,0.21739130434782503,-0.16753926701570682,0.2720588235294116,-0.24545454545454545,0,1,0,0
-0.218750000000015,-0.43478260869565005,-1.549738219895288,1.941176470588236,-0.37272727272727274,0,1,0,0
0.7187499999999883,0.0,-0.4031413612565445,0.4926470588235293,-0.10909090909090909,0,1,0,0
0.15625000000000056,0.21739130434782503,-0.031413612565445025,-0.13970588235294112,-0.21818181818181817,0,1,0,0
-0.81250000000001,-0.7391304347826249,-0.8010471204188482,0.8897058823529417,0.45454545454545453,0,0,1,0
-0.15625000000000056,0.34782608695650025,-0.2879581151832461,0.45588235294117635,0.8090909090909091,0,1,0,0
-0.37500000000001554,-0.4782608695652249,0.5130890052356021,-0.5735294117647064,0.8636363636363636,0,1,0,0
-1.1875000000000078,-1.2608695652173998,0.7015706806282722,-0.6250000000000002,-0.7272727272727273,0,1,0,0
0.7812500000000028,0.8695652173913001,0.08376963350785341,-0.14705882352941183,0.6454545454545455,0,1,0,0
0.18749999999999,0.3043478260869501,0.7853403141361257,-0.6250000000000002,0.03636363636363636,0,1,0,0
0.15625000000000056,0.6956521739130253,0.2774869109947644,-0.38235294117647095,-0.2818181818181818,0,1,0,0
-0.406250000000005,-0.43478260869565005,-0.16230366492146597,0.5441176470588237,0.16363636363636364,0,0,1,0
-0.8437500000000172,-0.782608695652175,-0.19895287958115182,0.13970588235294112,-0.8545454545454545,0,1,0,0
-1.2500000000000044,-1.43478260869565,0.743455497382199,-0.6691176470588239,-0.6,1,0,0,0
0.3125000000000011,0.2608695652173752,0.418848167539267,0.04411764705882365,-0.9545454545454546,0,0,1,0
0.18749999999999,0.17391304347825012,0.33507853403141363,-0.10294117647058817,0.2,1,0,0,0
0.43749999999999445,0.3043478260869501,-0.4712041884816754,0.3308823529411766,0.5363636363636364,0,1,0,0
-0.3125000000000011,-0.5217391304347998,0.5968586387434555,-0.5735294117647064,1.0545454545454545,0,1,0,0
-0.6875000000000167,-1.086956521739125,0.5706806282722513,-0.6911764705882357,0.24545454545454545,0,1,0,0
1.0624999999999967,1.2173913043478004,0.21465968586387435,-0.23529411764705913,-0.18181818181818182,0,1,0,0
0.40624999999998723,0.2608695652173752,-0.9109947643979057,0.8750000000000002,0.4818181818181818,1,0,0,0
-0.5937500000000128,-0.9565217391304498,-0.21465968586387435,-0.095588235294118,0.15454545454545454,0,0,1,0
0.18749999999999,0.2608695652173752,-0.4083769633507853,0.38235294117647045,-0.5363636363636364,0,1,0,0
0.0,-0.4782608695652249,0.5706806282722513,-0.5220588235294121,-0.6636363636363637,0,0,1,0
0.4999999999999911,0.08695652173912506,-0.5549738219895288,0.3308823529411766,-0.45454545454545453,0,1,0,0
-0.18750000000000777,-0.43478260869565005,-0.43455497382198954,0.6911764705882355,-0.9272727272727272,0,0,1,0
-0.406250000000005,-0.652173913043475,0.42408376963350786,-0.41911764705882393,-0.5909090909090909,0,1,0,0
0.21874999999999722,0.8260869565217251,-0.675392670157068,0.7426470588235299,0.42727272727272725,0,1,0,0
0.5624999999999878,0.08695652173912506,0.7853403141361257,-0.5661764705882357,-0.06363636363636363,1,0,0,0
0.7187499999999883,0.5652173913043252,0.02617801047120419,0.08088235294117661,-0.42727272727272725,0,0,1,0
-0.5625000000000056,0.0,-0.4973821989528796,0.38235294117647045,-0.2636363636363636,0,1,0,0
1.0312499999999893,0.7391304347826001,-0.3403141361256545,1.382352941176471,-0.7727272727272727,0,1,0,0
0.43749999999999445,0.13043478260867525,-1.1884816753926701,1.1397058823529416,0.4636363636363636,0,0,1,0
-1.125000000000011,-1.086956521739125,0.5445026178010471,-0.48529411764705915,-0.02727272727272727,0,1,0,0
0.24999999999998668,-0.04347826086957489,5.717277486910994,-1.9411764705882362,0.9090909090909091,0,1,0,0
0.21874999999999722,0.34782608695650025,-0.5497382198952879,-0.13970588235294112,-0.5181818181818182,0,1,0,0
0.5312499999999983,0.3043478260869501,-0.6282722513089005,0.463235294117647,-0.6363636363636364,0,1,0,0
0.12499999999999334,0.652173913043475,-1.3455497382198953,0.9411764705882355,0.5272727272727272,0,0,1,0
-0.8750000000000067,-0.56521739130435,0.2356020942408377,0.08823529411764679,0.3,0,0,1,0
-0.406250000000005,-0.7391304347826249,-0.7015706806282722,0.9485294117647062,0.2818181818181818,0,1,0,0
-0.8750000000000067,-0.8260869565217499,0.2617801047120419,-0.48529411764705915,-0.9545454545454546,0,1,0,0
0.18749999999999,0.04347826086955017,1.9581151832460733,-1.1250000000000004,-0.39090909090909093,1,0,0,0
0.031249999999989453,0.652173913043475,-0.015706806282722512,-0.08088235294117661,0.6090909090909091,0,1,0,0
0.7187499999999883,0.39130434782607515,-0.08900523560209424,0.022058823529411565,0.7727272727272727,0,1,0,0
-0.5625000000000056,-0.34782608695652495,-0.5340314136125655,0.8676470588235295,-0.8454545454545455,0,1,0,0
-0.6250000000000022,-0.913043478260875,0.7068062827225131,-0.36764705882352955,-0.6272727272727273,0,1,0,0
-0.09375000000000389,0.43478260869565005,-1.0628272251308901,1.7720588235294126,0.5272727272727272,0,1,0,0
-1.0312500000000073,-0.8260869565217499,-0.743455497382199,1.0073529411764708,0.7818181818181819,0,1,0,0
-0.7812500000000028,-0.782608695652175,-0.4869109947643979,0.5073529411764707,0.7636363636363637,0,1,0,0
-0.3437500000000083,0.13043478260867525,2.5026178010471205,-1.389705882352942,0.16363636363636364,0,1,0,0
-0.7500000000000133,-0.8695652173913001,1.0157068062827226,-0.808823529411765,0.6545454545454545,0,1,0,0
0.6250000000000022,0.34782608695650025,0.8534031413612565,-0.6911764705882357,0.8727272727272727,0,1,0,0
0.031249999999989453,0.17391304347825012,-0.45549738219895286,0.48529411764705915,-0.15454545454545454,0,1,0,0
0.15625000000000056,0.2608695652173752,-0.3403141361256545,0.6176470588235295,-0.2636363636363636,0,1,0,1
0.15625000000000056,0.6956521739130253,-0.3717277486910995,-0.06617647058823521,-0.9545454545454546,0,1,0,0
-0.5312500000000161,-0.3043478260869748,-0.387434554973822,0.12499999999999974,0.8727272727272727,0,0,1,0
-0.7187500000000061,-0.43478260869565005,-0.41361256544502617,0.39705882352941185,-0.9545454545454546,0,0,1,0
-0.8437500000000172,-0.3043478260869748,-0.193717277486911,0.39705882352941185,-0.4909090909090909,0,1,0,0
0.06249999999999667,-0.21739130434782503,0.49214659685863876,-0.6102941176470591,-0.3090909090909091,0,1,0,0
-0.09375000000000389,-0.3043478260869748,0.03664921465968586,0.17647058823529407,0.35454545454545455,0,1,0,0
0.6562499999999917,0.521739130434775,0.09424083769633508,0.036764705882352956,-0.5,0,0,1,0
0.34374999999999056,0.0,4.0680628272251305,-1.7941176470588245,-0.8727272727272727,0,0,1,0
-0.218750000000015,-0.4782608695652249,2.282722513089005,-1.49264705882353,0.8818181818181818,0,0,1,0
-0.9062500000000139,-0.56521739130435,-0.27225130890052357,0.22058823529411775,-0.35454545454545455,0,1,0,0
0.6874999999999989,0.6956521739130253,-0.7068062827225131,0.9926470588235299,0.5272727272727272,0,0,1,0
0.593749999999995,0.17391304347825012,0.33507853403141363,-0.29411764705882365,0.15454545454545454,0,1,0,0
-0.81250000000001,-0.56521739130435,-0.2513089005235602,0.4411764705882355,0.36363636363636365,0,0,1,0
0.3749999999999978,0.39130434782607515,0.2670157068062827,0.558823529411765,-0.20909090909090908,0,1,0,0
0.12499999999999334,0.43478260869565005,0.23036649214659685,-0.21323529411764705,-0.9090909090909091,0,1,0,0
-1.0312500000000073,-0.8695652173913001,-1.1204188481675392,1.6102941176470593,0.8363636363636363,0,1,0,1
0.031249999999989453,0.6956521739130253,-0.5549738219895288,0.7426470588235299,-0.32727272727272727,0,0,1,0
-0.28125000000001166,-0.7391304347826249,-0.14136125654450263,-0.5441176470588237,-0.05454545454545454,0,0,1,0
-0.3125000000000011,0.13043478260867525,0.47643979057591623,-0.5000000000000006,0.36363636363636365,0,1,0,0
0.43749999999999445,0.21739130434782503,0.09947643979057591,-0.2573529411764707,0.8636363636363636,0,1,0,0
1.1562500000000007,1.086956521739125,1.2146596858638743,-1.0441176470588243,0.42727272727272725,0,1,0,0
0.3125000000000011,0.04347826086955017,1.8167539267015707,-0.9117647058823535,-0.5727272727272728,0,0,1,0
-1.0000000000000178,-0.9565217391304498,-0.418848167539267,0.27941176470588225,0.38181818181818183,0,1,0,0
1.2500000000000044,1.4782608695652002,-0.17277486910994763,0.4191176470588234,-0.2,0,0,1,0
-0.81250000000001,-0.7391304347826249,-0.5235602094240838,0.3088235294117645,-0.7454545454545455,0,0,1,0
-0.25000000000000444,0.17391304347825012,-0.21465968586387435,0.029411764705882262,-0.7545454545454545,0,0,1,0
-0.37500000000001554,-0.21739130434782503,0.5078534031413613,-0.48529411764705915,0.6181818181818182,1,0,0,0
0.15625000000000056,-0.34782608695652495,0.5130890052356021,0.007352941176470696,-0.34545454545454546,0,1,0,0
-0.7812500000000028,-0.6956521739130499,-0.31413612565445026,-0.13970588235294112,-0.2,0,0,1,0
0.06249999999999667,-0.3043478260869748,1.057591623036649,-0.7867647058823535,0.7545454545454545,0,1,0,0
-0.15625000000000056,-0.4782608695652249,-0.6544502617801047,0.8676470588235295,0.5,0,1,0,0
-0.8750000000000067,-0.7391304347826249,-0.38219895287958117,0.4117647058823532,-0.8363636363636363,0,1,0,0
-0.4375000000000122,-0.08695652173914978,-0.29842931937172773,0.2352941176470586,-0.5545454545454546,0,1,0,0
-0.28125000000001166,0.2608695652173752,-0.13612565445026178,0.286764705882353,-0.8,0,1,0,0
0.15625000000000056,-0.3043478260869748,-0.7015706806282722,0.845588235294118,-0.32727272727272727,0,1,0,0
0.3125000000000011,0.43478260869565005,-0.387434554973822,0.17647058823529407,0.14545454545454545,0,1,0,0
-0.81250000000001,-0.652173913043475,-0.6020942408376964,0.595588235294118,0.8727272727272727,0,1,0,0
1.0624999999999967,0.9565217391304252,0.1518324607329843,0.11764705882352956,-0.6818181818181818,0,0,1,0
-0.031250000000007216,0.6086956521739002,-0.806282722513089,0.6250000000000002,0.05454545454545454,0,1,0,0
0.031249999999989453,0.6086956521739002,0.7120418848167539,-0.6617647058823533,-0.6909090909090909,0,1,0,0
-0.09375000000000389,-0.3043478260869748,0.680628272251309,-0.9264705882352946,-0.7090909090909091,0,1,0,0
-0.3437500000000083,-0.04347826086957489,-0.8638743455497382,1.198529411764706,-0.7090909090909091,0,0,1,0
-0.5625000000000056,-0.913043478260875,-0.3193717277486911,0.5294117647058822,-0.38181818181818183,0,1,0,0
0.15625000000000056,0.6956521739130253,-0.41361256544502617,0.7867647058823529,0.6818181818181818,0,0,1,0
0.12499999999999334,0.8260869565217251,-0.4607329842931937,0.3308823529411766,-0.7636363636363637,0,1,0,0
-0.8750000000000067,-0.7391304347826249,-0.8586387434554974,0.882352941176471,-0.6454545454545455,0,1,0,0
-0.406250000000005,-0.21739130434782503,-0.6230366492146597,0.595588235294118,-0.6181818181818182,0,0,1,0
-0.5312500000000161,-0.2608695652173999,0.9895287958115183,-0.8676470588235299,0.2636363636363636,0,1,0,0
-0.81250000000001,-0.652173913043475,1.5183246073298429,-0.9852941176470594,-0.33636363636363636,0,1,0,0
0.9375000000000033,1.04347826086955,0.8586387434554974,-0.7426470588235299,0.4818181818181818,0,0,1,0
0.12499999999999334,0.6086956521739002,-1.0523560209424083,0.6985294117647062,-0.24545454545454545,0,1,0,0
0.46875000000000167,0.21739130434782503,-1.0157068062827226,1.8897058823529416,-0.2909090909090909,0,0,1,1
-0.5937500000000128,-0.8695652173913001,-0.21465968586387435,0.7867647058823529,-0.7272727272727273,0,1,0,0
0.3749999999999978,0.39130434782607515,1.8481675392670156,-1.3382352941176479,0.7454545454545455,0,1,0,0
-1.0000000000000178,-0.782608695652175,-0.1518324607329843,-0.06617647058823521,0.6363636363636364,1,0,0,0
0.06249999999999667,-0.08695652173914978,-0.6596858638743456,1.1176470588235297,-0.9363636363636364,0,1,0,0
0.5624999999999878,0.521739130434775,0.09947643979057591,-0.3308823529411766,-0.4,0,0,1,0
0.18749999999999,0.9565217391304252,1.1099476439790577,-0.9779411764705886,0.35454545454545455,0,1,0,0
-0.5625000000000056,-0.3043478260869748,0.4816753926701571,-0.8161764705882357,-0.03636363636363636,0,0,1,0
1.0,0.652173913043475,-1.057591623036649,0.36764705882352955,1.018181818181818,0,1,0,1
0.4999999999999911,0.0,0.7382198952879581,-0.4044117647058825,-0.9272727272727272,0,0,1,0
0.09374999999998612,0.21739130434782503,-0.2879581151832461,0.35294117647058815,-0.7818181818181819,0,0,1,0
0.09374999999998612,-0.21739130434782503,0.09424083769633508,-0.3750000000000003,0.10909090909090909,0,0,1,0
0.6562499999999917,0.21739130434782503,-0.8115183246073299,0.6102941176470589,0.4909090909090909,0,1,0,1
-0.031250000000007216,0.4782608695652002,0.005235602094240838,-0.16176470588235323,-0.44545454545454544,0,1,0,0
0.09374999999998612,0.6956521739130253,-0.9895287958115183,1.4264705882352946,0.4818181818181818,0,1,0,0
0.12499999999999334,0.08695652173912506,-0.35602094240837695,0.2352941176470586,-0.6909090909090909,0,1,0,0
-0.6875000000000167,-0.4782608695652249,-0.24607329842931938,0.47058823529411775,-0.5,0,1,0,0
0.0,0.6956521739130253,-0.5392670157068062,0.6176470588235295,0.8909090909090909,0,0,1,0
-0.031250000000007216,-0.3043478260869748,-0.225130890052356,0.25,-0.045454545454545456,0,1,0,0
-0.6562500000000094,-0.21739130434782503,-0.5235602094240838,0.823529411764706,0.13636363636363635,0,1,0,0
0.12499999999999334,0.5652173913043252,-0.3717277486910995,0.5441176470588237,-0.509090909090909,0,1,0,0
0.6562499999999917,0.6956521739130253,-0.5759162303664922,0.17647058823529407,-0.4909090909090909,0,0,1,0
-0.8750000000000067,-0.6086956521739249,0.2774869109947644,-0.25,0.06363636363636363,0,1,0,0
-0.218750000000015,-0.5217391304347998,-0.27225130890052357,0.029411764705882262,0.5545454545454546,0,1,0,0
-0.37500000000001554,-0.5217391304347998,1.3089005235602094,-1.0514705882352946,-0.6727272727272727,0,1,0,0
0.06249999999999667,0.7826086956521503,0.9895287958115183,-0.632352941176471,0.7272727272727273,0,1,0,0
-0.06250000000001443,-0.34782608695652495,0.612565445026178,-0.6617647058823533,0.8090909090909091,0,1,0,0
0.031249999999989453,-0.04347826086957489,-0.08900523560209424,0.0,0.6818181818181818,0,1,0,0
0.8749999999999889,0.9130434782608502,-0.17801047120418848,0.13970588235294112,0.9727272727272728,0,1,0,0
-0.37500000000001554,-0.04347826086957489,1.4293193717277486,-1.0588235294117654,-0.509090909090909,0,1,0,0
0.031249999999989453,0.6086956521739002,-0.25654450261780104,0.19852941176470565,-0.17272727272727273,1,0,0,0
0.12499999999999334,0.43478260869565005,-0.06282722513089005,0.18382352941176477,-0.8727272727272727,0,1,0,0
0.21874999999999722,0.3043478260869501,-0.225130890052356,1.0073529411764708,-0.6,0,1,0,0
0.6874999999999989,0.7391304347826001,-0.36649214659685864,0.75,0.6909090909090909,0,1,0,0
0.5624999999999878,0.3043478260869501,1.2146596858638743,-0.632352941176471,-0.37272727272727274,0,1,0,0
1.0312499999999893,0.6086956521739002,-0.46596858638743455,0.3455882352941175,-0.32727272727272727,0,1,0,0
1.0624999999999967,0.7826086956521503,-0.8324607329842932,0.676470588235294,-0.12727272727272726,0,1,0,1
-0.3125000000000011,0.13043478260867525,-0.42408376963350786,0.676470588235294,-0.34545454545454546,0,0,1,0
-0.6562500000000094,-0.3043478260869748,-1.1884816753926701,1.8970588235294128,-0.5181818181818182,0,0,1,0
0.0,-0.21739130434782503,0.225130890052356,-0.25,-0.2727272727272727,0,1,0,0
-0.15625000000000056,-0.43478260869565005,3.994764397905759,-1.8235294117647067,-0.2545454545454545,0,1,0,0
-0.5937500000000128,-0.7391304347826249,-0.031413612565445025,-0.17647058823529407,0.9090909090909091,0,1,0,0
-0.9687500000000105,-1.0,1.418848167539267,-0.8897058823529417,0.7363636363636363,0,1,0,0
-0.8437500000000172,-0.56521739130435,0.612565445026178,-0.4926470588235298,0.7181818181818181,0,1,0,0
-1.5000000000000089,-1.913043478260875,-0.15706806282722513,-0.11764705882352956,0.7454545454545455,0,0,1,0
-0.406250000000005,-0.6956521739130499,-0.2774869109947644,0.7867647058823529,-0.45454545454545453,0,1,0,0
0.3749999999999978,0.21739130434782503,2.424083769633508,-1.2867647058823535,0.4909090909090909,0,1,0,0
0.0,-0.34782608695652495,0.3507853403141361,-0.24264705882352983,0.7454545454545455,0,1,0,0
0.24999999999998668,-0.2608695652173999,1.3350785340314135,-0.9779411764705886,0.08181818181818182,0,0,1,0
0.9687499999999928,0.4782608695652002,-0.14659685863874344,0.22058823529411775,-0.7909090909090909,1,0,0,0
0.43749999999999445,0.43478260869565005,-0.5602094240837696,0.25,0.045454545454545456,0,0,1,0
-0.8437500000000172,-0.43478260869565005,-0.2094240837696335,-0.3750000000000003,0.6909090909090909,0,0,1,0
-0.6562500000000094,-0.782608695652175,-0.15706806282722513,0.18382352941176477,0.0,0,1,0,0
0.09374999999998612,-0.2608695652173999,0.11518324607329843,0.823529411764706,-0.9363636363636364,0,1,0,0
-0.6250000000000022,-0.5217391304347998,-0.7958115183246073,0.9044117647058825,-0.045454545454545456,0,1,0,0
-0.6562500000000094,-0.6086956521739249,0.015706806282722512,0.5073529411764707,0.9181818181818182,0,1,0,0
0.6874999999999989,0.7391304347826001,-1.162303664921466,0.8529411764705886,-0.41818181818181815,0,1,0,0
-0.5312500000000161,-0.17391304347827483,-0.24083769633507854,0.3014705882352943,0.6181818181818182,0,1,0,0
-0.28125000000001166,-0.6956521739130499,-0.07853403141361257,0.01470588235294087,0.37272727272727274,0,1,0,0
1.1562500000000007,1.1304347826086751,-0.675392670157068,0.9926470588235299,0.2636363636363636,0,0,1,0
0.8749999999999889,0.9130434782608502,0.5340314136125655,-0.45588235294117685,-0.19090909090909092,0,1,0,0
-0.406250000000005,-0.21739130434782503,2.026178010471204,-1.1838235294117654,0.6,0,1,0,0
1.093750000000004,0.8260869565217251,-0.5863874345549738,0.75,-0.05454545454545454,0,1,0,0
-0.46875000000000167,-0.13043478260869995,0.49214659685863876,-0.30882352941176505,0.9636363636363636,0,1,0,0
-0.6875000000000167,-1.0,-0.7225130890052356,0.5,-0.3090909090909091,0,1,0,0
0.34374999999999056,0.2608695652173752,0.07329842931937172,-0.05147058823529435,0.0,0,1,0,0
-0.6250000000000022,-0.782608695652175,0.14136125654450263,0.13970588235294112,0.7,1,0,0,0
0.2812499999999939,0.521739130434775,-0.8429319371727748,0.7941176470588237,-0.42727272727272725,0,1,0,0
-0.7500000000000133,-0.8260869565217499,2.6387434554973823,-1.5294117647058831,0.6727272727272727,0,1,0,0
0.9687499999999928,0.5652173913043252,-0.93717277486911,1.0367647058823535,1.1,0,1,0,1
-0.8437500000000172,-0.6086956521739249,0.41361256544502617,-0.6029411764705886,0.4909090909090909,0,0,1,0
-0.8437500000000172,-0.7391304347826249,0.8429319371727748,-0.882352941176471,-0.36363636363636365,0,1,0,0
-0.46875000000000167,-0.3043478260869748,-0.16753926701570682,0.5808823529411766,0.3090909090909091,0,1,0,0
0.8749999999999889,0.9565217391304252,-0.35602094240837695,0.558823529411765,0.6,0,1,0,0
-0.6562500000000094,-0.652173913043475,0.12041884816753927,0.12499999999999974,0.4818181818181818,1,0,0,0
0.18749999999999,0.17391304347825012,0.3036649214659686,-0.5073529411764707,-0.5363636363636364,0,1,0,0
0.15625000000000056,-0.08695652173914978,-0.28272251308900526,0.1691176470588234,0.5636363636363636,0,0,1,0
0.4999999999999911,0.39130434782607515,0.2356020942408377,0.01470588235294087,-0.7818181818181819,0,1,0,0
0.593749999999995,0.34782608695650025,0.18848167539267016,-0.4338235294117648,-0.8545454545454545,0,1,0,0
0.7812500000000028,0.39130434782607515,-0.41361256544502617,-0.15441176470588253,0.33636363636363636,0,1,0,0
-0.3437500000000083,0.13043478260867525,-0.10471204188481675,0.10294117647058817,-0.1,0,1,0,0
-0.81250000000001,-0.6956521739130499,-0.5759162303664922,0.4779411764705884,-0.4636363636363636,1,0,0,0
-0.6250000000000022,-0.4782608695652249,0.2931937172774869,-0.4485294117647062,-0.4818181818181818,0,1,0,0
-0.37500000000001554,-0.652173913043475,0.18848167539267016,0.3897058823529411,-0.9363636363636364,0,1,0,0
1.1249999999999933,1.1304347826086751,-0.9790575916230366,0.8602941176470589,0.8181818181818182,0,0,1,0
-0.5312500000000161,-0.7391304347826249,-0.1256544502617801,-0.06617647058823521,-0.44545454545454544,1,0,0,0
0.2812499999999939,-0.13043478260869995,0.47643979057591623,-0.6617647058823533,0.32727272727272727,0,0,1,0
0.6874999999999989,0.4782608695652002,-0.5340314136125655,0.7058823529411768,0.1,0,1,0,0
-0.6250000000000022,-0.6956521739130499,0.9057591623036649,-0.7058823529411768,-0.7727272727272727,0,1,0,0
-0.15625000000000056,-0.43478260869565005,-0.35602094240837695,0.6102941176470589,0.32727272727272727,0,0,1,0
-0.5312500000000161,-0.9565217391304498,1.256544502617801,-0.9411764705882357,0.24545454545454545,0,1,0,0
-0.3437500000000083,0.0,1.057591623036649,-0.7352941176470591,-0.20909090909090908,0,0,1,0
-1.0625000000000144,-1.0,0.5340314136125655,-0.6470588235294121,0.19090909090909092,0,1,0,0
-0.406250000000005,-0.13043478260869995,-0.09424083769633508,0.1691176470588234,-0.3,0,1,0,0
0.46875000000000167,0.0,-0.7382198952879581,1.1544117647058825,-0.33636363636363636,0,1,0,1
-0.3125000000000011,0.13043478260867525,-0.2774869109947644,0.058823529411764525,-0.2,0,1,0,0
0.7499999999999956,0.43478260869565005,-0.05235602094240838,-0.08088235294117661,0.2727272727272727,0,1,0,0
-0.81250000000001,-0.652173913043475,-0.08900523560209424,0.4264705882352941,-0.2636363636363636,0,0,1,0
-0.8750000000000067,-0.8695652173913001,-0.18324607329842932,0.7132352941176471,-0.9727272727272728,0,1,0,0
-1.125000000000011,-1.1739130434782747,0.32460732984293195,0.25,0.7909090909090909,0,0,1,0
-0.6250000000000022,-0.4782608695652249,2.4764397905759163,-1.5294117647058831,0.4636363636363636,0,0,1,0
0.18749999999999,0.7826086956521503,-0.8795811518324608,1.2500000000000004,0.7909090909090909,0,1,0,1
0.031249999999989453,-0.17391304347827483,-1.675392670157068,1.5661764705882357,0.5727272727272728,0,0,1,0
0.21874999999999722,1.04347826086955,0.07329842931937172,-0.06617647058823521,0.0,0,1,0,0
-0.4375000000000122,-0.08695652173914978,-0.6910994764397905,0.823529411764706,0.8545454545454545,0,1,0,0
0.3749999999999978,0.2608695652173752,0.17277486910994763,-0.058823529411765045,-0.6909090909090909,0,1,0,0
0.21874999999999722,1.086956521739125,-0.6649214659685864,0.9926470588235299,0.10909090909090909,0,1,0,0
-0.5312500000000161,-0.17391304347827483,0.9214659685863874,-0.5000000000000006,0.5454545454545454,0,0,1,0
0.5312499999999983,0.2608695652173752,-0.2198952879581152,0.3014705882352943,-0.5272727272727272,0,1,0,0
0.18749999999999,0.9565217391304252,-0.44502617801047123,0.6544117647058825,-0.34545454545454546,0,1,0,0
-0.81250000000001,-0.782608695652175,-0.14136125654450263,0.4044117647058825,-0.6909090909090909,0,0,1,0
-0.28125000000001166,-0.6956521739130499,-0.08376963350785341,0.08088235294117661,0.3,0,1,0,0
-0.25000000000000444,-0.4782608695652249,-0.06282722513089005,-0.12500000000000025,0.07272727272727272,0,1,0,0
-0.7812500000000028,-0.652173913043475,-0.1099476439790576,-0.13235294117647095,-0.6181818181818182,0,0,1,0
0.24999999999998668,-0.17391304347827483,-0.225130890052356,0.14705882352941183,0.6727272727272727,0,1,0,0
-0.7500000000000133,-0.3043478260869748,0.5497382198952879,-0.7279411764705886,0.2545454545454545,1,0,0,0
-0.5312500000000161,-0.39130434782609985,0.5602094240837696,-0.5661764705882357,0.7909090909090909,0,1,0,0
0.40624999999998723,0.13043478260867525,-0.38219895287958117,0.7941176470588237,0.6454545454545455,0,1,0,0
-0.25000000000000444,0.17391304347825012,0.31413612565445026,0.14705882352941183,-0.8,0,0,1,0
0.46875000000000167,0.2608695652173752,-0.4293193717277487,0.3161764705882352,-0.11818181818181818,0,0,1,0
-0.5625000000000056,-0.913043478260875,1.3769633507853403,-1.0367647058823535,-0.1,0,0,1,0
-0.8750000000000067,-0.8695652173913001,-0.13612565445026178,0.8970588235294118,-0.9545454545454546,1,0,0,0
-0.6875000000000167,-0.43478260869565005,0.581151832460733,-0.14705882352941183,-0.4090909090909091,0,0,1,0
-0.8437500000000172,-0.56521739130435,-0.2931937172774869,1.3235294117647065,0.2,0,1,0,0
-0.7500000000000133,-0.7391304347826249,1.2408376963350785,-0.9558823529411768,0.2636363636363636,0,1,0,0
-0.5000000000000089,-0.3043478260869748,0.39267015706806285,-0.2794117647058828,-0.32727272727272727,0,1,0,0
-0.7500000000000133,-0.5217391304347998,-0.2356020942408377,0.07352941176470591,-0.8454545454545455,0,1,0,0
-0.5625000000000056,-0.56521739130435,-0.806282722513089,0.882352941176471,-0.02727272727272727,0,0,1,0
-1.0312500000000073,-0.9565217391304498,1.0628272251308901,-0.683823529411765,0.03636363636363636,0,1,0,0
0.3749999999999978,0.4782608695652002,0.900523560209424,-0.5882352941176473,-0.8636363636363636,0,1,0,0
0.15625000000000056,0.21739130434782503,3.2670157068062826,-1.5735294117647067,-0.4909090909090909,0,1,0,0
-0.5000000000000089,-0.782608695652175,0.005235602094240838,-0.15441176470588253,-0.7909090909090909,0,1,0,0
-0.6562500000000094,-0.8695652173913001,0.4397905759162304,-0.5735294117647064,-0.7,0,0,1,0
0.18749999999999,0.21739130434782503,1.4397905759162304,-0.9558823529411768,0.9818181818181818,0,0,1,0
0.24999999999998668,0.8695652173913001,-0.7539267015706806,0.8529411764705886,0.35454545454545455,0,1,0,0
1.093750000000004,0.9565217391304252,-0.27225130890052357,0.2426470588235293,0.10909090909090909,0,1,0,0
-0.8437500000000172,-0.8260869565217499,-0.612565445026178,0.06617647058823521,-0.6545454545454545,0,1,0,0
1.2500000000000044,1.3478260869565002,0.43455497382198954,0.07352941176470591,0.2,0,0,1,0
-0.46875000000000167,-0.2608695652173999,-0.518324607329843,0.2352941176470586,-0.6727272727272727,0,0,1,0
0.7499999999999956,0.43478260869565005,0.7068062827225131,-0.595588235294118,0.8272727272727273,0,0,1,0
-0.3437500000000083,-0.08695652173914978,-0.680628272251309,1.1470588235294124,0.8545454545454545,0,1,0,1
0.7187499999999883,0.08695652173912506,-0.6701570680628273,0.9117647058823533,0.4909090909090909,0,0,1,1
1.2500000000000044,1.2608695652173751,0.3298429319371728,-0.21323529411764705,-0.9090909090909091,0,1,0,0
0.6874999999999989,0.5652173913043252,-0.14136125654450263,-0.20588235294117688,-0.7909090909090909,0,1,0,0
0.15625000000000056,-0.3043478260869748,-0.4869109947643979,0.036764705882352956,-0.07272727272727272,0,1,0,0
-0.81250000000001,-0.34782608695652495,0.6282722513089005,-0.4926470588235298,-0.3,0,1,0,0
-0.5625000000000056,-0.8695652173913001,-0.47643979057591623,0.8970588235294118,1.009090909090909,0,1,0,1
-1.218750000000015,-1.2608695652173998,-1.7539267015706805,1.7132352941176476,0.5909090909090909,0,0,1,0
0.06249999999999667,-0.39130434782609985,0.1518324607329843,0.007352941176470696,0.7909090909090909,0,1,0,0
-0.218750000000015,-0.652173913043475,0.19895287958115182,-0.07352941176470591,0.01818181818181818,0,0,1,0
-0.09375000000000389,-0.21739130434782503,0.4973821989528796,-0.6691176470588239,0.2909090909090909,0,1,0,0
0.12499999999999334,0.521739130434775,-0.18324607329842932,0.07352941176470591,-0.6636363636363637,0,0,1,0
0.9375000000000033,1.2173913043478004,0.041884816753926704,0.0,0.0,0,1,0,0
-0.9062500000000139,-0.782608695652175,-0.2617801047120419,0.4191176470588234,-0.01818181818181818,1,0,0,0
-0.18750000000000777,-0.4782608695652249,-0.02617801047120419,0.3308823529411766,-0.05454545454545454,0,1,0,0
-0.4375000000000122,-0.3043478260869748,-0.6701570680628273,0.6029411764705882,0.45454545454545453,0,0,1,0
0.7499999999999956,0.7826086956521503,-1.0732984293193717,1.2794117647058827,-0.45454545454545453,0,0,1,0
-0.5937500000000128,-0.782608695652175,0.9685863874345549,-0.595588235294118,0.8636363636363636,0,1,0,0
-0.5000000000000089,-0.6086956521739249,-0.7120418848167539,0.5294117647058822,-0.5454545454545454,0,0,1,0
-1.1875000000000078,-1.217391304347825,-0.02617801047120419,0.11029411764705888,-0.8363636363636363,0,0,1,0
0.8437499999999994,0.9565217391304252,-0.8743455497382199,1.2794117647058827,0.7272727272727273,1,0,0,0
-0.3437500000000083,-0.3043478260869748,-0.4397905759162304,0.6029411764705882,-0.14545454545454545,0,1,0,0
0.0,0.08695652173912506,-0.8272251308900523,1.2500000000000004,-0.32727272727272727,0,0,1,0
-0.3437500000000083,0.08695652173912506,-0.10471204188481675,-0.06617647058823521,0.41818181818181815,0,1,0,0
-1.0000000000000178,-1.0,0.21465968586387435,-0.18382352941176477,0.01818181818181818,0,0,1,0
-0.37500000000001554,-0.56521739130435,0.14136125654450263,-0.13235294117647095,-0.7636363636363637,0,1,0,0
-0.06250000000001443,0.13043478260867525,0.38219895287958117,-0.4264705882352946,0.7363636363636363,0,0,1,0
0.593749999999995,0.21739130434782503,-0.18848167539267016,0.35294117647058815,-0.19090909090909092,0,1,0,0
-0.4375000000000122,-0.7391304347826249,1.0,-0.8382352941176475,0.8,0,1,0,0
0.0,0.17391304347825012,-0.7696335078534031,0.4191176470588234,0.17272727272727273,0,1,0,0
0.24999999999998668,0.6086956521739002,1.0523560209424083,-0.6470588235294121,0.4727272727272727,0,0,1,0
-0.218750000000015,-0.4782608695652249,1.5549738219895288,-1.1617647058823535,0.19090909090909092,0,1,0,0
0.7499999999999956,0.8260869565217251,0.09424083769633508,0.007352941176470696,0.6090909090909091,0,0,1,0
0.3125000000000011,0.39130434782607515,0.32460732984293195,0.8970588235294118,0.6909090909090909,0,1,0,0
-0.7812500000000028,-0.913043478260875,-1.2827225130890052,1.2720588235294121,0.2909090909090909,0,1,0,0
-1.0000000000000178,-0.8695652173913001,1.2460732984293195,-0.8308823529411768,-0.42727272727272725,0,1,0,0
0.7812500000000028,0.8260869565217251,-0.03664921465968586,0.3602941176470589,-0.2545454545454545,0,0,1,0
-0.8437500000000172,-0.782608695652175,-0.47643979057591623,0.13970588235294112,0.03636363636363636,0,1,0,0
-0.8437500000000172,-0.7391304347826249,0.07329842931937172,0.06617647058823521,-0.8090909090909091,0,0,1,0
-0.5312500000000161,-0.4782608695652249,0.020942408376963352,-0.29411764705882365,0.7636363636363637,0,0,1,0
-0.5000000000000089,-0.17391304347827483,0.28272251308900526,-0.17647058823529407,-0.19090909090909092,0,0,1,0
0.6874999999999989,0.6956521739130253,0.005235602094240838,-0.20588235294117688,0.0,0,0,1,0
-0.81250000000001,-0.6956521739130499,0.49214659685863876,-0.2720588235294121,0.045454545454545456,0,1,0,0
0.18749999999999,-0.21739130434782503,-0.5235602094240838,0.823529411764706,0.6090909090909091,1,0,0,0
-0.3437500000000083,0.04347826086955017,0.4973821989528796,-0.4926470588235298,-0.5727272727272728,0,0,1,0
-0.25000000000000444,-0.6086956521739249,-0.5916230366492147,0.676470588235294,0.9818181818181818,0,0,1,0
0.031249999999989453,-0.17391304347827483,-0.10471204188481675,0.2720588235294116,0.00909090909090909,1,0,0,0
-0.7187500000000061,-0.7391304347826249,0.04712041884816754,-0.36764705882352955,0.2818181818181818,1,0,0,0
-0.5312500000000161,-0.39130434782609985,-0.8795811518324608,0.9852941176470591,0.5545454545454546,0,1,0,0
-0.7812500000000028,-0.6956521739130499,-0.06806282722513089,0.2426470588235293,0.42727272727272725,0,0,1,0
-0.37500000000001554,-0.4782608695652249,1.617801047120419,-1.0441176470588243,0.6090909090909091,0,0,1,0
0.40624999999998723,0.13043478260867525,-0.36649214659685864,0.2426470588235293,-0.19090909090909092,0,1,0,0
0.15625000000000056,0.17391304347825012,-0.21465968586387435,0.08823529411764679,-0.35454545454545455,0,0,1,0
-0.7500000000000133,-0.8260869565217499,-0.29842931937172773,0.27941176470588225,0.5909090909090909,0,1,0,0
0.2812499999999939,0.521739130434775,-0.16230366492146597,-0.3529411764705887,-0.3090909090909091,0,1,0,0
-0.37500000000001554,-0.08695652173914978,-1.0157068062827226,1.1838235294117654,0.10909090909090909,0,1,0,0
0.2812499999999939,0.34782608695650025,0.06282722513089005,0.12499999999999974,0.5727272727272728,0,0,1,0
0.09374999999998612,0.7391304347826001,0.450261780104712,0.13970588235294112,0.8545454545454545,0,1,0,0
-0.9062500000000139,-0.6956521739130499,4.9057591623036645,-1.9191176470588245,0.5363636363636364,1,0,0,0
-1.125000000000011,-1.1739130434782747,-0.3717277486910995,0.6691176470588239,-0.39090909090909093,1,0,0,0
0.06249999999999667,0.6956521739130253,-0.5078534031413613,0.5441176470588237,-0.8454545454545455,0,1,0,0
0.7812500000000028,0.7826086956521503,-0.2879581151832461,0.6911764705882355,-0.3181818181818182,0,1,0,0
-0.6562500000000094,-0.8260869565217499,0.612565445026178,-0.3161764705882357,-0.9272727272727272,0,1,0,0
0.43749999999999445,0.13043478260867525,-0.1518324607329843,-0.014705882352941391,-0.4909090909090909,0,1,0,0
-0.09375000000000389,-0.4782608695652249,-0.18848167539267016,-0.20588235294117688,0.7818181818181819,1,0,0,0
0.12499999999999334,0.5652173913043252,-0.193717277486911,0.12499999999999974,0.045454545454545456,0,1,0,0
-0.46875000000000167,-0.8260869565217499,-0.743455497382199,2.0661764705882364,0.5909090909090909,0,1,0,1
0.5624999999999878,0.34782608695650025,0.20418848167539266,-0.25,-0.05454545454545454,0,1,0,0
0.7499999999999956,0.8260869565217251,-0.24607329842931938,0.45588235294117635,0.9181818181818182,0,1,0,0
0.031249999999989453,0.6956521739130253,0.7172774869109948,-0.683823529411765,0.7636363636363637,0,1,0,0
-1.4375000000000122,-1.82608695652175,-0.2617801047120419,0.5294117647058822,-0.8909090909090909,0,0,1,0
-0.81250000000001,-0.5217391304347998,1.1832460732984293,-0.882352941176471,0.7454545454545455,0,1,0,0
-0.6562500000000094,-0.08695652173914978,-0.3036649214659686,0.3750000000000003,-0.4727272727272727,0,0,1,0
1.2812499999999938,1.4347826086956252,-0.14659685863874344,0.007352941176470696,-0.08181818181818182,0,1,0,0
-0.37500000000001554,-0.5217391304347998,0.9214659685863874,-0.8382352941176475,0.6727272727272727,0,0,1,0
0.031249999999989453,-0.04347826086957489,-0.5968586387434555,0.9926470588235299,0.7,0,1,0,0
0.24999999999998668,0.08695652173912506,-0.3298429319371728,0.5514705882352944,0.3,0,1,0,0
0.6874999999999989,0.43478260869565005,-0.35602094240837695,0.22058823529411775,0.38181818181818183,0,0,1,0
0.8749999999999889,1.04347826086955,0.6596858638743456,-0.7132352941176475,-0.3,0,1,0,0
-0.9687500000000105,-0.8695652173913001,-0.07329842931937172,0.29411764705882365,-0.1,0,1,0,0
-0.8437500000000172,-0.8695652173913001,0.612565445026178,-0.6544117647058828,0.32727272727272727,0,0,1,0
0.7187499999999883,0.43478260869565005,-0.3717277486910995,0.3235294117647059,0.8,0,0,1,0
-0.5312500000000161,-0.782608695652175,-0.2356020942408377,0.20588235294117635,-0.8363636363636363,1,0,0,0
-0.5937500000000128,-0.6086956521739249,3.575916230366492,-1.639705882352942,-0.6909090909090909,0,1,0,0
-0.5937500000000128,-0.782608695652175,0.29842931937172773,-0.5220588235294121,0.6727272727272727,0,0,1,0
-0.46875000000000167,-0.13043478260869995,0.21465968586387435,-0.7279411764705886,0.05454545454545454,0,1,0,0
0.06249999999999667,-0.08695652173914978,0.3507853403141361,-0.4485294117647062,-0.6909090909090909,0,1,0,0
-0.18750000000000777,-0.34782608695652495,-0.3193717277486911,0.4485294117647062,-0.9272727272727272,0,1,0,0
0.6874999999999989,0.34782608695650025,0.2879581151832461,-0.6029411764705886,0.9090909090909091,0,0,1,0
-0.1250000000000111,-0.43478260869565005,0.38219895287958117,-0.2720588235294121,0.38181818181818183,0,0,1,0
0.6250000000000022,0.521739130434775,-0.031413612565445025,-0.12500000000000025,-0.7181818181818181,0,0,1,0
-0.9375000000000033,-1.0,0.42408376963350786,0.1617647058823527,0.2545454545454545,0,1,0,0
0.24999999999998668,0.2608695652173752,-1.2303664921465969,1.1911764705882355,0.4909090909090909,0,0,1,0
-0.3125000000000011,-0.56521739130435,0.2617801047120419,-0.5514705882352944,-0.15454545454545454,1,0,0,0
-0.5937500000000128,-0.6956521739130499,6.151832460732984,-2.161764705882354,-0.19090909090909092,0,0,1,1
-0.6875000000000167,-0.13043478260869995,-0.8743455497382199,2.316176470588236,-0.6909090909090909,0,1,0,1
0.46875000000000167,0.21739130434782503,0.5759162303664922,0.17647058823529407,-0.09090909090909091,0,1,0,0
-0.6875000000000167,-1.0,-1.1361256544502618,1.4264705882352946,-0.4727272727272727,0,1,0,0
-0.8437500000000172,-0.9565217391304498,0.28272251308900526,-0.3382352941176473,0.6090909090909091,0,1,0,0
0.18749999999999,0.39130434782607515,-0.9685863874345549,0.595588235294118,0.19090909090909092,0,1,0,0
0.7187499999999883,0.43478260869565005,-0.29842931937172773,0.20588235294117635,-0.9272727272727272,0,1,0,0
-0.5000000000000089,-0.652173913043475,-0.8324607329842932,0.9485294117647062,0.06363636363636363,0,0,1,0
0.5312499999999983,0.3043478260869501,0.6020942408376964,-0.1691176470588239,-0.43636363636363634,0,0,1,0
0.0,0.5652173913043252,-0.7696335078534031,0.4117647058823532,0.38181818181818183,0,1,0,0
0.8437499999999994,0.9565217391304252,-0.04712041884816754,-0.19117647058823548,0.8272727272727273,0,1,0,0
0.7812500000000028,0.17391304347825012,0.041884816753926704,-0.21323529411764705,0.8181818181818182,0,1,0,0
0.24999999999998668,0.9999999999999752,-0.6858638743455497,0.8014705882352944,0.3181818181818182,0,1,0,0
-1.0625000000000144,-1.1304347826087,0.06282722513089005,0.14705882352941183,-0.4727272727272727,0,0,1,0
-0.3125000000000011,0.17391304347825012,-0.03664921465968586,-0.3602941176470589,-0.42727272727272725,0,1,0,0
-0.406250000000005,-0.13043478260869995,-0.06806282722513089,0.036764705882352956,0.15454545454545454,0,1,0,0
1.2187499999999971,1.2608695652173751,-0.6596858638743456,1.1691176470588238,-0.41818181818181815,0,0,1,0
0.43749999999999445,0.3043478260869501,-0.7120418848167539,0.6544117647058825,0.7818181818181819,0,1,0,0
1.18749999999999,1.3478260869565002,-0.11518324607329843,0.29411764705882365,0.8181818181818182,0,1,0,0
0.5312499999999983,0.2608695652173752,1.2984293193717278,-0.7941176470588239,0.23636363636363636,0,1,0,0
0.0,-0.39130434782609985,-0.44502617801047123,-0.02205882352941209,1.0363636363636364,0,0,1,0
0.593749999999995,0.39130434782607515,0.3298429319371728,-0.1691176470588239,1.009090909090909,0,1,0,0
0.8437499999999994,0.21739130434782503,0.5968586387434555,-0.16176470588235323,0.9090909090909091,0,1,0,0
-0.7812500000000028,-0.4782608695652249,1.6335078534031413,-1.0882352941176476,-0.37272727272727274,0,0,1,0
-0.5312500000000161,-0.652173913043475,0.5549738219895288,-0.3750000000000003,-0.03636363636363636,0,1,0,0
-0.031250000000007216,-0.21739130434782503,-0.418848167539267,0.632352941176471,-0.36363636363636365,0,0,1,0
-0.6875000000000167,-0.6956521739130499,-1.036649214659686,0.5220588235294121,0.43636363636363634,0,1,0,0
-0.6250000000000022,-0.9565217391304498,0.581151832460733,-0.3161764705882357,0.8090909090909091,0,1,0,0
-0.18750000000000777,-0.34782608695652495,-0.21465968586387435,0.48529411764705915,-0.9090909090909091,0,1,0,0
1.0624999999999967,0.9565217391304252,-0.518324607329843,0.6250000000000002,0.7818181818181819,0,1,0,0
0.24999999999998668,0.21739130434782503,0.005235602094240838,0.463235294117647,0.2,0,1,0,0
-0.06250000000001443,0.0,0.9319371727748691,-0.808823529411765,0.8181818181818182,0,1,0,0
0.34374999999999056,0.2608695652173752,0.3403141361256545,-0.13235294117647095,-0.5272727272727272,0,1,0,0
-0.28125000000001166,-0.56521739130435,0.10471204188481675,-0.0882352941176473,0.045454545454545456,0,0,1,0
0.6874999999999989,0.0,-0.9528795811518325,0.9264705882352946,0.24545454545454545,0,1,0,1
-0.8750000000000067,-0.6086956521739249,0.2513089005235602,-0.007352941176470696,0.16363636363636364,0,1,0,0
0.15625000000000056,-0.3043478260869748,-0.7120418848167539,1.6985294117647067,-0.5636363636363636,0,0,1,1
-0.3125000000000011,0.0,-0.08900523560209424,0.04411764705882365,-0.6181818181818182,0,1,0,0
-0.5937500000000128,-1.043478260869575,0.9319371727748691,-0.6691176470588239,-0.20909090909090908,0,0,1,0
-0.28125000000001166,0.13043478260867525,0.005235602094240838,0.2352941176470586,-0.6363636363636364,0,0,1,0
1.2187499999999971,1.30434782608695,-0.518324607329843,0.5147058823529413,-0.15454545454545454,0,1,0,0
-0.8750000000000067,-0.8260869565217499,0.9109947643979057,-0.38235294117647095,-0.7818181818181819,0,0,1,0
0.6250000000000022,0.652173913043475,1.036649214659686,-1.0220588235294124,-0.5545454545454546,1,0,0,0
1.0624999999999967,1.1304347826086751,-0.5287958115183246,0.5073529411764707,-0.7636363636363637,0,0,1,0
0.5624999999999878,0.2608695652173752,1.1204188481675392,-0.9779411764705886,-0.7272727272727273,0,1,0,0
-0.28125000000001166,-0.04347826086957489,-0.806282722513089,0.7573529411764707,1.0818181818181818,0,0,1,0
-0.6562500000000094,-1.1304347826087,1.4712041884816753,-0.9044117647058828,0.509090909090909,0,0,1,0
1.0312499999999893,0.5652173913043252,-1.0261780104712042,1.0220588235294121,-0.5727272727272728,0,0,1,1
0.06249999999999667,0.6956521739130253,1.6649214659685865,-1.0147058823529416,0.8636363636363636,0,1,0,0
-0.37500000000001554,-0.6956521739130499,1.2513089005235603,-0.4117647058823532,0.09090909090909091,0,1,0,0
-0.81250000000001,-0.7391304347826249,0.680628272251309,-0.5000000000000006,0.9636363636363636,0,1,0,0
0.3749999999999978,0.2608695652173752,0.06806282722513089,0.4338235294117648,0.10909090909090909,0,1,0,0
-0.5000000000000089,-0.8260869565217499,0.7905759162303665,-0.9558823529411768,-0.8545454545454545,0,1,0,0
-0.5625000000000056,-0.9565217391304498,1.0471204188481675,-0.8235294117647064,0.36363636363636365,0,1,0,0
-0.46875000000000167,-0.2608695652173999,0.9476439790575916,-0.9044117647058828,-0.5727272727272728,0,0,1,0
-0.5937500000000128,-1.0,-0.4816753926701571,0.9779411764705884,0.02727272727272727,0,0,1,0
-0.5937500000000128,-0.5217391304347998,0.4293193717277487,-0.4264705882352946,-0.6727272727272727,0,0,1,0
0.18749999999999,-0.08695652173914978,-0.47643979057591623,0.38235294117647045,0.43636363636363634,0,1,0,0
-0.5625000000000056,-0.7391304347826249,0.4293193717277487,-0.6985294117647062,0.18181818181818182,0,1,0,0
-0.8437500000000172,-0.782608695652175,-0.05235602094240838,0.08088235294117661,-0.5818181818181818,0,1,0,0
0.09374999999998612,-0.08695652173914978,5.549738219895288,-2.0073529411764715,-0.23636363636363636,1,0,0,1
0.6250000000000022,0.0,-0.6492146596858639,0.595588235294118,0.5363636363636364,0,0,1,1
-0.5000000000000089,-0.2608695652173999,-0.39267015706806285,0.25,-0.18181818181818182,0,1,0,0
1.1562500000000007,1.2173913043478004,0.3507853403141361,-0.3161764705882357,0.36363636363636365,1,0,0,0
0.18749999999999,-0.21739130434782503,0.19895287958115182,-0.4044117647058825,0.21818181818181817,0,1,0,0
-0.7812500000000028,-0.21739130434782503,-1.1780104712041886,0.7573529411764707,-0.9545454545454546,1,0,0,0
0.0,-0.34782608695652495,1.094240837696335,-0.8529411764705886,0.3090909090909091,0,1,0,0
0.3749999999999978,0.17391304347825012,-0.11518324607329843,-0.029411764705882262,-0.2,0,0,1,0
-0.6562500000000094,-0.21739130434782503,0.17277486910994763,-0.20588235294117688,0.11818181818181818,0,1,0,0
0.09374999999998612,-0.08695652173914978,-0.03664921465968586,-0.6102941176470591,0.42727272727272725,0,1,0,0
-1.0000000000000178,-1.043478260869575,-0.20418848167539266,0.09558823529411747,-0.9181818181818182,0,1,0,0
-0.25000000000000444,-0.43478260869565005,0.6858638743455497,-0.24264705882352983,-0.4090909090909091,0,1,0,0
-0.406250000000005,0.04347826086955017,0.418848167539267,-0.3235294117647059,0.08181818181818182,0,0,1,0
1.1562500000000007,1.2173913043478004,-0.3193717277486911,0.6029411764705882,-0.5,0,1,0,0
-0.4375000000000122,-0.13043478260869995,0.13089005235602094,-0.25,0.8181818181818182,0,0,1,0
0.18749999999999,0.8695652173913001,-0.5654450261780105,0.13235294117647042,0.45454545454545453,0,1,0,0
-0.28125000000001166,-0.6956521739130499,1.905759162303665,-0.9632352941176475,0.2818181818181818,0,1,0,0
-0.5000000000000089,-0.17391304347827483,5.832460732984293,-2.0588235294117654,-0.045454545454545456,0,1,0,1
0.12499999999999334,-0.13043478260869995,0.02617801047120419,-0.1691176470588239,0.39090909090909093,0,0,1,0
0.06249999999999667,-0.43478260869565005,-0.2356020942408377,0.3088235294117645,0.6181818181818182,0,0,1,0
0.7187499999999883,0.8260869565217251,-0.24083769633507854,0.2426470588235293,-0.7636363636363637,1,0,0,0
-0.25000000000000444,-0.43478260869565005,-1.0994764397905759,1.0000000000000004,0.7454545454545455,0,1,0,0
0.06249999999999667,0.43478260869565005,-0.8010471204188482,1.36764705882353,0.20909090909090908,0,0,1,0
0.9375000000000033,1.1304347826086751,-0.7853403141361257,0.8602941176470589,-0.09090909090909091,0,1,0,0
0.12499999999999334,0.8260869565217251,0.7486910994764397,-0.7794117647058828,-0.00909090909090909,0,1,0,0
-0.9375000000000033,-1.0,-0.13612565445026178,-0.2573529411764707,0.6363636363636364,0,1,0,0
-0.37500000000001554,0.04347826086955017,2.450261780104712,-1.24264705882353,0.43636363636363634,0,1,0,0
-0.3125000000000011,-0.782608695652175,-0.9319371727748691,0.5,-0.7181818181818181,0,1,0,0
-0.7500000000000133,-0.6086956521739249,-0.1256544502617801,0.4117647058823532,-0.12727272727272726,0,1,0,0
1.2187499999999971,1.30434782608695,1.1361256544502618,-0.8382352941176475,-0.00909090909090909,0,1,0,0
0.8437499999999994,0.9130434782608502,0.06282722513089005,-0.24264705882352983,0.5,0,1,0,0
-0.3437500000000083,0.0,0.4031413612565445,0.13235294117647042,-0.4727272727272727,0,1,0,0
1.18749999999999,1.30434782608695,0.8638743455497382,-0.41911764705882393,0.2727272727272727,0,0,1,0
-0.7500000000000133,-0.17391304347827483,0.5916230366492147,-0.6617647058823533,-0.7909090909090909,1,0,0,0
-0.3437500000000083,0.13043478260867525,-0.6335078534031413,0.9485294117647062,-0.16363636363636364,0,1,0,0
0.5624999999999878,0.2608695652173752,2.324607329842932,-1.1102941176470593,0.2727272727272727,0,1,0,0
-0.9375000000000033,-1.0,0.18324607329842932,-0.4264705882352946,0.6727272727272727,0,0,1,0
-0.3437500000000083,0.0,-0.3089005235602094,0.558823529411765,0.4909090909090909,0,1,0,0
0.031249999999989453,0.6956521739130253,-1.1361256544502618,1.1029411764705888,-0.5909090909090909,0,1,0,0
-0.5312500000000161,-0.8260869565217499,-0.020942408376963352,-0.007352941176470696,0.9454545454545454,0,0,1,0
-0.25000000000000444,-0.4782608695652249,-0.2931937172774869,0.7573529411764707,0.3,0,1,0,0
0.46875000000000167,0.3043478260869501,-0.35602094240837695,0.5220588235294121,0.4090909090909091,1,0,0,0
-0.3437500000000083,0.08695652173912506,-0.16230366492146597,-0.29411764705882365,-0.09090909090909091,0,1,0,0
0.6562499999999917,0.5652173913043252,-0.5497382198952879,0.5220588235294121,0.8636363636363636,0,0,1,0
-0.37500000000001554,0.0,0.27225130890052357,0.036764705882352956,0.6272727272727273,0,0,1,0
0.6562499999999917,0.4782608695652002,1.9371727748691099,-1.1838235294117654,-0.07272727272727272,0,0,1,0
0.18749999999999,0.2608695652173752,-0.3769633507853403,-0.058823529411765045,-0.7727272727272727,0,1,0,0
0.18749999999999,0.6956521739130253,-0.020942408376963352,-0.0882352941176473,-0.9454545454545454,0,0,1,0
-0.7187500000000061,-0.6956521739130499,1.0261780104712042,-0.9044117647058828,0.8363636363636363,0,1,0,0
0.8124999999999922,0.21739130434782503,-0.010471204188481676,0.632352941176471,-0.9363636363636364,0,1,0,0
0.2812499999999939,0.34782608695650025,0.39267015706806285,-0.12500000000000025,-0.5272727272727272,0,1,0,0
-0.4375000000000122,-0.08695652173914978,1.3089005235602094,-0.9779411764705886,-0.6090909090909091,0,1,0,0
0.0,0.0,-0.643979057591623,0.9191176470588239,-0.43636363636363634,0,1,0,0
-0.8750000000000067,-0.6086956521739249,0.6073298429319371,-0.6250000000000002,0.2,0,1,0,0
-0.3437500000000083,0.08695652173912506,0.2879581151832461,-0.345588235294118,1.0545454545454545,0,0,1,0
0.8124999999999922,0.9130434782608502,-0.8743455497382199,0.4926470588235293,0.6545454545454545,0,1,0,0
-0.406250000000005,-0.43478260869565005,0.05235602094240838,0.01470588235294087,0.4818181818181818,0,1,0,0
-0.406250000000005,-0.6956521739130499,-0.4083769633507853,0.5367647058823529,-0.15454545454545454,0,0,1,0
0.3749999999999978,0.2608695652173752,1.6544502617801047,-1.0735294117647065,-0.5545454545454546,0,0,1,0
0.7187499999999883,0.39130434782607515,-0.21465968586387435,0.6176470588235295,-0.23636363636363636,0,1,0,0
0.7499999999999956,0.6086956521739002,0.7958115183246073,-0.5735294117647064,0.3181818181818182,1,0,0,0
0.3125000000000011,0.21739130434782503,-0.5026178010471204,0.27941176470588225,0.03636363636363636,1,0,0,0
0.5312499999999983,0.4782608695652002,-0.27225130890052357,-0.05147058823529435,-0.33636363636363636,1,0,0,0
-0.1250000000000111,-0.34782608695652495,0.3717277486910995,-0.3161764705882357,-0.9181818181818182,0,1,0,0
0.0,0.04347826086955017,-0.14659685863874344,1.0367647058823535,-0.4909090909090909,0,1,0,0
-0.3437500000000083,0.0,1.0261780104712042,-0.5294117647058828,-0.18181818181818182,0,1,0,0
-0.406250000000005,-0.652173913043475,-0.010471204188481676,-0.3750000000000003,-0.4727272727272727,0,1,0,0
0.0,-0.39130434782609985,0.5026178010471204,-0.7352941176470591,0.990909090909091,0,1,0,0
0.3125000000000011,0.652173913043475,-0.3717277486910995,0.5882352941176473,0.8636363636363636,0,1,0,0
0.9375000000000033,1.086956521739125,-0.518324607329843,0.036764705882352956,0.4090909090909091,1,0,0,0
0.34374999999999056,0.9565217391304252,0.2356020942408377,-0.13235294117647095,-0.18181818181818182,0,0,1,0
0.21874999999999722,0.08695652173912506,0.12041884816753927,-0.2794117647058828,0.8909090909090909,0,0,1,0
-0.5625000000000056,-0.43478260869565005,-0.450261780104712,1.5000000000000004,0.32727272727272727,0,1,0,0
0.5624999999999878,0.2608695652173752,-0.5130890052356021,0.573529411764706,-0.24545454545454545,0,0,1,0
1.18749999999999,1.2608695652173751,-0.10471204188481675,0.3602941176470589,-0.2636363636363636,0,1,0,0
-0.406250000000005,-0.2608695652173999,-0.675392670157068,0.5882352941176473,0.4727272727272727,0,1,0,0
-0.6250000000000022,-1.086956521739125,0.32460732984293195,-0.2794117647058828,0.3,0,0,1,0
-0.5625000000000056,-0.39130434782609985,-0.24607329842931938,0.39705882352941185,-0.2909090909090909,0,1,0,0
-0.09375000000000389,-0.2608695652173999,0.20418848167539266,0.01470588235294087,0.3090909090909091,0,1,0,0
-0.8750000000000067,-0.652173913043475,-0.24607329842931938,0.20588235294117635,0.13636363636363635,0,0,1,0
0.7187499999999883,0.7391304347826001,0.8900523560209425,-0.7352941176470591,0.9363636363636364,0,1,0,0
0.12499999999999334,-0.13043478260869995,0.24607329842931938,-0.19852941176470618,0.37272727272727274,0,1,0,0
-0.7812500000000028,-0.652173913043475,-0.5968586387434555,0.6544117647058825,-0.6636363636363637,0,0,1,0
0.7187499999999883,0.3043478260869501,0.9581151832460733,-0.8308823529411768,0.39090909090909093,0,1,0,0
-1.3437500000000084,-1.56521739130435,0.16230366492146597,-0.16176470588235323,-0.17272727272727273,0,1,0,0
0.06249999999999667,0.652173913043475,1.0785340314136125,-0.7794117647058828,-0.7272727272727273,0,1,0,0
-0.7500000000000133,-1.2608695652173998,-0.3089005235602094,-0.007352941176470696,-0.8181818181818182,0,1,0,0
-0.7812500000000028,-0.782608695652175,0.7172774869109948,-0.6764705882352946,-0.2545454545454545,1,0,0,0
-0.6250000000000022,-0.08695652173914978,0.6596858638743456,-0.558823529411765,-0.5636363636363636,0,1,0,0
1.093750000000004,1.2608695652173751,0.09947643979057591,-0.3161764705882357,0.23636363636363636,0,1,0,0
0.46875000000000167,0.34782608695650025,0.675392670157068,-0.6250000000000002,0.7454545454545455,0,1,0,0
-0.406250000000005,0.0,-1.361256544502618,2.529411764705883,0.7909090909090909,0,0,1,1
-1.3125000000000189,-1.5217391304347752,0.28272251308900526,0.07352941176470591,0.05454545454545454,0,1,0,0
-0.5312500000000161,-0.2608695652173999,-0.5549738219895288,0.75,0.02727272727272727,0,1,0,0
-0.81250000000001,-0.5217391304347998,-0.23036649214659685,0.6176470588235295,0.7818181818181819,0,1,0,0
-0.8750000000000067,-0.6086956521739249,-0.7905759162303665,1.0073529411764708,-0.14545454545454545,0,1,0,0
0.7499999999999956,0.4782608695652002,0.2198952879581152,0.0,0.5272727272727272,0,1,0,0
0.3125000000000011,0.9565217391304252,-0.08900523560209424,-0.38235294117647095,0.13636363636363635,0,1,0,0
0.7499999999999956,0.7826086956521503,0.4816753926701571,-0.4044117647058825,0.045454545454545456,1,0,0,0
-0.15625000000000056,-0.3043478260869748,0.7329842931937173,-0.5294117647058828,0.34545454545454546,0,1,0,0
0.18749999999999,0.34782608695650025,0.16753926701570682,-0.22058823529411775,0.05454545454545454,0,1,0,0
-0.5312500000000161,-0.8260869565217499,-0.7277486910994765,0.4264705882352941,-0.4,0,1,0,0
-1.0625000000000144,-1.043478260869575,0.49214659685863876,-0.5882352941176473,0.06363636363636363,0,0,1,0
0.593749999999995,0.17391304347825012,-0.6387434554973822,1.345588235294118,0.8545454545454545,0,0,1,0
0.6874999999999989,0.7391304347826001,-0.774869109947644,0.7352941176470591,-0.02727272727272727,0,0,1,0
1.1249999999999933,1.2608695652173751,1.612565445026178,-1.1617647058823535,0.9272727272727272,0,1,0,0
0.12499999999999334,0.7826086956521503,-0.9057591623036649,1.4264705882352946,-0.6727272727272727,0,1,0,0
-0.7812500000000028,-0.56521739130435,0.18848167539267016,0.007352941176470696,-0.3181818181818182,0,1,0,0
0.09374999999998612,0.6956521739130253,-0.23036649214659685,0.4044117647058825,-0.9454545454545454,0,1,0,0
-0.406250000000005,-0.04347826086957489,-0.08376963350785341,0.09558823529411747,0.4090909090909091,0,1,0,0
0.8437499999999994,0.9130434782608502,0.5863874345549738,-0.5294117647058828,0.4727272727272727,0,0,1,0
1.0624999999999967,1.2608695652173751,-0.5759162303664922,0.845588235294118,-0.24545454545454545,0,1,0,0
0.15625000000000056,0.13043478260867525,0.03664921465968586,0.19852941176470565,0.15454545454545454,1,0,0,0
0.12499999999999334,-0.2608695652173999,1.4345549738219896,-1.2132352941176476,-0.9727272727272728,0,1,0,0
0.24999999999998668,0.2608695652173752,-0.2670157068062827,0.5294117647058822,-0.7454545454545455,0,0,1,0
-0.81250000000001,-0.34782608695652495,0.31413612565445026,-0.29411764705882365,-0.06363636363636363,1,0,0,0
-0.6250000000000022,-1.0,0.11518324607329843,-0.30882352941176505,0.22727272727272727,0,0,1,0
-0.031250000000007216,0.13043478260867525,1.9790575916230366,-1.3382352941176479,-0.045454545454545456,1,0,0,0
0.09374999999998612,0.39130434782607515,1.5654450261780104,-1.0367647058823535,0.8181818181818182,0,1,0,0
0.0,-0.3043478260869748,0.29842931937172773,0.558823529411765,-0.7363636363636363,0,1,0,0
-0.28125000000001166,-0.7391304347826249,-0.3612565445026178,0.4926470588235293,-0.9545454545454546,0,1,0,0
0.12499999999999334,-0.13043478260869995,0.27225130890052357,-0.0882352941176473,0.5363636363636364,0,0,1,0
-0.7500000000000133,-0.5217391304347998,1.7539267015706805,-0.9411764705882357,-0.07272727272727272,0,1,0,0
-0.5312500000000161,-0.8695652173913001,2.031413612565445,-1.1323529411764712,0.4636363636363636,1,0,0,0
0.6562499999999917,0.6086956521739002,0.3089005235602094,-0.15441176470588253,0.5,0,0,1,0
-0.15625000000000056,-0.3043478260869748,0.9109947643979057,-0.6617647058823533,0.7636363636363637,0,1,0,0
-0.37500000000001554,-0.08695652173914978,-0.518324607329843,0.09558823529411747,-0.7909090909090909,0,0,1,0
0.18749999999999,0.0,-1.2670157068062826,1.2132352941176476,-0.08181818181818182,0,1,0,0
0.4999999999999911,0.17391304347825012,-0.6596858638743456,0.22058823529411775,0.6909090909090909,0,1,0,0
0.7499999999999956,0.34782608695650025,-0.13612565445026178,-0.06617647058823521,0.33636363636363636,0,1,0,0
1.1562500000000007,1.3478260869565002,1.0837696335078535,-1.0000000000000004,0.7545454545454545,0,0,1,0
0.3749999999999978,-0.04347826086957489,2.9581151832460733,-1.639705882352942,0.6272727272727273,0,0,1,0
-0.406250000000005,-0.04347826086957489,-0.5235602094240838,0.4044117647058825,0.7090909090909091,0,1,0,0
0.7187499999999883,0.8695652173913001,-0.05759162303664921,0.558823529411765,-0.9090909090909091,0,0,1,0
0.12499999999999334,0.7391304347826001,-0.900523560209424,1.1176470588235297,0.5454545454545454,0,0,1,0
-0.218750000000015,-0.6086956521739249,-0.29842931937172773,1.6764705882352946,0.24545454545454545,0,1,0,1
1.0,0.5652173913043252,-0.5654450261780105,1.3970588235294124,-0.9363636363636364,0,0,1,0
0.2812499999999939,0.34782608695650025,-0.15706806282722513,0.3014705882352943,0.08181818181818182,0,1,0,0
1.0312499999999893,0.6956521739130253,0.9790575916230366,-0.38235294117647095,0.7454545454545455,0,0,1,0
-0.7812500000000028,-0.6956521739130499,0.9162303664921466,-0.4338235294117648,0.06363636363636363,0,1,0,0
0.09374999999998612,0.04347826086955017,0.5759162303664922,-0.23529411764705913,1.1272727272727272,0,0,1,0
-0.81250000000001,-0.56521739130435,-0.38219895287958117,0.6838235294117648,-0.9545454545454546,1,0,0,0
-0.8750000000000067,-0.652173913043475,-0.08900523560209424,0.18382352941176477,-0.01818181818181818,0,1,0,0
0.3749999999999978,0.3043478260869501,-0.6387434554973822,0.573529411764706,-0.6727272727272727,0,1,0,0
0.43749999999999445,0.21739130434782503,-0.5706806282722513,0.47058823529411775,0.9,0,1,0,0
0.4999999999999911,0.39130434782607515,-0.32460732984293195,0.3088235294117645,0.9181818181818182,0,1,0,1
0.06249999999999667,-0.21739130434782503,0.6335078534031413,-0.5514705882352944,0.6181818181818182,0,1,0,0
-0.9062500000000139,-0.8695652173913001,0.9738219895287958,-0.6544117647058828,0.34545454545454546,0,1,0,0
-0.7812500000000028,-0.782608695652175,1.638743455497382,-0.8308823529411768,-0.00909090909090909,0,1,0,0
-0.25000000000000444,-0.6956521739130499,-0.03664921465968586,-0.05147058823529435,-0.24545454545454545,0,0,1,0
-0.18750000000000777,-0.04347826086957489,-0.6020942408376964,0.9044117647058825,-0.11818181818181818,0,1,0,0
0.21874999999999722,0.9999999999999752,1.382198952879581,-1.0661764705882357,-0.01818181818181818,0,1,0,0
0.3749999999999978,0.13043478260867525,0.005235602094240838,0.5220588235294121,0.7818181818181819,0,1,0,0
-0.7812500000000028,-0.5217391304347998,-0.1256544502617801,-0.14705882352941183,0.6818181818181818,0,0,1,0
0.12499999999999334,-0.21739130434782503,-0.19895287958115182,0.11029411764705888,1.0,0,1,0,0
0.18749999999999,0.0,1.1413612565445026,-0.5735294117647064,0.5727272727272728,0,1,0,0
0.7812500000000028,0.8695652173913001,0.5654450261780105,-0.014705882352941391,0.9363636363636364,0,0,1,0
0.7499999999999956,0.04347826086955017,-1.0261780104712042,1.0220588235294121,-0.19090909090909092,0,1,0,1
-0.8437500000000172,-0.782608695652175,-0.7172774869109948,0.39705882352941185,-0.8727272727272727,0,1,0,0
0.4999999999999911,0.2608695652173752,-0.05235602094240838,0.808823529411765,-0.18181818181818182,0,1,0,0
-0.09375000000000389,0.3043478260869501,-0.6649214659685864,0.6250000000000002,0.4727272727272727,0,1,0,0
0.18749999999999,0.3043478260869501,3.193717277486911,-1.5882352941176479,-0.10909090909090909,0,1,0,0
0.031249999999989453,0.6086956521739002,0.9528795811518325,-0.6691176470588239,0.7818181818181819,0,1,0,0
-0.3437500000000083,-0.6086956521739249,0.418848167539267,-0.558823529411765,-0.7454545454545455,0,1,0,0
0.6562499999999917,0.3043478260869501,1.6963350785340314,-1.1985294117647065,-0.8909090909090909,0,1,0,0
-0.09375000000000389,0.08695652173912506,0.1099476439790576,-0.4338235294117648,0.8090909090909091,0,1,0,0
-0.5937500000000128,-0.7391304347826249,-1.0104712041884816,1.5367647058823535,0.7454545454545455,0,1,0,1
1.1249999999999933,0.9999999999999752,0.04712041884816754,-0.06617647058823521,0.7,0,1,0,0
-0.8437500000000172,-0.782608695652175,-0.10471204188481675,0.13235294117647042,-0.5454545454545454,0,0,1,0
0.46875000000000167,0.34782608695650025,0.03664921465968586,0.058823529411764525,0.4090909090909091,0,0,1,0
0.12499999999999334,0.7391304347826001,-0.7068062827225131,1.308823529411765,0.7636363636363637,0,1,0,1
0.0,0.6086956521739002,-0.837696335078534,0.4485294117647062,-0.7181818181818181,0,0,1,0
0.9375000000000033,0.521739130434775,-0.5235602094240838,1.1397058823529416,0.39090909090909093,0,1,0,0
0.3125000000000011,0.17391304347825012,0.23036649214659685,-0.3161764705882357,-0.23636363636363636,0,0,1,0
0.3125000000000011,0.2608695652173752,3.74869109947644,-1.7205882352941184,-0.2545454545454545,0,0,1,0
1.0312499999999893,0.652173913043475,-0.031413612565445025,0.19852941176470565,-0.44545454545454544,0,1,0,0
-0.7812500000000028,-0.652173913043475,-0.5759162303664922,0.022058823529411565,0.18181818181818182,0,1,0,0
-1.0312500000000073,-0.913043478260875,0.17277486910994763,0.022058823529411565,1.0,0,1,0,0
-0.218750000000015,-0.39130434782609985,-0.39790575916230364,0.10294117647058817,-0.7090909090909091,0,1,0,0
1.1562500000000007,1.04347826086955,0.6073298429319371,-0.6764705882352946,0.3181818181818182,0,1,0,0
-0.5312500000000161,-0.4782608695652249,0.21465968586387435,-0.095588235294118,-0.09090909090909091,0,0,1,0
-0.6562500000000094,-1.043478260869575,-0.38219895287958117,0.5294117647058822,-0.5272727272727272,0,1,0,0
0.06249999999999667,0.6086956521739002,0.193717277486911,0.10294117647058817,0.4,0,0,1,0
0.9687499999999928,0.6086956521739002,-0.8743455497382199,1.330882352941177,-0.9545454545454546,0,0,1,1
1.1249999999999933,1.1304347826086751,-0.7539267015706806,1.2279411764705885,0.7909090909090909,0,1,0,1
1.093750000000004,1.04347826086955,-0.8272251308900523,1.0294117647058827,0.17272727272727273,0,1,0,0
-0.5000000000000089,-0.3043478260869748,0.36649214659685864,-0.3014705882352943,-0.09090909090909091,1,0,0,0
-0.6562500000000094,-0.56521739130435,-0.07329842931937172,-0.2647058823529414,0.01818181818181818,0,1,0,0
-0.37500000000001554,0.04347826086955017,0.7905759162303665,-0.6617647058823533,0.4636363636363636,0,1,0,0
1.0312499999999893,1.2173913043478004,-0.42408376963350786,-0.014705882352941391,-0.4,0,0,1,0
0.06249999999999667,-0.21739130434782503,-0.5497382198952879,1.0000000000000004,-0.22727272727272727,0,0,1,0
-0.406250000000005,-0.652173913043475,-0.900523560209424,1.6691176470588238,-0.23636363636363636,0,1,0,0
0.24999999999998668,0.39130434782607515,-0.020942408376963352,-0.15441176470588253,0.03636363636363636,0,1,0,0
0.2812499999999939,0.9130434782608502,-1.2513089005235603,1.3897058823529416,-0.45454545454545453,0,1,0,0
-1.1562500000000184,-1.1739130434782747,6.963350785340314,-2.536764705882354,0.9636363636363636,0,1,0,1
-1.1875000000000078,-1.2608695652173998,-0.25654450261780104,0.17647058823529407,-0.6545454545454545,0,0,1,0
0.43749999999999445,0.3043478260869501,-0.2670157068062827,0.29411764705882365,0.45454545454545453,0,0,1,0
0.06249999999999667,-0.13043478260869995,-0.3089005235602094,0.13970588235294112,-0.9454545454545454,0,0,1,0
-1.093750000000004,-1.1739130434782747,0.09424083769633508,-0.11029411764705888,0.6,0,1,0,0
-0.46875000000000167,-0.7391304347826249,-0.09424083769633508,0.20588235294117635,-0.6272727272727273,0,1,0,0
-0.3437500000000083,0.13043478260867525,0.6387434554973822,-0.22058823529411775,0.21818181818181817,0,0,1,0
1.1249999999999933,1.30434782608695,-0.418848167539267,0.08088235294117661,0.15454545454545454,0,1,0,0
1.18749999999999,1.1304347826086751,1.5549738219895288,-1.1617647058823535,0.4636363636363636,0,1,0,0
-0.218750000000015,-0.43478260869565005,-0.3717277486910995,0.3897058823529411,0.2727272727272727,0,1,0,0
-0.9687500000000105,-0.9565217391304498,-0.2513089005235602,0.6544117647058825,0.8818181818181818,0,1,0,0
0.7812500000000028,0.39130434782607515,0.4607329842931937,-0.45588235294117685,0.10909090909090909,0,0,1,0
0.3749999999999978,0.13043478260867525,0.6910994764397905,-0.558823529411765,0.02727272727272727,0,0,1,0
-0.6562500000000094,-0.39130434782609985,0.1256544502617801,-0.5661764705882357,-0.07272727272727272,0,1,0,0
-0.406250000000005,-0.6086956521739249,-0.29842931937172773,0.39705882352941185,-0.5272727272727272,0,0,1,0
0.6874999999999989,0.2608695652173752,-0.020942408376963352,-0.1691176470588239,0.2727272727272727,0,1,0,0
0.0,0.521739130434775,5.633507853403142,-2.029411764705883,-0.39090909090909093,0,1,0,1
-0.3437500000000083,-0.6956521739130499,0.6282722513089005,-0.48529411764705915,0.42727272727272725,1,0,0,0
1.0624999999999967,1.17391304347825,0.5445026178010471,-0.12500000000000025,-0.13636363636363635,0,1,0,0
0.031249999999989453,0.652173913043475,0.8324607329842932,-0.8308823529411768,0.5,1,0,0,0
1.18749999999999,1.2173913043478004,0.12041884816753927,0.17647058823529407,0.7909090909090909,0,1,0,0
0.593749999999995,0.34782608695650025,-0.041884816753926704,-0.11029411764705888,-0.5,0,1,0,0
0.8124999999999922,0.8260869565217251,1.7015706806282722,-1.1838235294117654,-0.4,0,1,0,0
0.15625000000000056,-0.2608695652173999,-0.34554973821989526,-0.007352941176470696,-0.4727272727272727,0,1,0,0
0.46875000000000167,0.21739130434782503,0.27225130890052357,0.022058823529411565,0.2909090909090909,1,0,0,0
1.0312499999999893,1.1304347826086751,-0.7329842931937173,0.39705882352941185,-0.7363636363636363,0,1,0,0
0.0,0.17391304347825012,-0.05759162303664921,0.7941176470588237,0.03636363636363636,0,1,0,0
-0.3437500000000083,-0.4782608695652249,-0.17801047120418848,0.0,-0.8545454545454545,0,1,0,0
-1.125000000000011,-1.086956521739125,-0.4607329842931937,0.3014705882352943,-0.00909090909090909,0,1,0,0
-0.8437500000000172,-0.34782608695652495,0.06806282722513089,0.21323529411764705,-0.21818181818181817,1,0,0,0
0.031249999999989453,0.7391304347826001,1.544502617801047,-1.24264705882353,0.9363636363636364,0,1,0,0
-0.09375000000000389,0.43478260869565005,-0.02617801047120419,-0.14705882352941183,0.6272727272727273,0,0,1,0
-1.093750000000004,-1.1739130434782747,-0.19895287958115182,0.5661764705882352,0.7272727272727273,0,1,0,0
-0.5937500000000128,-0.4782608695652249,0.4869109947643979,-0.21323529411764705,-0.18181818181818182,0,1,0,0
1.093750000000004,1.2173913043478004,1.9371727748691099,-1.2205882352941182,-0.9090909090909091,0,1,0,0
-0.09375000000000389,0.21739130434782503,1.0,-0.6470588235294121,0.12727272727272726,0,0,1,0
-0.81250000000001,-0.782608695652175,0.4869109947643979,-0.24264705882352983,-0.2727272727272727,0,1,0,0
-0.6250000000000022,-0.43478260869565005,0.3612565445026178,-0.19117647058823548,0.17272727272727273,0,0,1,0
0.5624999999999878,0.39130434782607515,6.219895287958115,-2.0588235294117654,-0.6909090909090909,0,1,0,1
-1.218750000000015,-1.217391304347825,-0.13612565445026178,-0.3602941176470589,-0.4909090909090909,0,0,1,0
0.24999999999998668,0.08695652173912506,-0.9528795811518325,0.6397058823529411,0.39090909090909093,0,1,0,0
0.7187499999999883,0.39130434782607515,0.36649214659685864,-0.2647058823529414,0.7818181818181819,0,1,0,0
-0.6562500000000094,-0.5217391304347998,0.39267015706806285,-0.3308823529411766,0.41818181818181815,0,1,0,0
-0.406250000000005,0.0,-0.010471204188481676,0.632352941176471,0.7727272727272727,0,0,1,0
-0.7812500000000028,-0.56521739130435,-0.45549738219895286,0.4264705882352941,-0.05454545454545454,0,0,1,0
-0.5937500000000128,-0.39130434782609985,0.1099476439790576,-0.4044117647058825,0.4909090909090909,0,0,1,0
-0.8437500000000172,-0.6086956521739249,0.03664921465968586,-0.286764705882353,-0.13636363636363635,0,1,0,0
0.2812499999999939,0.34782608695650025,0.3403141361256545,-0.13970588235294112,0.5909090909090909,0,1,0,0
-0.8750000000000067,-0.6086956521739249,-0.27225130890052357,0.2720588235294116,-0.7545454545454545,0,0,1,0
0.8437499999999994,0.8695652173913001,0.08900523560209424,-0.014705882352941391,-0.5363636363636364,0,1,0,0
0.40624999999998723,0.08695652173912506,-0.05759162303664921,0.09558823529411747,0.8,0,1,0,0
0.5312499999999983,-0.17391304347827483,0.4973821989528796,-0.7132352941176475,0.15454545454545454,0,1,0,0
1.2812499999999938,1.4347826086956252,0.3403141361256545,-0.18382352941176477,-0.7454545454545455,0,1,0,0
-0.3437500000000083,-0.652173913043475,-0.3612565445026178,0.4264705882352941,0.00909090909090909,0,1,0,0
0.5312499999999983,0.21739130434782503,-0.23036649214659685,0.007352941176470696,0.19090909090909092,0,0,1,0
0.6562499999999917,0.521739130434775,0.3507853403141361,-0.29411764705882365,-0.9727272727272728,0,1,0,0
0.12499999999999334,-0.08695652173914978,0.0,-0.19852941176470618,0.6181818181818182,0,1,0,0
0.18749999999999,0.2608695652173752,-0.2774869109947644,0.2426470588235293,-0.24545454545454545,0,1,0,0
-0.5625000000000056,-0.6956521739130499,0.6596858638743456,-0.22058823529411775,0.5727272727272728,0,0,1,0
-0.37500000000001554,-0.7391304347826249,0.675392670157068,-0.6102941176470591,-0.8181818181818182,1,0,0,0
0.21874999999999722,0.2608695652173752,-0.7591623036649214,0.5882352941176473,0.8272727272727273,0,1,0,0
0.5312499999999983,-0.13043478260869995,0.225130890052356,-0.02205882352941209,0.12727272727272726,0,0,1,0
0.031249999999989453,-0.39130434782609985,0.8586387434554974,-0.7500000000000006,-0.2909090909090909,0,1,0,0
1.0312499999999893,0.9565217391304252,-1.130890052356021,1.0808823529411766,-0.4818181818181818,0,1,0,0
0.4999999999999911,0.0,1.256544502617801,-0.9411764705882357,0.9363636363636364,0,0,1,0
0.15625000000000056,-0.04347826086957489,-0.10471204188481675,0.286764705882353,-0.09090909090909091,1,0,0,0
0.031249999999989453,0.08695652173912506,-0.4973821989528796,0.17647058823529407,-0.9727272727272728,1,0,0,0
-0.5312500000000161,-0.782608695652175,-0.15706806282722513,-0.014705882352941391,0.7,0,1,0,0
-0.3125000000000011,0.08695652173912506,1.7539267015706805,-1.1838235294117654,1.1636363636363636,0,0,1,0
-0.3437500000000083,-0.08695652173914978,0.6649214659685864,-0.4485294117647062,-0.13636363636363635,0,1,0,0
-0.1250000000000111,-0.34782608695652495,1.4450261780104712,-1.0735294117647065,0.2,0,1,0,0
-0.8750000000000067,-0.782608695652175,-0.4869109947643979,0.5882352941176473,-0.7636363636363637,0,1,0,0
1.0624999999999967,1.2173913043478004,0.6020942408376964,-0.7132352941176475,0.20909090909090908,0,0,1,0
1.1562500000000007,1.04347826086955,-0.2931937172774869,0.4779411764705884,0.8272727272727273,1,0,0,0
0.18749999999999,0.4782608695652002,1.3926701570680629,-1.0000000000000004,-0.4,0,0,1,0
-0.6250000000000022,-0.913043478260875,1.0523560209424083,-0.6764705882352946,-0.41818181818181815,0,1,0,0
-0.6250000000000022,-0.652173913043475,-0.4607329842931937,0.45588235294117635,-0.7272727272727273,0,0,1,0
0.24999999999998668,0.3043478260869501,0.5026178010471204,-0.5220588235294121,-0.9090909090909091,0,0,1,0
0.0,-0.13043478260869995,-0.38219895287958117,1.2205882352941182,-0.5727272727272728,0,1,0,0
0.7812500000000028,0.6956521739130253,-0.38219895287958117,0.8529411764705886,-0.6818181818181818,0,0,1,0
0.18749999999999,-0.04347826086957489,-0.5654450261780105,0.5808823529411766,-0.2,0,1,0,0
0.06249999999999667,0.6956521739130253,0.7486910994764397,-0.8235294117647064,0.8272727272727273,0,0,1,0
0.43749999999999445,0.2608695652173752,-0.45549738219895286,0.9632352941176475,-0.34545454545454546,0,0,1,0
0.8749999999999889,0.9999999999999752,0.24607329842931938,-0.23529411764705913,0.7909090909090909,0,1,0,0
0.8124999999999922,0.652173913043475,6.31413612565445,-2.2352941176470598,-0.9545454545454546,0,0,1,1
0.7812500000000028,0.08695652173912506,-0.1256544502617801,0.022058823529411565,-0.01818181818181818,0,1,0,0
0.031249999999989453,-0.08695652173914978,0.3298429319371728,-0.2720588235294121,0.5727272727272728,0,1,0,0
0.7187499999999883,0.7391304347826001,0.2094240837696335,-0.6617647058823533,-0.1,0,1,0,0
-0.5625000000000056,-1.043478260869575,0.38219895287958117,-0.4632352941176476,0.5818181818181818,0,1,0,0
-0.9375000000000033,-0.782608695652175,-0.03664921465968586,0.4191176470588234,0.7545454545454545,0,1,0,0
-0.5937500000000128,-0.4782608695652249,4.952879581151833,-1.9338235294117656,-0.5636363636363636,0,1,0,0
0.12499999999999334,0.17391304347825012,-0.680628272251309,0.5367647058823529,-0.4636363636363636,0,1,0,0
0.06249999999999667,-0.2608695652173999,-0.5130890052356021,0.6838235294117648,-0.2727272727272727,0,0,1,0
0.7187499999999883,0.39130434782607515,-0.418848167539267,0.4485294117647062,0.7181818181818181,0,1,0,0
-0.6250000000000022,-1.086956521739125,2.3403141361256545,-1.455882352941177,0.8636363636363636,0,1,0,0
0.2812499999999939,0.34782608695650025,-0.39267015706806285,0.38235294117647045,-0.5454545454545454,0,1,0,0
-0.3125000000000011,0.17391304347825012,-0.09424083769633508,-0.1691176470588239,-0.5545454545454546,0,1,0,0
1.093750000000004,0.7391304347826001,-0.4293193717277487,0.3455882352941175,-0.05454545454545454,0,0,1,1
-1.218750000000015,-1.2608695652173998,0.06282722513089005,-0.2647058823529414,-0.6272727272727273,0,1,0,0
0.3749999999999978,0.39130434782607515,0.20418848167539266,-0.4779411764705884,-0.24545454545454545,0,1,0,0
-0.7500000000000133,-1.086956521739125,2.18848167539267,-1.264705882352942,-0.35454545454545455,0,1,0,0
-0.1250000000000111,0.43478260869565005,-0.33507853403141363,0.35294117647058815,0.6090909090909091,0,1,0,0
-0.3437500000000083,0.08695652173912506,-0.39267015706806285,0.45588235294117635,0.6181818181818182,0,1,0,0
0.40624999999998723,0.39130434782607515,-1.4083769633507854,1.1544117647058825,0.4090909090909091,0,0,1,0
1.2812499999999938,1.6086956521739002,-0.11518324607329843,0.35294117647058815,0.2636363636363636,0,0,1,0
0.2812499999999939,0.9565217391304252,0.24607329842931938,-0.38235294117647095,0.03636363636363636,0,1,0,0
-1.0312500000000073,-0.9565217391304498,-1.2146596858638743,1.5661764705882357,0.16363636363636364,0,1,0,0
0.6874999999999989,0.34782608695650025,2.7801047120418847,-1.5000000000000009,0.7545454545454545,0,1,0,0
-0.406250000000005,-0.4782608695652249,-0.031413612565445025,0.2720588235294116,0.36363636363636365,1,0,0,0
-0.6875000000000167,-0.13043478260869995,2.602094240837696,-1.3823529411764712,-0.7090909090909091,0,1,0,0
-0.37500000000001554,-0.6956521739130499,-0.387434554973822,1.1029411764705888,0.3,0,1,0,0
0.7499999999999956,0.08695652173912506,0.10471204188481675,-0.3014705882352943,-0.3181818181818182,0,1,0,0
-0.28125000000001166,-0.7391304347826249,-0.5602094240837696,0.6176470588235295,-0.9272727272727272,0,0,1,0
1.2812499999999938,1.4347826086956252,1.2146596858638743,-0.8235294117647064,0.7727272727272727,0,1,0,0
0.8749999999999889,0.8695652173913001,-0.8848167539267016,1.0735294117647065,-0.17272727272727273,0,1,0,0
-0.8750000000000067,-0.913043478260875,-0.5235602094240838,0.3602941176470589,-0.2727272727272727,0,0,1,0
-0.7187500000000061,-0.43478260869565005,-0.3717277486910995,0.18382352941176477,-0.8181818181818182,0,0,1,0
0.6562499999999917,0.652173913043475,1.931937172774869,-1.4485294117647067,0.8636363636363636,0,1,0,0
1.1562500000000007,1.3478260869565002,0.14659685863874344,-0.05147058823529435,0.4727272727272727,0,1,0,0
0.40624999999998723,0.13043478260867525,0.2931937172774869,-0.3014705882352943,0.8090909090909091,0,1,0,0
-0.6562500000000094,-0.6086956521739249,-0.38219895287958117,0.8676470588235295,-0.5454545454545454,0,0,1,0
0.09374999999998612,-0.34782608695652495,-0.4816753926701571,0.11029411764705888,0.4818181818181818,0,0,1,0
0.6250000000000022,0.3043478260869501,0.005235602094240838,-0.19117647058823548,-0.5909090909090909,0,0,1,0
-0.4375000000000122,-0.13043478260869995,-0.5287958115183246,1.0441176470588236,0.19090909090909092,0,1,0,0
-0.5312500000000161,-0.17391304347827483,1.9214659685863875,-1.2941176470588243,0.5727272727272728,0,0,1,0
0.12499999999999334,-0.2608695652173999,-1.2984293193717278,1.61764705882353,0.2818181818181818,0,1,0,0
-0.6875000000000167,-0.4782608695652249,0.418848167539267,-0.25,-0.02727272727272727,0,1,0,0
-0.3125000000000011,0.3043478260869501,0.07329842931937172,-0.12500000000000025,0.7090909090909091,0,0,1,0
-0.37500000000001554,-0.6086956521739249,-0.5968586387434555,0.35294117647058815,-0.34545454545454546,0,1,0,0
-0.6250000000000022,-1.043478260869575,0.680628272251309,-0.6911764705882357,0.34545454545454546,0,0,1,0
-1.093750000000004,-1.086956521739125,-0.23036649214659685,0.007352941176470696,-0.1,0,1,0,0
0.12499999999999334,0.6086956521739002,-0.9790575916230366,0.7058823529411768,-0.4727272727272727,0,1,0,0
1.0312499999999893,0.9130434782608502,0.5863874345549738,-0.3235294117647059,-0.4636363636363636,0,0,1,0
-0.5937500000000128,-1.0,1.5759162303664922,-1.1029411764705888,0.00909090909090909,0,1,0,0
-0.6562500000000094,-1.086956521739125,0.7905759162303665,-0.8235294117647064,0.14545454545454545,0,1,0,0
1.1562500000000007,1.3478260869565002,0.015706806282722512,0.5,0.42727272727272725,1,0,0,0
1.2187499999999971,1.3913043478260751,-0.4607329842931937,0.9338235294117648,-0.22727272727272727,0,0,1,0
-0.3437500000000083,0.08695652173912506,-0.34554973821989526,0.5661764705882352,-0.07272727272727272,0,1,0,0
0.09374999999998612,0.7826086956521503,-0.3403141361256545,0.48529411764705915,-0.6,1,0,0,0
0.4999999999999911,0.39130434782607515,0.17801047120418848,-0.48529411764705915,0.35454545454545455,0,0,1,0
-0.25000000000000444,0.17391304347825012,0.010471204188481676,-0.095588235294118,-0.7,0,1,0,0
0.34374999999999056,0.0,-1.0890052356020943,1.2132352941176476,-0.6181818181818182,0,0,1,0
0.7499999999999956,0.9130434782608502,1.2303664921465969,-1.0882352941176476,-0.8454545454545455,0,1,0,0
-0.218750000000015,-0.6086956521739249,-0.6387434554973822,1.2205882352941182,-0.045454545454545456,0,1,0,0
-0.6875000000000167,-0.43478260869565005,0.6073298429319371,-0.39705882352941185,-0.6727272727272727,0,1,0,0
-0.3437500000000083,-0.04347826086957489,0.41361256544502617,-0.6029411764705886,-0.509090909090909,0,1,0,0
0.593749999999995,0.34782608695650025,0.2879581151832461,0.38235294117647045,0.7818181818181819,0,0,1,0
0.5624999999999878,0.21739130434782503,-0.47643979057591623,0.47058823529411775,-0.16363636363636364,0,0,1,0
-0.9375000000000033,-0.6956521739130499,0.06282722513089005,0.14705882352941183,-0.23636363636363636,0,0,1,0
-1.3437500000000084,-1.652173913043475,-0.8691099476439791,1.0661764705882357,-0.18181818181818182,0,1,0,0
-0.09375000000000389,-0.3043478260869748,-0.5340314136125655,0.5882352941176473,0.32727272727272727,0,0,1,0
0.43749999999999445,0.17391304347825012,0.13089005235602094,-0.3235294117647059,0.8272727272727273,0,1,0,0
0.18749999999999,0.7826086956521503,-0.9109947643979057,1.4044117647058831,0.12727272727272726,1,0,0,0
0.6562499999999917,0.21739130434782503,-0.8219895287958116,0.5441176470588237,0.01818181818181818,0,1,0,1
-0.9687500000000105,-0.9565217391304498,0.34554973821989526,-0.5000000000000006,0.3090909090909091,0,0,1,0
0.34374999999999056,-0.04347826086957489,-0.3036649214659686,0.4044117647058825,-0.8090909090909091,0,0,1,0
0.18749999999999,0.9565217391304252,-0.29842931937172773,0.3897058823529411,-0.19090909090909092,1,0,0,0
0.031249999999989453,0.652173913043475,-0.7696335078534031,0.9852941176470591,0.22727272727272727,0,1,0,0
0.15625000000000056,0.39130434782607515,0.2094240837696335,-0.39705882352941185,-0.16363636363636364,0,1,0,0
0.18749999999999,0.0,-0.6649214659685864,0.7867647058823529,-0.2909090909090909,0,1,0,0
0.40624999999998723,0.13043478260867525,0.9738219895287958,-0.6985294117647062,0.02727272727272727,0,1,0,0
-0.5312500000000161,-0.39130434782609985,0.418848167539267,-0.345588235294118,0.045454545454545456,0,1,0,0
-0.031250000000007216,0.13043478260867525,-0.8900523560209425,0.6617647058823533,0.21818181818181817,0,1,0,0
0.6874999999999989,0.34782608695650025,1.356020942408377,-1.1470588235294124,-0.3090909090909091,0,0,1,0
0.06249999999999667,0.04347826086955017,-0.387434554973822,0.3382352941176473,0.8727272727272727,0,0,1,0
-0.81250000000001,-0.34782608695652495,-0.518324607329843,0.25,0.8,0,1,0,0
-0.031250000000007216,0.17391304347825012,0.2879581151832461,-0.25,0.2727272727272727,1,0,0,0
-0.5312500000000161,-1.043478260869575,0.643979057591623,-0.6617647058823533,0.5363636363636364,1,0,0,0
-0.5625000000000056,-0.43478260869565005,-1.0837696335078535,1.36764705882353,0.8545454545454545,0,0,1,0
0.24999999999998668,0.17391304347825012,1.0418848167539267,-0.7941176470588239,-0.6818181818181818,0,0,1,0
-0.8750000000000067,-0.782608695652175,0.24607329842931938,-0.22794117647058842,-0.4818181818181818,0,1,0,0
1.0312499999999893,0.7826086956521503,-0.5287958115183246,0.7279411764705884,-0.4818181818181818,1,0,0,0
1.093750000000004,1.30434782608695,-0.5654450261780105,0.29411764705882365,0.11818181818181818,0,1,0,0
0.6250000000000022,0.39130434782607515,-0.7958115183246073,0.6911764705882355,0.8090909090909091,0,1,0,0
-0.031250000000007216,-0.2608695652173999,1.2146596858638743,-0.8235294117647064,-0.22727272727272727,1,0,0,0
-0.9062500000000139,-0.652173913043475,0.3089005235602094,-0.5220588235294121,-0.20909090909090908,0,1,0,0
0.18749999999999,0.6956521739130253,3.1099476439790577,-1.5588235294117656,1.1363636363636365,0,0,1,1
-0.5000000000000089,-0.34782608695652495,-0.07853403141361257,0.2647058823529414,0.7454545454545455,0,0,1,0
0.6250000000000022,0.21739130434782503,-0.33507853403141363,-0.007352941176470696,-0.9090909090909091,0,1,0,0
-0.09375000000000389,0.0,0.2617801047120419,0.13970588235294112,0.6363636363636364,0,1,0,0
0.18749999999999,-0.34782608695652495,-0.4083769633507853,0.38235294117647045,-0.06363636363636363,0,1,0,0
-0.6875000000000167,-1.086956521739125,-1.0732984293193717,0.9264705882352946,0.22727272727272727,0,1,0,0
-0.406250000000005,-0.7391304347826249,0.5287958115183246,-0.7794117647058828,-0.8454545454545455,0,0,1,0
0.031249999999989453,-0.2608695652173999,-0.041884816753926704,-0.5514705882352944,-0.5272727272727272,0,1,0,0
-0.18750000000000777,-0.43478260869565005,1.8848167539267016,-1.2941176470588243,-0.2545454545454545,0,1,0,0
0.12499999999999334,-0.3043478260869748,3.5392670157068062,-1.7500000000000009,-0.43636363636363634,0,0,1,0
-0.6562500000000094,-1.1739130434782747,0.5392670157068062,-0.3602941176470589,0.8,1,0,0,0
-0.6562500000000094,-0.8260869565217499,0.05759162303664921,-0.16176470588235323,-0.8909090909090909,0,1,0,0
0.8749999999999889,0.9999999999999752,2.1989528795811517,-1.191176470588236,1.2454545454545454,0,1,0,0
-0.4375000000000122,-0.7391304347826249,1.293193717277487,-1.0514705882352946,-0.3181818181818182,0,1,0,0
-1.0000000000000178,-0.9565217391304498,-0.35602094240837695,0.11029411764705888,0.2909090909090909,0,1,0,0
-0.218750000000015,-0.39130434782609985,0.3193717277486911,-0.08088235294117661,-0.7363636363636363,0,1,0,0
0.06249999999999667,0.6956521739130253,-0.9738219895287958,1.2058823529411768,-0.9090909090909091,0,1,0,0
-0.37500000000001554,-0.7391304347826249,-0.28272251308900526,0.1691176470588234,0.38181818181818183,1,0,0,0
-0.6562500000000094,-0.652173913043475,0.1518324607329843,0.18382352941176477,-0.4818181818181818,0,1,0,0
-1.218750000000015,-1.347826086956525,0.20418848167539266,0.036764705882352956,-0.7181818181818181,1,0,0,0
-0.218750000000015,-0.43478260869565005,-0.7905759162303665,0.3382352941176473,0.5909090909090909,0,0,1,0
-0.406250000000005,-0.13043478260869995,0.31413612565445026,-0.47058823529411775,0.32727272727272727,0,1,0,0
-0.5625000000000056,-0.5217391304347998,-0.6492146596858639,1.0735294117647065,-0.14545454545454545,0,1,0,0
0.4999999999999911,0.0,-0.41361256544502617,0.7426470588235299,-0.4818181818181818,0,1,0,0
-0.4375000000000122,0.0,0.9057591623036649,-0.48529411764705915,-0.33636363636363636,0,1,0,0
0.7499999999999956,0.17391304347825012,0.1256544502617801,-0.095588235294118,0.2636363636363636,0,0,1,0
-0.15625000000000056,0.0,-0.6230366492146597,0.7132352941176471,-0.8727272727272727,0,1,0,0
0.06249999999999667,0.7391304347826001,-0.27225130890052357,0.06617647058823521,-0.4727272727272727,0,1,0,0
0.06249999999999667,-0.34782608695652495,0.5706806282722513,-0.3014705882352943,0.4636363636363636,0,1,0,0
0.2812499999999939,-0.2608695652173999,-0.38219895287958117,0.6176470588235295,0.13636363636363635,0,1,0,0
0.24999999999998668,0.17391304347825012,0.5916230366492147,-0.48529411764705915,-0.7454545454545455,0,1,0,0
0.15625000000000056,0.34782608695650025,-0.36649214659685864,0.18382352941176477,-0.05454545454545454,0,1,0,0
0.3749999999999978,0.0,-0.17801047120418848,-0.029411764705882262,0.6545454545454545,1,0,0,0
-0.7500000000000133,-1.1739130434782747,0.7329842931937173,-0.2647058823529414,-0.4727272727272727,0,1,0,0
-0.9375000000000033,-0.7391304347826249,-0.18324607329842932,0.3161764705882352,0.8181818181818182,0,1,0,0
-0.031250000000007216,0.5652173913043252,0.5287958115183246,-0.10294117647058817,0.7090909090909091,0,1,0,0
-0.37500000000001554,-0.652173913043475,0.3717277486910995,-0.48529411764705915,0.19090909090909092,0,0,1,0
-0.1250000000000111,-0.5217391304347998,-0.13089005235602094,0.06617647058823521,-0.18181818181818182,0,0,1,0
0.18749999999999,0.17391304347825012,-0.3036649214659686,0.07352941176470591,0.8545454545454545,0,1,0,0
-0.37500000000001554,0.04347826086955017,0.6282722513089005,-0.21323529411764705,0.6363636363636364,0,1,0,0
-0.6250000000000022,-0.8695652173913001,-0.4869109947643979,0.4191176470588234,-0.32727272727272727,0,1,0,0
0.0,-0.34782608695652495,0.7905759162303665,-0.6691176470588239,0.8545454545454545,0,1,0,0
0.5312499999999983,-0.04347826086957489,-0.5759162303664922,0.35294117647058815,0.9181818181818182,0,1,0,0
0.43749999999999445,0.2608695652173752,0.03664921465968586,-0.3014705882352943,-0.39090909090909093,0,0,1,0
-0.7812500000000028,-0.6086956521739249,-0.4973821989528796,1.0808823529411766,0.36363636363636365,0,0,1,0
-0.09375000000000389,-0.3043478260869748,-0.3507853403141361,0.845588235294118,0.4636363636363636,0,1,0,0
0.06249999999999667,-0.08695652173914978,-0.5130890052356021,0.882352941176471,0.8909090909090909,1,0,0,0
-0.8750000000000067,-0.5217391304347998,1.549738219895288,-1.1470588235294124,0.2727272727272727,0,0,1,0
0.3749999999999978,0.21739130434782503,-0.11518324607329843,0.058823529411764525,-0.45454545454545453,0,1,0,0
-0.4375000000000122,-0.21739130434782503,1.3193717277486912,-0.9705882352941183,-0.3090909090909091,1,0,0,0
-0.06250000000001443,0.5652173913043252,-0.031413612565445025,-0.22794117647058842,0.5,1,0,0,0
0.12499999999999334,0.08695652173912506,-0.8743455497382199,1.2500000000000004,-0.7090909090909091,0,1,0,0
0.593749999999995,0.3043478260869501,1.382198952879581,-0.9338235294117653,-0.8727272727272727,0,1,0,0
-0.218750000000015,0.2608695652173752,0.2513089005235602,0.08088235294117661,-0.9454545454545454,0,1,0,0
0.5312499999999983,0.04347826086955017,-0.24083769633507854,0.022058823529411565,0.9636363636363636,0,1,0,0
-0.8750000000000067,-0.6956521739130499,1.3664921465968587,-0.683823529411765,0.37272727272727274,0,1,0,0
-0.37500000000001554,-0.21739130434782503,-0.3612565445026178,0.2720588235294116,0.6636363636363637,0,0,1,0
0.34374999999999056,-0.08695652173914978,0.7329842931937173,-0.5294117647058828,0.5818181818181818,0,1,0,0
-1.3437500000000084,-1.652173913043475,-0.3089005235602094,0.39705882352941185,-0.2818181818181818,0,0,1,0
-1.0000000000000178,-1.043478260869575,-0.41361256544502617,0.2352941176470586,0.11818181818181818,0,1,0,0
-0.5937500000000128,-0.4782608695652249,-0.4712041884816754,1.095588235294118,0.34545454545454546,0,1,0,0
0.593749999999995,0.13043478260867525,1.7015706806282722,-1.0147058823529416,-0.22727272727272727,0,0,1,0
0.12499999999999334,-0.04347826086957489,-0.5078534031413613,0.7426470588235299,0.10909090909090909,0,0,1,0
0.09374999999998612,-0.21739130434782503,-0.3717277486910995,0.3382352941176473,0.7727272727272727,0,1,0,0
-0.06250000000001443,-0.2608695652173999,1.4450261780104712,-1.0294117647058827,0.5636363636363636,0,1,0,0
-0.9062500000000139,-0.9565217391304498,0.19895287958115182,-0.3235294117647059,0.5636363636363636,0,0,1,0
-0.9375000000000033,-0.8260869565217499,-0.39790575916230364,0.3750000000000003,0.2636363636363636,0,1,0,0
-0.5937500000000128,-0.9565217391304498,-0.5235602094240838,0.36764705882352955,0.7818181818181819,0,0,1,0
0.8749999999999889,0.9130434782608502,0.03664921465968586,0.09558823529411747,-0.11818181818181818,0,1,0,0
0.8749999999999889,0.9999999999999752,0.8167539267015707,-0.5147058823529413,0.4090909090909091,0,0,1,0
-0.6875000000000167,-1.217391304347825,-0.43455497382198954,0.5661764705882352,0.5818181818181818,0,0,1,0
0.6874999999999989,0.0,0.9685863874345549,-0.7132352941176475,0.07272727272727272,1,0,0,0
-0.031250000000007216,0.5652173913043252,0.02617801047120419,-0.13970588235294112,-0.8090909090909091,0,1,0,0
0.46875000000000167,0.17391304347825012,0.518324607329843,-0.5735294117647064,-0.9545454545454546,1,0,0,0
-0.6562500000000094,-0.8260869565217499,0.5654450261780105,-0.6985294117647062,0.8,0,1,0,0
-0.37500000000001554,-0.17391304347827483,-0.28272251308900526,0.6397058823529411,0.36363636363636365,0,1,0,0
-0.8437500000000172,-0.56521739130435,-0.21465968586387435,0.7058823529411768,0.22727272727272727,0,1,0,0
0.12499999999999334,0.5652173913043252,-0.3193717277486911,0.5073529411764707,-0.4909090909090909,0,1,0,0
0.8124999999999922,0.4782608695652002,0.2198952879581152,-0.36764705882352955,0.19090909090909092,0,1,0,0
-0.031250000000007216,-0.17391304347827483,0.43455497382198954,-0.1691176470588239,-0.03636363636363636,0,1,0,0
-0.9062500000000139,-0.9565217391304498,-0.32460732984293195,-0.007352941176470696,0.8,0,1,0,0
0.8437499999999994,0.9130434782608502,-0.2356020942408377,0.8014705882352944,-0.5909090909090909,0,1,0,0
0.7499999999999956,0.08695652173912506,0.46596858638743455,-0.5514705882352944,0.6090909090909091,0,1,0,0
-0.37500000000001554,-0.04347826086957489,-0.1099476439790576,0.07352941176470591,-0.22727272727272727,0,1,0,0
0.7187499999999883,0.04347826086955017,3.774869109947644,-1.7720588235294126,0.42727272727272725,0,1,0,0
1.2500000000000044,1.3913043478260751,-0.3403141361256545,0.39705882352941185,0.7363636363636363,0,1,0,0
0.18749999999999,0.9565217391304252,0.387434554973822,-0.5073529411764707,-0.06363636363636363,0,1,0,0
0.5624999999999878,0.17391304347825012,-0.13612565445026178,0.1691176470588234,0.19090909090909092,0,1,0,0
0.7499999999999956,0.6086956521739002,0.09424083769633508,0.29411764705882365,-0.6363636363636364,0,1,0,0
0.7187499999999883,0.43478260869565005,0.7801047120418848,-0.45588235294117685,0.2909090909090909,0,1,0,0
-0.46875000000000167,-0.17391304347827483,-1.094240837696335,1.4191176470588238,-0.02727272727272727,0,1,0,0
0.43749999999999445,0.3043478260869501,0.4607329842931937,-0.7720588235294121,-0.6727272727272727,1,0,0,0
-0.3125000000000011,-0.2608695652173999,-0.8586387434554974,0.595588235294118,-0.19090909090909092,0,0,1,0
-1.3437500000000084,-1.5217391304347752,0.6178010471204188,-0.6250000000000002,-0.10909090909090909,0,1,0,0
1.2187499999999971,1.1304347826086751,-0.24607329842931938,0.8161764705882357,0.4818181818181818,0,0,1,0
0.8124999999999922,0.17391304347825012,0.3403141361256545,-0.23529411764705913,-0.7181818181818181,1,0,0,0
1.2500000000000044,1.5217391304347752,-0.32460732984293195,0.2647058823529414,0.21818181818181817,0,0,1,0
-0.6250000000000022,-0.08695652173914978,0.7277486910994765,-0.7132352941176475,-0.44545454545454544,0,1,0,0
-0.6562500000000094,-0.6086956521739249,-0.1256544502617801,1.3529411764705888,0.6272727272727273,0,0,1,1
0.7187499999999883,0.7391304347826001,-0.05235602094240838,-0.12500000000000025,0.22727272727272727,0,1,0,0
1.093750000000004,0.7826086956521503,0.21465968586387435,-0.22058823529411775,-0.17272727272727273,1,0,0,0
0.5624999999999878,0.39130434782607515,0.7068062827225131,-0.345588235294118,0.08181818181818182,0,0,1,0
-0.5312500000000161,-0.21739130434782503,-0.13612565445026178,-0.3308823529411766,-0.05454545454545454,0,1,0,0
-0.5625000000000056,-0.43478260869565005,-0.34554973821989526,-0.15441176470588253,-0.12727272727272726,0,1,0,0
-0.81250000000001,-0.43478260869565005,0.5654450261780105,-0.7279411764705886,0.9454545454545454,0,1,0,0
-0.6562500000000094,-1.0,0.44502617801047123,-0.345588235294118,0.06363636363636363,1,0,0,0
-0.406250000000005,-0.13043478260869995,-0.6596858638743456,0.6985294117647062,-0.7272727272727273,0,0,1,0
-0.4375000000000122,-0.6956521739130499,-0.12041884816753927,0.15441176470588253,-0.44545454545454544,0,1,0,0
-0.4375000000000122,-0.17391304347827483,0.32460732984293195,-0.058823529411765045,-0.11818181818181818,1,0,0,0
-0.406250000000005,-0.782608695652175,0.6858638743455497,-0.8970588235294124,-0.8636363636363636,0,1,0,0
0.8124999999999922,0.3043478260869501,0.27225130890052357,-0.29411764705882365,-0.6545454545454545,0,0,1,0
-0.8750000000000067,-0.6956521739130499,0.08900523560209424,0.1691176470588234,0.5818181818181818,0,0,1,0
-0.406250000000005,-0.5217391304347998,-0.5497382198952879,0.8382352941176473,-0.9727272727272728,0,1,0,0
0.21874999999999722,0.4782608695652002,-0.7225130890052356,0.8529411764705886,0.03636363636363636,0,0,1,0
0.593749999999995,0.34782608695650025,-0.29842931937172773,0.286764705882353,-0.39090909090909093,0,1,0,0
0.3125000000000011,0.21739130434782503,-0.1256544502617801,0.07352941176470591,-0.3181818181818182,0,0,1,0
0.18749999999999,0.3043478260869501,-0.19895287958115182,0.3750000000000003,-0.13636363636363635,0,0,1,0
1.2500000000000044,1.3913043478260751,1.198952879581152,-0.8529411764705886,0.22727272727272727,0,1,0,0
-0.7500000000000133,-0.7391304347826249,-1.12565445026178,0.6911764705882355,-0.14545454545454545,1,0,0,0
-0.28125000000001166,0.21739130434782503,1.0523560209424083,-0.6985294117647062,0.4818181818181818,1,0,0,0
0.6250000000000022,0.39130434782607515,1.1832460732984293,-1.0294117647058827,0.9363636363636364,1,0,0,0
-0.15625000000000056,-0.39130434782609985,0.518324607329843,-0.20588235294117688,-0.6909090909090909,0,1,0,0
-0.25000000000000444,-0.6956521739130499,0.03664921465968586,0.3897058823529411,-0.3181818181818182,0,1,0,0
0.24999999999998668,0.521739130434775,0.5759162303664922,-0.5441176470588237,0.5727272727272728,0,1,0,0
-0.18750000000000777,-0.43478260869565005,-0.42408376963350786,0.38235294117647045,-0.03636363636363636,0,0,1,0
-0.8437500000000172,-0.39130434782609985,-0.43455497382198954,0.4044117647058825,0.7818181818181819,0,1,0,0
-0.7500000000000133,-0.5217391304347998,0.14659685863874344,0.6029411764705882,-0.20909090909090908,0,0,1,0
-0.7187500000000061,-0.3043478260869748,-0.041884816753926704,-0.2647058823529414,0.22727272727272727,0,0,1,0
0.21874999999999722,0.6956521739130253,0.9319371727748691,-0.6470588235294121,1.0363636363636364,0,1,0,0
-0.031250000000007216,0.13043478260867525,-0.6178010471204188,0.882352941176471,0.19090909090909092,0,0,1,0
-0.9375000000000033,-0.652173913043475,1.1204188481675392,-0.6470588235294121,-0.41818181818181815,0,0,1,0
-1.218750000000015,-1.3913043478260998,0.12041884816753927,-0.38235294117647095,0.3,0,1,0,0
0.6562499999999917,0.5652173913043252,-0.5916230366492147,0.5882352941176473,-0.6090909090909091,0,1,0,0
-0.8437500000000172,-0.913043478260875,-0.6282722513089005,0.4485294117647062,0.7363636363636363,0,1,0,0
0.7187499999999883,0.7826086956521503,-0.7172774869109948,0.5294117647058822,0.5,1,0,0,0
-0.8750000000000067,-0.782608695652175,-1.0157068062827226,1.5735294117647065,-0.4636363636363636,0,1,0,0
0.4999999999999911,0.21739130434782503,-0.643979057591623,0.4191176470588234,-0.33636363636363636,0,0,1,0
0.9687499999999928,0.5652173913043252,0.05759162303664921,0.08088235294117661,1.1181818181818182,0,1,0,0
-0.18750000000000777,-0.43478260869565005,-0.7643979057591623,0.5294117647058822,-0.00909090909090909,0,1,0,0
0.18749999999999,0.2608695652173752,0.020942408376963352,0.4411764705882355,0.9272727272727272,0,1,0,0
-0.28125000000001166,0.13043478260867525,-0.5654450261780105,1.1250000000000002,-0.2818181818181818,0,0,1,0
0.031249999999989453,-0.39130434782609985,-0.3769633507853403,0.823529411764706,-0.45454545454545453,0,1,0,0
-0.4375000000000122,-0.652173913043475,1.1465968586387434,-1.1323529411764712,-0.39090909090909093,0,0,1,0
-0.25000000000000444,-0.652173913043475,-0.1099476439790576,-0.18382352941176477,0.22727272727272727,0,1,0,0
-0.4375000000000122,-0.08695652173914978,-0.19895287958115182,-0.029411764705882262,-0.3181818181818182,0,1,0,0
-0.8437500000000172,-0.8260869565217499,0.4293193717277487,0.4485294117647062,-0.6363636363636364,1,0,0,0
0.8437499999999994,0.9130434782608502,-0.11518324607329843,0.007352941176470696,1.1181818181818182,0,1,0,0
0.2812499999999939,-0.21739130434782503,1.1570680628272252,-0.882352941176471,0.23636363636363636,0,1,0,0
1.0312499999999893,0.7391304347826001,3.298429319371728,-1.602941176470589,0.9090909090909091,0,0,1,0
-0.218750000000015,-0.56521739130435,-0.5916230366492147,1.2426470588235299,-0.13636363636363635,0,1,0,0
-0.3437500000000083,0.08695652173912506,-0.14659685863874344,0.1691176470588234,-0.12727272727272726,0,1,0,0
0.46875000000000167,0.17391304347825012,0.4712041884816754,-0.4117647058823532,-0.045454545454545456,0,1,0,0
0.46875000000000167,0.2608695652173752,-0.643979057591623,0.8602941176470589,0.990909090909091,0,1,0,1
0.031249999999989453,0.5652173913043252,0.3403141361256545,0.06617647058823521,-0.6818181818181818,0,1,0,0
-0.8437500000000172,-0.782608695652175,-0.10471204188481675,-0.095588235294118,-0.7636363636363637,0,1,0,0
-0.5000000000000089,-0.2608695652173999,0.34554973821989526,0.06617647058823521,0.41818181818181815,0,1,0,0
0.593749999999995,0.13043478260867525,-1.5235602094240839,1.1397058823529416,-0.2545454545454545,0,0,1,1
0.46875000000000167,0.39130434782607515,-0.09424083769633508,0.0,0.3181818181818182,0,1,0,0
-0.81250000000001,-0.5217391304347998,-0.5916230366492147,0.3308823529411766,0.3,0,1,0,0
-0.25000000000000444,-0.56521739130435,-0.8481675392670157,0.558823529411765,0.8363636363636363,0,1,0,0
0.9375000000000033,0.9565217391304252,0.6282722513089005,-0.6250000000000002,-0.05454545454545454,0,0,1,0
-0.3125000000000011,0.04347826086955017,-0.7905759162303665,0.9338235294117648,-0.6,0,1,0,0
-1.0625000000000144,-0.9565217391304498,0.39790575916230364,-0.4926470588235298,-0.5181818181818182,1,0,0,0
-0.28125000000001166,0.21739130434782503,-0.02617801047120419,0.07352941176470591,-0.17272727272727273,0,1,0,0
-1.1875000000000078,-1.1739130434782747,2.3821989528795813,-1.5441176470588243,-0.36363636363636365,0,0,1,0
1.1249999999999933,1.2608695652173751,-0.24607329842931938,0.39705882352941185,-0.509090909090909,0,1,0,0
-0.8437500000000172,-0.782608695652175,0.16753926701570682,-0.4044117647058825,-0.509090909090909,0,0,1,0
-0.031250000000007216,-0.43478260869565005,-0.3769633507853403,0.3897058823529411,-0.15454545454545454,0,1,0,0
0.5624999999999878,0.2608695652173752,-0.5130890052356021,0.6397058823529411,-0.2636363636363636,0,1,0,0
0.15625000000000056,-0.04347826086957489,0.20418848167539266,-0.45588235294117685,-0.06363636363636363,0,0,1,0
0.6874999999999989,0.5652173913043252,2.1256544502617802,-1.24264705882353,-0.7454545454545455,0,0,1,0
-0.6562500000000094,-0.6086956521739249,-0.3507853403141361,0.595588235294118,0.8545454545454545,0,0,1,0
-0.406250000000005,-0.34782608695652495,0.6020942408376964,-0.36764705882352955,0.6,0,0,1,0
-0.7187500000000061,-1.043478260869575,0.010471204188481676,-0.029411764705882262,-0.7454545454545455,0,1,0,0
0.18749999999999,0.13043478260867525,-0.45549738219895286,1.595588235294118,0.9272727272727272,0,1,0,1
-1.093750000000004,-1.043478260869575,-0.1518324607329843,0.9191176470588239,-0.05454545454545454,0,0,1,0
0.09374999999998612,-0.17391304347827483,-0.7120418848167539,0.8161764705882357,0.32727272727272727,0,0,1,0
-0.18750000000000777,-0.652173913043475,0.8848167539267016,-0.7058823529411768,0.6363636363636364,0,1,0,0
0.46875000000000167,0.3043478260869501,2.397905759162304,-1.3455882352941182,0.37272727272727274,0,1,0,0
-0.28125000000001166,-0.6956521739130499,0.21465968586387435,0.11029411764705888,0.35454545454545455,0,1,0,0
0.18749999999999,0.4782608695652002,-0.2670157068062827,0.3161764705882352,-0.6727272727272727,0,1,0,0
-0.25000000000000444,-0.652173913043475,-0.6910994764397905,0.7647058823529413,0.2636363636363636,0,1,0,0
-0.9062500000000139,-0.652173913043475,-0.015706806282722512,-0.22058823529411775,0.4909090909090909,0,1,0,0
0.6874999999999989,0.4782608695652002,-0.25654450261780104,0.2720588235294116,0.045454545454545456,0,0,1,0
-0.18750000000000777,-0.4782608695652249,0.518324607329843,-0.6470588235294121,0.9363636363636364,0,0,1,0
-0.3125000000000011,-0.2608695652173999,0.04712041884816754,-0.08088235294117661,-0.2909090909090909,0,1,0,0
-0.37500000000001554,-0.08695652173914978,0.46596858638743455,-0.595588235294118,-0.42727272727272725,0,1,0,0
-0.15625000000000056,0.34782608695650025,0.15706806282722513,-0.6102941176470591,-0.14545454545454545,0,1,0,0
-0.406250000000005,0.0,0.7853403141361257,-0.720588235294118,0.10909090909090909,0,1,0,0
-0.7187500000000061,-1.1304347826087,0.4083769633507853,-0.5147058823529413,0.08181818181818182,0,1,0,0
-0.7500000000000133,-1.2608695652173998,0.8638743455497382,-0.1691176470588239,-0.9272727272727272,0,1,0,0
-0.37500000000001554,-0.39130434782609985,-0.47643979057591623,0.29411764705882365,0.3,0,0,1,0
-0.1250000000000111,-0.43478260869565005,-0.15706806282722513,-0.05147058823529435,0.16363636363636364,0,1,0,0
-0.3125000000000011,0.21739130434782503,-0.9267015706806283,0.7058823529411768,-0.2636363636363636,0,1,0,0
0.6874999999999989,0.7391304347826001,-0.31413612565445026,0.2426470588235293,0.6181818181818182,0,0,1,0
0.0,-0.21739130434782503,0.6387434554973822,-0.15441176470588253,-0.5545454545454546,0,0,1,0
-0.5937500000000128,-1.086956521739125,-0.7068062827225131,0.8602941176470589,-0.9272727272727272,0,1,0,0
0.40624999999998723,0.17391304347825012,-0.4293193717277487,0.2720588235294116,0.6818181818181818,1,0,0,0
-0.9062500000000139,-0.6956521739130499,-0.08376963350785341,0.5,0.6,0,0,1,0
-0.28125000000001166,0.21739130434782503,0.16230366492146597,-0.029411764705882262,-0.21818181818181817,0,1,0,0
0.40624999999998723,0.2608695652173752,0.45549738219895286,-0.2794117647058828,-0.5818181818181818,0,1,0,0
0.6874999999999989,0.521739130434775,-0.8586387434554974,0.7867647058823529,0.14545454545454545,0,0,1,0
-0.406250000000005,-0.652173913043475,0.35602094240837695,-0.47058823529411775,-0.41818181818181815,0,0,1,0
-0.3125000000000011,0.21739130434782503,-0.643979057591623,0.3382352941176473,0.5727272727272728,0,1,0,0
0.24999999999998668,0.13043478260867525,0.38219895287958117,0.022058823529411565,-0.13636363636363635,0,0,1,0
-0.9687500000000105,-0.9565217391304498,-0.42408376963350786,0.9485294117647062,0.07272727272727272,0,0,1,0
0.7187499999999883,0.2608695652173752,-0.7382198952879581,1.0808823529411766,0.43636363636363634,0,1,0,1
0.031249999999989453,-0.13043478260869995,-0.5706806282722513,0.5367647058823529,-0.7818181818181819,0,0,1,0
1.2500000000000044,1.3478260869565002,-0.7172774869109948,0.4779411764705884,-0.6545454545454545,0,1,0,0
0.18749999999999,0.17391304347825012,0.47643979057591623,-0.6691176470588239,0.8090909090909091,0,0,1,0
1.1562500000000007,1.086956521739125,0.32460732984293195,-0.3014705882352943,0.6545454545454545,0,1,0,0
-0.6250000000000022,-0.56521739130435,-0.3717277486910995,0.2426470588235293,-0.35454545454545455,0,1,0,0
0.593749999999995,0.34782608695650025,0.3193717277486911,-0.08088235294117661,-0.8363636363636363,0,1,0,0
0.24999999999998668,0.2608695652173752,1.2408376963350785,-1.0882352941176476,0.5181818181818182,0,1,0,0
0.43749999999999445,0.17391304347825012,0.5706806282722513,-0.757352941176471,0.37272727272727274,0,0,1,0
0.5624999999999878,0.34782608695650025,-0.4397905759162304,0.558823529411765,-0.7909090909090909,0,0,1,1
-0.5312500000000161,-0.5217391304347998,-0.010471204188481676,0.7279411764705884,0.8727272727272727,0,1,0,0
0.5312499999999983,0.39130434782607515,-0.9476439790575916,0.9485294117647062,0.5363636363636364,0,1,0,0
-1.0312500000000073,-0.913043478260875,-0.6910994764397905,1.058823529411765,-0.19090909090909092,0,1,0,0
-0.8437500000000172,-0.782608695652175,-0.16230366492146597,0.39705882352941185,-0.9545454545454546,0,1,0,0
0.7187499999999883,0.4782608695652002,-0.2879581151832461,0.7647058823529413,-0.4909090909090909,0,1,0,0
-0.46875000000000167,-0.08695652173914978,-0.7696335078534031,1.4264705882352946,-0.6636363636363637,0,1,0,0
0.031249999999989453,0.08695652173912506,0.4712041884816754,-0.29411764705882365,-0.6454545454545455,0,0,1,0
0.21874999999999722,0.3043478260869501,-0.2198952879581152,0.08823529411764679,-0.4909090909090909,0,0,1,0
-0.28125000000001166,-0.7391304347826249,1.0890052356020943,-0.8235294117647064,0.8181818181818182,0,1,0,0
0.6562499999999917,0.2608695652173752,0.33507853403141363,-0.2720588235294121,-0.06363636363636363,0,1,0,0
0.40624999999998723,0.21739130434782503,3.319371727748691,-1.6250000000000009,-0.07272727272727272,0,1,0,0
0.18749999999999,0.04347826086955017,-0.1256544502617801,0.8970588235294118,-0.8909090909090909,1,0,0,0
0.12499999999999334,0.3043478260869501,0.031413612565445025,-0.5220588235294121,0.41818181818181815,0,1,0,0
-0.218750000000015,-0.6086956521739249,0.04712041884816754,-0.21323529411764705,0.17272727272727273,0,1,0,0
0.46875000000000167,0.34782608695650025,0.18324607329842932,0.022058823529411565,-0.8545454545454545,0,1,0,0
0.7187499999999883,0.7391304347826001,-0.14136125654450263,0.4779411764705884,0.02727272727272727,0,1,0,0
0.6562499999999917,0.3043478260869501,-0.5549738219895288,0.5514705882352944,-0.8727272727272727,1,0,0,0
0.09374999999998612,-0.17391304347827483,0.23036649214659685,-0.15441176470588253,0.6727272727272727,0,0,1,0
-0.5312500000000161,-0.5217391304347998,0.387434554973822,-0.22058823529411775,-0.9727272727272728,1,0,0,0
-0.28125000000001166,-0.43478260869565005,-0.4869109947643979,0.5147058823529413,-0.8909090909090909,1,0,0,0
0.21874999999999722,0.08695652173912506,-0.6282722513089005,0.4779411764705884,-0.8,0,1,0,0
0.09374999999998612,-0.21739130434782503,0.35602094240837695,-0.4779411764705884,0.17272727272727273,1,0,0,0
-0.7812500000000028,-0.782608695652175,0.10471204188481675,-0.04411764705882365,0.2727272727272727,0,1,0,0
-0.406250000000005,-0.17391304347827483,-0.675392670157068,1.3602941176470593,0.14545454545454545,0,1,0,0
0.24999999999998668,-0.21739130434782503,-0.6230366492146597,0.1691176470588234,0.21818181818181817,0,1,0,0
0.6874999999999989,0.04347826086955017,0.015706806282722512,-0.4632352941176476,-0.5818181818181818,1,0,0,0
0.5624999999999878,0.21739130434782503,0.36649214659685864,-0.2573529411764707,-0.8363636363636363,0,1,0,0
0.031249999999989453,0.6086956521739002,-0.4031413612565445,0.3088235294117645,-0.3090909090909091,1,0,0,0
-0.5312500000000161,-0.913043478260875,0.35602094240837695,-0.19852941176470618,-0.5181818181818182,0,1,0,0
-0.81250000000001,-0.56521739130435,-0.16753926701570682,0.8970588235294118,0.4090909090909091,0,0,1,0
-0.1250000000000111,-0.39130434782609985,-0.5340314136125655,1.0294117647058827,0.1,0,1,0,0
-0.5937500000000128,-0.6086956521739249,0.5340314136125655,-0.7867647058823535,-0.5454545454545454,0,1,0,0
0.5312499999999983,0.2608695652173752,0.9267015706806283,-0.5661764705882357,-0.2818181818181818,0,1,0,0
-0.15625000000000056,-0.43478260869565005,-0.5026178010471204,0.7720588235294121,-0.2,0,1,0,0
-0.3125000000000011,0.21739130434782503,1.649214659685864,-1.1764705882352946,0.6,0,1,0,0
1.0312499999999893,1.1304347826086751,0.47643979057591623,-0.5367647058823535,-0.2545454545454545,0,0,1,0
1.0312499999999893,0.9565217391304252,0.837696335078534,-0.45588235294117685,-0.2636363636363636,0,1,0,0
1.0624999999999967,0.7391304347826001,2.2198952879581153,-1.3382352941176479,0.8,0,1,0,0
0.9062499999999961,0.9565217391304252,-0.12041884816753927,0.09558823529411747,0.16363636363636364,0,1,0,0
0.18749999999999,-0.21739130434782503,1.2041884816753927,-1.1250000000000004,-0.2,0,1,0,0
-0.7500000000000133,-0.43478260869565005,-0.35602094240837695,-0.095588235294118,0.5272727272727272,0,1,0,0
0.34374999999999056,0.0,0.8534031413612565,-0.38235294117647095,-0.6363636363636364,0,0,1,0
-0.25000000000000444,-0.6956521739130499,-0.42408376963350786,0.3897058823529411,-0.6363636363636364,0,0,1,0
-0.6250000000000022,-0.34782608695652495,-0.31413612565445026,0.38235294117647045,-0.33636363636363636,0,1,0,0
0.24999999999998668,0.2608695652173752,-0.581151832460733,0.3014705882352943,-0.09090909090909091,0,1,0,0
-0.406250000000005,-0.6956521739130499,0.1256544502617801,-0.286764705882353,-0.9454545454545454,0,1,0,0
0.6874999999999989,0.39130434782607515,0.09424083769633508,-0.3897058823529417,-0.3181818181818182,0,0,1,0
0.18749999999999,-0.08695652173914978,1.4240837696335078,-0.9926470588235299,0.38181818181818183,0,1,0,0
0.5312499999999983,0.34782608695650025,-1.068062827225131,1.4926470588235299,-0.5363636363636364,0,0,1,0
0.2812499999999939,0.5652173913043252,-0.11518324607329843,-0.19117647058823548,0.7818181818181819,0,1,0,0
-0.81250000000001,-0.652173913043475,-0.8167539267015707,1.2426470588235299,0.22727272727272727,0,0,1,0
-0.406250000000005,0.04347826086955017,0.1256544502617801,-0.6544117647058828,-0.045454545454545456,0,0,1,0
-0.5312500000000161,-0.43478260869565005,0.11518324607329843,-0.058823529411765045,-0.19090909090909092,0,0,1,0
0.8124999999999922,0.8695652173913001,-0.13089005235602094,-0.3014705882352943,0.7636363636363637,1,0,0,0
0.21874999999999722,0.2608695652173752,-0.10471204188481675,0.051470588235293824,-0.7181818181818181,0,0,1,0
0.12499999999999334,-0.17391304347827483,-0.6230366492146597,0.6250000000000002,0.3090909090909091,0,1,0,0
0.5624999999999878,0.34782608695650025,-0.32460732984293195,0.2647058823529414,-0.9727272727272728,0,0,1,0
0.43749999999999445,0.34782608695650025,-0.17801047120418848,0.3382352941176473,0.5181818181818182,0,1,0,0
-0.37500000000001554,-0.652173913043475,2.9633507853403143,-1.5735294117647067,-0.7272727272727273,0,1,0,0
0.2812499999999939,0.9130434782608502,-0.6858638743455497,0.5073529411764707,-0.43636363636363634,0,1,0,0
-0.7812500000000028,-0.7391304347826249,0.643979057591623,-0.5661764705882357,0.20909090909090908,0,1,0,0
0.06249999999999667,-0.21739130434782503,-0.9267015706806283,0.9044117647058825,-0.45454545454545453,0,1,0,0
0.06249999999999667,0.5652173913043252,-0.6910994764397905,0.7426470588235299,0.01818181818181818,0,0,1,0
-0.6250000000000022,-1.0,0.6963350785340314,-0.25,-0.509090909090909,0,0,1,0
0.18749999999999,-0.2608695652173999,-0.3036649214659686,0.463235294117647,-0.7545454545454545,0,0,1,0
-0.81250000000001,-0.652173913043475,0.225130890052356,-0.4632352941176476,0.2909090909090909,0,1,0,0
0.40624999999998723,0.43478260869565005,-0.17801047120418848,-0.23529411764705913,0.23636363636363636,0,1,0,0
0.12499999999999334,0.5652173913043252,0.5654450261780105,-0.5441176470588237,-0.5727272727272728,0,1,0,0
0.2812499999999939,-0.04347826086957489,-0.12041884816753927,0.25,-0.7818181818181819,0,1,0,0
0.06249999999999667,-0.04347826086957489,0.17801047120418848,-0.19117647058823548,-0.9181818181818182,0,0,1,0
0.43749999999999445,0.13043478260867525,0.6596858638743456,-0.4411764705882355,0.4,0,1,0,0
1.093750000000004,0.7391304347826001,-0.3717277486910995,0.17647058823529407,0.39090909090909093,0,0,1,0
1.093750000000004,0.9999999999999752,0.005235602094240838,0.6911764705882355,0.01818181818181818,0,0,1,0
-0.18750000000000777,-0.39130434782609985,0.9790575916230366,-0.8014705882352946,0.00909090909090909,0,1,0,0
0.8437499999999994,0.43478260869565005,1.1413612565445026,-0.7426470588235299,-0.18181818181818182,0,1,0,0
0.34374999999999056,0.39130434782607515,0.8743455497382199,-0.5220588235294121,0.8454545454545455,0,1,0,0
-0.3125000000000011,0.0,2.0471204188481678,-1.4705882352941182,-0.00909090909090909,0,1,0,0
-0.5000000000000089,-0.782608695652175,-0.8848167539267016,0.7132352941176471,0.7181818181818181,0,1,0,0
0.5312499999999983,0.43478260869565005,-0.5654450261780105,0.3308823529411766,0.5818181818181818,0,0,1,0
0.8124999999999922,0.34782608695650025,-0.5654450261780105,0.6029411764705882,-0.24545454545454545,0,1,0,0
0.5624999999999878,0.3043478260869501,0.33507853403141363,-0.058823529411765045,-0.8909090909090909,0,1,0,0
0.46875000000000167,0.21739130434782503,-0.13089005235602094,-0.2573529411764707,1.009090909090909,0,1,0,0
1.18749999999999,1.3478260869565002,0.6335078534031413,-0.02205882352941209,0.0,0,0,1,0
-0.5000000000000089,-0.39130434782609985,2.513089005235602,-1.4632352941176479,0.06363636363636363,0,1,0,0
0.43749999999999445,0.17391304347825012,-0.6858638743455497,0.286764705882353,0.8727272727272727,0,1,0,0
0.0,-0.17391304347827483,-0.7958115183246073,1.330882352941177,0.43636363636363634,0,1,0,0
0.7499999999999956,0.17391304347825012,0.020942408376963352,0.007352941176470696,0.8545454545454545,0,0,1,0
0.21874999999999722,-0.17391304347827483,-1.2827225130890052,1.0882352941176474,0.5545454545454546,0,0,1,0
-0.15625000000000056,-0.4782608695652249,0.11518324607329843,0.19852941176470565,0.4818181818181818,0,1,0,0
-0.9375000000000033,-1.0,-0.39267015706806285,0.2647058823529414,0.6545454545454545,0,1,0,0
-1.0312500000000073,-1.1739130434782747,0.24083769633507854,0.6029411764705882,-0.01818181818181818,0,1,0,0
-0.37500000000001554,0.21739130434782503,-0.7329842931937173,0.9191176470588239,0.7545454545454545,0,1,0,0
-1.0000000000000178,-0.7391304347826249,-0.5916230366492147,0.12499999999999974,0.7,0,1,0,0
0.12499999999999334,-0.08695652173914978,-0.837696335078534,1.7352941176470598,0.15454545454545454,0,0,1,0
0.21874999999999722,0.43478260869565005,1.0209424083769634,-1.1250000000000004,0.44545454545454544,1,0,0,0
1.1562500000000007,1.2173913043478004,-0.7120418848167539,0.7205882352941178,0.7727272727272727,0,1,0,0
-0.5312500000000161,-0.8260869565217499,0.13089005235602094,-0.286764705882353,0.8090909090909091,0,1,0,0
-0.37500000000001554,0.0,0.24083769633507854,0.007352941176470696,-0.38181818181818183,0,0,1,0
0.46875000000000167,0.34782608695650025,-0.4397905759162304,0.7426470588235299,-0.509090909090909,1,0,0,0
-0.406250000000005,-0.17391304347827483,-0.41361256544502617,0.6985294117647062,0.2,0,1,0,0
-0.37500000000001554,0.04347826086955017,-0.06282722513089005,0.36764705882352955,-0.05454545454545454,0,1,0,0
0.40624999999998723,0.17391304347825012,0.7539267015706806,-0.5000000000000006,-0.2,0,1,0,0
0.0,0.21739130434782503,-0.675392670157068,0.3897058823529411,0.10909090909090909,0,1,0,0
1.093750000000004,1.17391304347825,1.6858638743455496,-1.0955882352941182,-0.7090909090909091,0,0,1,0
0.43749999999999445,0.34782608695650025,-0.5392670157068062,0.7867647058823529,-0.9545454545454546,0,1,0,0
-1.3437500000000084,-1.56521739130435,-0.7591623036649214,0.6691176470588239,-0.4,0,1,0,0
0.8749999999999889,0.9130434782608502,-1.1047120418848169,1.0514705882352944,0.2636363636363636,0,0,1,0
0.5624999999999878,-0.21739130434782503,0.2513089005235602,-0.4044117647058825,0.9454545454545454,0,0,1,0
0.24999999999998668,0.3043478260869501,-0.13612565445026178,-0.12500000000000025,-0.6909090909090909,1,0,0,0
0.15625000000000056,0.2608695652173752,-0.010471204188481676,0.38235294117647045,0.6181818181818182,1,0,0,0
0.6562499999999917,0.652173913043475,0.47643979057591623,-0.24264705882352983,-0.22727272727272727,1,0,0,0
-0.37500000000001554,0.0,0.7958115183246073,-0.632352941176471,0.5909090909090909,0,0,1,0
-0.8437500000000172,-0.782608695652175,-0.5130890052356021,0.8529411764705886,0.00909090909090909,0,0,1,0
0.21874999999999722,0.34782608695650025,-1.0052356020942408,1.1544117647058825,0.1,0,1,0,0
-0.28125000000001166,-0.7391304347826249,1.7696335078534031,-1.2720588235294124,-0.6090909090909091,0,1,0,0
-0.81250000000001,-0.652173913043475,-0.11518324607329843,-0.095588235294118,-0.8454545454545455,1,0,0,0
0.34374999999999056,0.652173913043475,-0.2198952879581152,0.9411764705882355,0.9181818181818182,0,1,0,1
0.2812499999999939,0.0,1.324607329842932,-0.6911764705882357,-0.9545454545454546,1,0,0,0
0.34374999999999056,0.2608695652173752,0.2094240837696335,-0.5294117647058828,-0.6090909090909091,0,0,1,0
-0.5937500000000128,-0.5217391304347998,0.9424083769633508,-0.6176470588235299,-0.3,0,1,0,0
0.18749999999999,0.6086956521739002,0.34554973821989526,-0.2720588235294121,-0.7909090909090909,0,0,1,0
0.09374999999998612,-0.17391304347827483,0.18848167539267016,-0.17647058823529407,0.44545454545454544,0,0,1,0
0.5624999999999878,0.39130434782607515,-0.2513089005235602,0.4338235294117648,-0.7090909090909091,0,1,0,0
-0.218750000000015,-0.43478260869565005,-1.0418848167539267,0.7647058823529413,0.41818181818181815,0,1,0,0
1.093750000000004,1.17391304347825,1.036649214659686,-0.683823529411765,-0.8636363636363636,0,1,0,0
0.9687499999999928,0.5652173913043252,-0.7958115183246073,1.0073529411764708,-0.9,0,1,0,1
-0.3437500000000083,-0.6086956521739249,0.020942408376963352,-0.19117647058823548,0.24545454545454545,0,1,0,0
-0.81250000000001,-0.652173913043475,0.05759162303664921,-0.23529411764705913,0.24545454545454545,0,1,0,0
-0.218750000000015,-0.652173913043475,1.2722513089005236,-0.9779411764705886,0.0,0,1,0,0
-0.7187500000000061,-1.1739130434782747,2.089005235602094,-1.1617647058823535,0.2,0,0,1,0
-0.37500000000001554,-0.782608695652175,-0.3717277486910995,0.6470588235294118,-0.6272727272727273,0,1,0,0
-0.406250000000005,0.0,-0.10471204188481675,0.3897058823529411,0.7727272727272727,1,0,0,0
-0.1250000000000111,0.39130434782607515,-0.2879581151832461,0.7132352941176471,-0.24545454545454545,0,0,1,0
-0.18750000000000777,0.3043478260869501,-0.2931937172774869,0.06617647058823521,-0.12727272727272726,0,1,0,0
-0.4375000000000122,0.04347826086955017,-0.7329842931937173,0.39705882352941185,-0.7181818181818181,0,1,0,0
-1.0625000000000144,-1.086956521739125,0.06806282722513089,-0.19852941176470618,0.35454545454545455,0,1,0,0
0.12499999999999334,-0.17391304347827483,-0.8167539267015707,1.0441176470588236,0.2636363636363636,0,0,1,0
0.3125000000000011,0.39130434782607515,0.9109947643979057,-0.808823529411765,0.7363636363636363,0,1,0,0
0.4999999999999911,0.34782608695650025,-0.5130890052356021,0.463235294117647,0.9090909090909091,0,1,0,1
0.593749999999995,0.39130434782607515,0.24607329842931938,-0.3602941176470589,0.7,0,1,0,0
-1.1875000000000078,-1.30434782608695,1.418848167539267,-1.0441176470588243,0.42727272727272725,1,0,0,0
-0.3437500000000083,0.13043478260867525,0.5392670157068062,-0.6617647058823533,0.24545454545454545,0,1,0,0
-0.6562500000000094,-0.39130434782609985,-0.6544502617801047,0.7058823529411768,-0.11818181818181818,0,1,0,0
1.0624999999999967,1.2608695652173751,-0.9476439790575916,1.4264705882352946,-0.32727272727272727,0,1,0,0
-0.46875000000000167,-0.3043478260869748,-0.33507853403141363,0.5147058823529413,0.38181818181818183,1,0,0,0
-1.0000000000000178,-1.1304347826087,6.37696335078534,-2.264705882352942,-0.8090909090909091,0,1,0,1
-0.3437500000000083,-0.4782608695652249,-0.4397905759162304,0.3750000000000003,-0.7272727272727273,0,0,1,0
1.1562500000000007,1.17391304347825,-0.39267015706806285,0.9705882352941178,0.4090909090909091,0,1,0,0
0.6562499999999917,0.5652173913043252,0.03664921465968586,0.35294117647058815,-0.6727272727272727,0,1,0,0
1.2187499999999971,1.3478260869565002,-0.11518324607329843,0.18382352941176477,0.9636363636363636,0,1,0,0
0.21874999999999722,1.04347826086955,-0.418848167539267,0.5294117647058822,0.14545454545454545,0,1,0,0
-0.7187500000000061,-1.1739130434782747,-0.774869109947644,0.4191176470588234,-0.42727272727272725,0,1,0,0
0.12499999999999334,0.7826086956521503,0.9057591623036649,-0.3602941176470589,-0.09090909090909091,0,0,1,0
-0.46875000000000167,-0.2608695652173999,0.23036649214659685,0.3455882352941175,-0.6454545454545455,0,1,0,0
1.1249999999999933,0.9999999999999752,0.11518324607329843,0.27941176470588225,0.7363636363636363,0,1,0,0
0.5312499999999983,-0.2608695652173999,0.11518324607329843,-0.036764705882352956,1.0909090909090908,0,1,0,0
-0.3125000000000011,0.08695652173912506,1.1727748691099475,-0.8382352941176475,-0.5818181818181818,0,1,0,0
-0.37500000000001554,0.21739130434782503,-0.5078534031413613,0.2720588235294116,-0.8636363636363636,0,1,0,0
-1.0312500000000073,-0.8260869565217499,0.7329842931937173,-0.39705882352941185,0.7636363636363637,0,1,0,0
-0.28125000000001166,-0.6956521739130499,-0.3193717277486911,0.47058823529411775,-0.8727272727272727,0,1,0,0
-0.031250000000007216,0.5652173913043252,-0.675392670157068,0.13235294117647042,-0.1,0,1,0,0
-0.7812500000000028,-0.6956521739130499,-0.3769633507853403,0.9191176470588239,-0.7363636363636363,0,0,1,0
-1.0625000000000144,-1.0,-0.6701570680628273,0.8308823529411766,0.00909090909090909,0,0,1,0
-0.4375000000000122,-0.13043478260869995,-0.17801047120418848,-0.12500000000000025,-0.4090909090909091,0,1,0,0
1.3437499999999905,1.5652173913043252,0.031413612565445025,-0.3750000000000003,0.8909090909090909,0,1,0,1
-0.5000000000000089,-0.2608695652173999,-0.7172774869109948,1.6029411764705888,0.20909090909090908,0,0,1,0
-0.3437500000000083,0.08695652173912506,-0.04712041884816754,0.4779411764705884,0.33636363636363636,0,0,1,0
0.031249999999989453,-0.4782608695652249,0.7277486910994765,-0.6544117647058828,-0.6363636363636364,0,0,1,0
1.1562500000000007,1.3478260869565002,-0.6492146596858639,0.7426470588235299,0.6454545454545455,1,0,0,0
0.7499999999999956,0.08695652173912506,-0.2931937172774869,-0.06617647058823521,0.5909090909090909,0,0,1,0
0.2812499999999939,0.652173913043475,-0.17277486910994763,0.2426470588235293,0.23636363636363636,0,1,0,0
-1.406250000000005,-1.782608695652175,-0.7329842931937173,0.7279411764705884,-0.8454545454545455,0,1,0,0
-0.3437500000000083,0.0,-0.08376963350785341,0.5441176470588237,0.14545454545454545,0,0,1,0
0.7499999999999956,0.7826086956521503,-0.7801047120418848,0.6838235294117648,0.09090909090909091,0,1,0,0
-0.5312500000000161,-0.3043478260869748,-0.581151832460733,0.7352941176470591,0.09090909090909091,0,1,0,0
-0.6562500000000094,-0.6086956521739249,3.130890052356021,-1.6691176470588245,0.8272727272727273,0,0,1,0
-0.031250000000007216,-0.43478260869565005,0.6701570680628273,-0.8676470588235299,0.02727272727272727,0,1,0,0
0.0,0.5652173913043252,-0.18848167539267016,-0.3235294117647059,-0.5636363636363636,0,1,0,0
-0.5937500000000128,-0.6086956521739249,-0.3507853403141361,0.6617647058823533,-0.7363636363636363,0,1,0,0
-0.09375000000000389,-0.17391304347827483,-0.10471204188481675,-0.036764705882352956,-0.18181818181818182,0,1,0,0
0.3125000000000011,0.9565217391304252,0.16230366492146597,-0.08088235294117661,0.2,0,1,0,0
0.5312499999999983,0.21739130434782503,-1.0890052356020943,1.632352941176471,-0.14545454545454545,0,1,0,0
0.8124999999999922,0.6956521739130253,-0.12041884816753927,0.3750000000000003,-0.9,0,1,0,0
-0.09375000000000389,-0.43478260869565005,-0.03664921465968586,0.3161764705882352,0.43636363636363634,0,0,1,0
-0.5312500000000161,-0.8260869565217499,-1.1570680628272252,1.514705882352942,0.990909090909091,0,1,0,1
-1.2812500000000118,-1.4782608695652248,2.832460732984293,-1.3088235294117654,-0.5363636363636364,0,0,1,0
0.9062499999999961,1.04347826086955,0.643979057591623,-0.7058823529411768,-0.18181818181818182,0,1,0,0
-0.406250000000005,-0.5217391304347998,1.8272251308900525,-1.1102941176470593,-0.45454545454545453,0,1,0,0
-0.28125000000001166,-0.7391304347826249,1.9581151832460733,-1.191176470588236,-0.9363636363636364,0,1,0,0
-0.06250000000001443,0.13043478260867525,-0.17277486910994763,0.7279411764705884,0.37272727272727274,0,1,0,0
-0.5625000000000056,-0.8260869565217499,-0.16230366492146597,0.3088235294117645,-0.32727272727272727,0,1,0,0
-1.1875000000000078,-1.30434782608695,0.16230366492146597,-0.4632352941176476,0.4,0,0,1,0
0.593749999999995,0.17391304347825012,0.36649214659685864,-0.5882352941176473,0.32727272727272727,0,0,1,0
0.09374999999998612,0.43478260869565005,0.450261780104712,-0.3382352941176473,0.7636363636363637,0,1,0,0
-0.37500000000001554,-0.6956521739130499,0.16230366492146597,0.20588235294117635,0.12727272727272726,0,0,1,0
0.6562499999999917,0.521739130434775,0.387434554973822,-0.757352941176471,0.045454545454545456,0,0,1,0
0.7499999999999956,0.652173913043475,-0.4397905759162304,0.2647058823529414,-0.6181818181818182,0,1,0,0
-0.9062500000000139,-0.8695652173913001,-0.8534031413612565,1.558823529411765,0.9090909090909091,0,0,1,1
1.1562500000000007,1.04347826086955,0.11518324607329843,-0.15441176470588253,0.9272727272727272,1,0,0,0
0.593749999999995,0.3043478260869501,3.350785340314136,-1.6764705882352948,1.0909090909090908,0,1,0,0
0.18749999999999,0.6956521739130253,0.005235602094240838,-0.23529411764705913,1.1090909090909091,0,0,1,0
0.9687499999999928,0.4782608695652002,-0.518324607329843,0.7941176470588237,-0.6909090909090909,0,1,0,0
-0.6562500000000094,-1.0,-1.2408376963350785,1.5000000000000004,-0.23636363636363636,0,1,0,0
0.5312499999999983,0.21739130434782503,-0.6858638743455497,1.0735294117647065,-0.10909090909090909,0,1,0,0
-0.8437500000000172,-0.7391304347826249,-0.581151832460733,0.7058823529411768,0.6090909090909091,0,1,0,0
-0.5312500000000161,-0.34782608695652495,0.005235602094240838,-0.058823529411765045,0.7727272727272727,0,1,0,0
-0.406250000000005,0.04347826086955017,-0.2198952879581152,0.48529411764705915,-0.01818181818181818,0,1,0,0
-0.09375000000000389,0.43478260869565005,-0.2670157068062827,0.5294117647058822,0.7363636363636363,0,1,0,0
-0.46875000000000167,-0.2608695652173999,0.42408376963350786,-0.6102941176470591,-0.7272727272727273,1,0,0,0
0.18749999999999,0.21739130434782503,1.1361256544502618,-0.720588235294118,-0.1,0,1,0,0
0.09374999999998612,0.652173913043475,-0.7539267015706806,1.1250000000000002,0.4818181818181818,0,0,1,0
-0.28125000000001166,0.13043478260867525,0.3507853403141361,-0.20588235294117688,-0.6363636363636364,0,1,0,0
1.18749999999999,1.2608695652173751,-0.5235602094240838,0.6029411764705882,-0.8818181818181818,0,1,0,0
0.24999999999998668,0.17391304347825012,0.04712041884816754,0.08088235294117661,-0.5272727272727272,1,0,0,0
1.1249999999999933,0.9130434782608502,-0.08376963350785341,-0.4485294117647062,-0.11818181818181818,0,1,0,0
0.7187499999999883,0.8260869565217251,0.3089005235602094,-0.16176470588235323,-0.8818181818181818,0,1,0,0
0.43749999999999445,0.3043478260869501,-0.8010471204188482,1.3529411764705888,-0.8545454545454545,0,1,0,0
-0.06250000000001443,-0.39130434782609985,-0.3507853403141361,0.8750000000000002,0.0,0,1,0,0
0.7499999999999956,0.08695652173912506,0.18848167539267016,-0.08088235294117661,0.10909090909090909,0,1,0,0
1.1249999999999933,1.30434782608695,-0.03664921465968586,0.5367647058823529,-0.5363636363636364,0,1,0,0
0.031249999999989453,0.08695652173912506,-0.900523560209424,0.882352941176471,-0.7,0,1,0,0
-0.8437500000000172,-0.782608695652175,-0.8795811518324608,1.308823529411765,0.05454545454545454,0,0,1,0
-0.09375000000000389,-0.39130434782609985,0.4607329842931937,-0.19117647058823548,0.01818181818181818,0,1,0,0
-0.81250000000001,-0.5217391304347998,0.2670157068062827,-0.3897058823529417,0.8818181818181818,0,1,0,0
1.2500000000000044,1.3478260869565002,-0.2670157068062827,0.5808823529411766,0.17272727272727273,0,1,0,0
-0.406250000000005,-0.17391304347827483,-0.33507853403141363,0.4191176470588234,-0.23636363636363636,0,0,1,0
0.7187499999999883,0.8260869565217251,0.02617801047120419,-0.23529411764705913,-0.9272727272727272,0,1,0,0
-0.37500000000001554,0.0,-0.8481675392670157,1.058823529411765,-0.509090909090909,0,1,0,0
0.15625000000000056,0.6956521739130253,-0.5968586387434555,0.882352941176471,0.9363636363636364,0,0,1,0
0.46875000000000167,-0.04347826086957489,1.9162303664921465,-1.264705882352942,-0.8090909090909091,0,1,0,0
0.18749999999999,0.43478260869565005,-0.93717277486911,0.8897058823529417,-0.2,0,1,0,0
0.24999999999998668,0.8695652173913001,0.5968586387434555,-0.6691176470588239,0.37272727272727274,0,0,1,0
-0.6875000000000167,-0.6956521739130499,3.277486910994764,-1.5735294117647067,0.17272727272727273,1,0,0,0
-0.8437500000000172,-0.3043478260869748,-0.5340314136125655,0.4264705882352941,-0.5272727272727272,0,1,0,0
-1.406250000000005,-1.7391304347826002,-0.6282722513089005,0.632352941176471,0.36363636363636365,0,1,0,0
-0.7812500000000028,-0.652173913043475,0.09947643979057591,-0.22794117647058842,-0.00909090909090909,0,1,0,0
-0.6562500000000094,-1.086956521739125,1.7853403141361257,-1.1985294117647065,-0.5727272727272728,0,0,1,0
0.0,-0.39130434782609985,0.15706806282722513,-0.22794117647058842,-0.05454545454545454,0,1,0,0
0.18749999999999,0.3043478260869501,1.4083769633507854,-0.9411764705882357,-0.34545454545454546,0,1,0,0
-1.0312500000000073,-1.0,-0.5706806282722513,0.558823529411765,0.43636363636363634,0,1,0,0
0.2812499999999939,0.17391304347825012,-0.6492146596858639,1.2647058823529413,0.8818181818181818,0,1,0,1
0.18749999999999,0.7826086956521503,-0.5968586387434555,0.47058823529411775,0.7181818181818181,1,0,0,0
0.15625000000000056,-0.3043478260869748,-0.4083769633507853,0.01470588235294087,-0.03636363636363636,0,1,0,0
1.2500000000000044,1.3913043478260751,-0.5549738219895288,0.6985294117647062,-0.6636363636363637,1,0,0,0
0.40624999999998723,0.08695652173912506,0.7120418848167539,-0.5441176470588237,0.5818181818181818,0,1,0,0
0.593749999999995,0.21739130434782503,0.418848167539267,-0.3602941176470589,0.5818181818181818,0,1,0,0
1.0624999999999967,1.04347826086955,-0.44502617801047123,0.15441176470588253,0.5727272727272728,0,1,0,0
-1.0625000000000144,-0.9565217391304498,1.256544502617801,-0.8970588235294124,-0.4727272727272727,0,1,0,0
-1.4375000000000122,-1.82608695652175,-0.643979057591623,0.9044117647058825,0.8636363636363636,0,0,1,0
0.09374999999998612,-0.08695652173914978,0.05235602094240838,-0.10294117647058817,-0.2818181818181818,1,0,0,0
1.093750000000004,1.2608695652173751,0.5968586387434555,-0.6764705882352946,0.13636363636363635,0,1,0,0
0.40624999999998723,0.0,0.6282722513089005,-0.5735294117647064,-0.6181818181818182,1,0,0,0
-0.7812500000000028,-0.21739130434782503,-0.9057591623036649,0.9558823529411768,-0.9090909090909091,0,0,1,0
1.0624999999999967,1.30434782608695,2.06282722513089,-1.2132352941176476,-0.2909090909090909,0,1,0,0
0.7187499999999883,0.5652173913043252,-0.14659685863874344,0.3750000000000003,-0.5545454545454546,0,0,1,0
0.8437499999999994,0.3043478260869501,-0.27225130890052357,0.3382352941176473,-0.6818181818181818,0,0,1,0
0.18749999999999,-0.17391304347827483,-0.5549738219895288,0.823529411764706,0.43636363636363634,0,0,1,0
0.18749999999999,-0.2608695652173999,0.680628272251309,-0.6470588235294121,-0.15454545454545454,0,0,1,0
-0.7187500000000061,-0.4782608695652249,0.900523560209424,-0.7426470588235299,0.02727272727272727,0,0,1,0
-0.25000000000000444,0.08695652173912506,-0.5602094240837696,0.5367647058823529,-0.8454545454545455,0,1,0,0
-0.218750000000015,-0.43478260869565005,0.23036649214659685,0.058823529411764525,-0.5181818181818182,1,0,0,0
-0.6250000000000022,-1.043478260869575,-0.3036649214659686,0.5808823529411766,-0.3090909090909091,0,0,1,0
-1.0625000000000144,-1.086956521739125,0.193717277486911,-0.11029411764705888,-0.4909090909090909,0,1,0,0
0.5624999999999878,-0.17391304347827483,-0.41361256544502617,0.19852941176470565,0.3,0,1,0,0
-0.3437500000000083,0.08695652173912506,-0.010471204188481676,0.21323529411764705,-0.14545454545454545,0,1,0,0
1.1249999999999933,1.04347826086955,0.675392670157068,-0.2573529411764707,0.7181818181818181,0,1,0,0
1.0624999999999967,0.652173913043475,3.56020942408377,-1.6985294117647067,0.02727272727272727,0,1,0,0
-0.7187500000000061,-0.5217391304347998,0.07853403141361257,0.022058823529411565,-0.9545454545454546,0,1,0,0
0.06249999999999667,-0.13043478260869995,-0.2774869109947644,1.095588235294118,0.2545454545454545,0,1,0,0
0.3125000000000011,0.43478260869565005,3.068062827225131,-1.49264705882353,0.5,0,0,1,0
0.031249999999989453,-0.21739130434782503,-0.3193717277486911,0.6691176470588239,-0.41818181818181815,1,0,0,0
0.6874999999999989,0.652173913043475,-0.07853403141361257,0.12499999999999974,-0.2909090909090909,0,1,0,0
0.0,0.4782608695652002,-0.2670157068062827,0.1691176470588234,0.7545454545454545,0,0,1,0
0.7812500000000028,0.9565217391304252,0.8219895287958116,-0.720588235294118,-0.6454545454545455,0,1,0,0
-0.25000000000000444,0.3043478260869501,-0.4031413612565445,0.1691176470588234,-0.9727272727272728,0,1,0,0
0.8124999999999922,0.17391304347825012,0.041884816753926704,-0.17647058823529407,-0.42727272727272725,0,1,0,0
0.8437499999999994,0.43478260869565005,0.31413612565445026,-0.5808823529411766,-0.2636363636363636,0,1,0,0
0.40624999999998723,0.17391304347825012,-0.3717277486910995,1.0441176470588236,-0.23636363636363636,0,1,0,0
0.40624999999998723,0.2608695652173752,0.806282722513089,-0.8382352941176475,0.00909090909090909,0,1,0,0
0.6562499999999917,0.17391304347825012,0.020942408376963352,0.022058823529411565,0.03636363636363636,0,0,1,0
-0.6562500000000094,-0.39130434782609985,0.8481675392670157,-0.2573529411764707,-0.7727272727272727,0,1,0,0
-0.406250000000005,-0.17391304347827483,2.356020942408377,-1.4338235294117654,-0.7454545454545455,0,1,0,0
-0.46875000000000167,-0.17391304347827483,-0.42408376963350786,0.7058823529411768,0.2909090909090909,0,0,1,0
-0.5937500000000128,-0.9565217391304498,-0.21465968586387435,0.39705882352941185,0.5818181818181818,1,0,0,0
1.2500000000000044,1.3478260869565002,0.03664921465968586,0.5,0.4090909090909091,0,0,1,0
0.031249999999989453,-0.13043478260869995,-0.5497382198952879,1.0808823529411766,-0.6181818181818182,0,1,0,0
0.7187499999999883,0.04347826086955017,0.680628272251309,-0.8897058823529417,0.5181818181818182,0,1,0,0
0.3749999999999978,0.13043478260867525,0.18324607329842932,-0.12500000000000025,0.8,0,1,0,0
0.6562499999999917,0.4782608695652002,-0.7486910994764397,0.9338235294117648,0.6272727272727273,0,0,1,0
0.24999999999998668,0.21739130434782503,0.25654450261780104,-0.38235294117647095,-0.10909090909090909,0,1,0,0
0.3749999999999978,0.21739130434782503,0.38219895287958117,-0.7132352941176475,-0.13636363636363635,0,1,0,0
-0.1250000000000111,-0.2608695652173999,-0.7905759162303665,0.7058823529411768,0.7,0,1,0,0
-0.5312500000000161,-0.5217391304347998,-0.5863874345549738,0.6102941176470589,-0.06363636363636363,0,1,0,0
0.7812500000000028,0.7826086956521503,-0.7801047120418848,0.5808823529411766,-0.36363636363636365,0,1,0,0
0.06249999999999667,0.6956521739130253,-0.3717277486910995,0.558823529411765,-0.41818181818181815,1,0,0,0
-0.5625000000000056,-0.4782608695652249,-0.8586387434554974,1.3750000000000002,-0.6545454545454545,0,1,0,0
-0.5625000000000056,-0.4782608695652249,0.12041884816753927,-0.23529411764705913,-0.7909090909090909,0,0,1,0
-0.3437500000000083,-0.4782608695652249,-0.3507853403141361,0.27941176470588225,-0.7909090909090909,1,0,0,0
1.1249999999999933,1.17391304347825,0.6492146596858639,-0.6176470588235299,-0.6090909090909091,0,1,0,0
0.4999999999999911,0.34782608695650025,0.7382198952879581,-0.558823529411765,0.8545454545454545,0,0,1,0
-0.7500000000000133,-0.17391304347827483,0.3507853403141361,-0.3161764705882357,0.4818181818181818,1,0,0,0
-0.5000000000000089,-0.913043478260875,0.6335078534031413,-0.757352941176471,0.4818181818181818,0,1,0,0
0.24999999999998668,1.086956521739125,0.27225130890052357,0.036764705882352956,0.01818181818181818,0,0,1,0
-0.6250000000000022,-1.043478260869575,-1.1204188481675392,0.6029411764705882,-0.5909090909090909,0,1,0,0
-0.25000000000000444,-0.652173913043475,0.08900523560209424,-0.47058823529411775,-0.2818181818181818,0,1,0,0
-0.37500000000001554,0.0,-0.7696335078534031,0.5661764705882352,0.08181818181818182,0,1,0,0
-0.06250000000001443,0.13043478260867525,-0.7120418848167539,0.9705882352941178,0.8545454545454545,0,0,1,0
-0.3437500000000083,-0.8260869565217499,-0.7591623036649214,0.19117647058823548,-0.5181818181818182,0,0,1,0
-0.06250000000001443,-0.3043478260869748,-0.7329842931937173,1.5294117647058827,-0.45454545454545453,0,1,0,0
0.4999999999999911,0.21739130434782503,-0.2931937172774869,1.235294117647059,-0.5454545454545454,0,1,0,0
0.5312499999999983,0.2608695652173752,0.2513089005235602,-0.17647058823529407,-0.39090909090909093,0,1,0,0
1.2812499999999938,1.4347826086956252,-0.1099476439790576,0.09558823529411747,-0.6818181818181818,0,1,0,0
-0.06250000000001443,0.17391304347825012,0.24083769633507854,0.19852941176470565,0.9181818181818182,1,0,0,0
0.6874999999999989,0.6956521739130253,1.036649214659686,-0.9264705882352946,0.34545454545454546,0,1,0,0
0.06249999999999667,-0.21739130434782503,0.17801047120418848,-0.22058823529411775,0.7272727272727273,0,1,0,0
-0.28125000000001166,-0.652173913043475,-0.21465968586387435,1.095588235294118,0.509090909090909,1,0,0,0
-1.093750000000004,-1.043478260869575,-0.612565445026178,1.632352941176471,-0.06363636363636363,1,0,0,1
0.6562499999999917,0.652173913043475,-0.6282722513089005,0.3088235294117645,-0.3181818181818182,0,1,0,0
0.0,0.4782608695652002,-0.07329842931937172,-0.07352941176470591,0.7363636363636363,0,1,0,0
0.7187499999999883,0.8260869565217251,-0.13612565445026178,-0.029411764705882262,-0.8090909090909091,1,0,0,0
-0.09375000000000389,-0.3043478260869748,-0.418848167539267,0.20588235294117635,0.15454545454545454,0,0,1,0
0.18749999999999,0.39130434782607515,2.43979057591623,-1.4264705882352948,0.01818181818181818,0,1,0,0
-0.8437500000000172,-0.6086956521739249,0.42408376963350786,-0.13970588235294112,0.42727272727272725,0,1,0,0
-0.5312500000000161,-0.34782608695652495,1.0,-0.6764705882352946,0.03636363636363636,1,0,0,0
-0.46875000000000167,-0.3043478260869748,-0.9790575916230366,0.8308823529411766,-0.5,0,1,0,0
0.12499999999999334,0.652173913043475,-0.031413612565445025,0.029411764705882262,0.6636363636363637,0,1,0,0
0.7499999999999956,0.521739130434775,-0.5759162303664922,0.5441176470588237,0.20909090909090908,1,0,0,0
0.2812499999999939,0.21739130434782503,0.44502617801047123,-0.47058823529411775,0.06363636363636363,0,1,0,0
0.06249999999999667,-0.21739130434782503,-0.518324607329843,0.3308823529411766,-0.18181818181818182,0,1,0,0
-0.6562500000000094,-0.56521739130435,-0.4816753926701571,1.0073529411764708,-0.3090909090909091,1,0,0,0
-0.9375000000000033,-0.9565217391304498,-0.8429319371727748,0.6617647058823533,0.6545454545454545,0,1,0,0
0.6874999999999989,0.21739130434782503,0.11518324607329843,0.632352941176471,0.06363636363636363,1,0,0,0
-0.406250000000005,-0.08695652173914978,-0.39267015706806285,0.1691176470588234,0.22727272727272727,0,1,0,0
-0.9062500000000139,-0.652173913043475,-1.1465968586387434,0.823529411764706,-0.6818181818181818,0,0,1,0
0.6562499999999917,0.2608695652173752,-0.4712041884816754,0.6470588235294118,0.06363636363636363,1,0,0,0
0.06249999999999667,0.652173913043475,0.5445026178010471,-0.48529411764705915,0.01818181818181818,0,1,0,0
0.06249999999999667,0.652173913043475,1.5602094240837696,-1.2132352941176476,-0.09090909090909091,1,0,0,0
0.0,0.5652173913043252,-0.09424083769633508,0.022058823529411565,-0.2909090909090909,1,0,0,0
0.18749999999999,0.34782608695650025,-0.7015706806282722,0.8161764705882357,-0.4,0,0,1,0
0.8124999999999922,0.21739130434782503,0.9790575916230366,-0.9852941176470594,-0.9363636363636364,0,1,0,0
0.6874999999999989,0.6956521739130253,-0.10471204188481675,0.029411764705882262,-0.9,0,0,1,0
0.6874999999999989,0.521739130434775,-0.24083769633507854,0.3235294117647059,-0.21818181818181817,0,1,0,0
-0.25000000000000444,-0.4782608695652249,-0.4607329842931937,0.5514705882352944,0.44545454545454544,0,1,0,0
-0.09375000000000389,-0.17391304347827483,1.068062827225131,-0.808823529411765,-0.11818181818181818,0,1,0,0
0.6562499999999917,0.4782608695652002,0.21465968586387435,0.2573529411764707,-0.4,0,0,1,0
0.7499999999999956,0.08695652173912506,-0.4816753926701571,0.6911764705882355,0.02727272727272727,0,0,1,0
-1.125000000000011,-1.086956521739125,0.19895287958115182,-0.11764705882352956,-0.08181818181818182,0,1,0,0
-0.7500000000000133,-0.6086956521739249,-0.28272251308900526,0.007352941176470696,-0.10909090909090909,0,1,0,0
-0.3437500000000083,-0.08695652173914978,1.9947643979057592,-1.0661764705882357,-0.06363636363636363,1,0,0,0
-0.1250000000000111,-0.43478260869565005,0.02617801047120419,0.08088235294117661,0.4090909090909091,0,0,1,0
-1.406250000000005,-1.7391304347826002,-0.06806282722513089,0.19117647058823548,0.5818181818181818,0,0,1,0
0.43749999999999445,0.34782608695650025,-0.7225130890052356,0.47058823529411775,0.5909090909090909,0,1,0,0
-0.6562500000000094,-1.086956521739125,0.9424083769633508,-0.5367647058823535,0.13636363636363635,0,1,0,0
0.0,-0.17391304347827483,-0.43455497382198954,0.6102941176470589,-0.6454545454545455,0,0,1,0
0.0,-0.3043478260869748,-0.9109947643979057,1.1102941176470593,0.32727272727272727,1,0,0,0
0.21874999999999722,0.4782608695652002,3.842931937172775,-1.6985294117647067,-0.10909090909090909,1,0,0,0
-0.5312500000000161,-0.39130434782609985,-0.8272251308900523,0.9264705882352946,0.8090909090909091,0,1,0,0
-0.6875000000000167,-1.0,-0.23036649214659685,0.5,-0.2,0,1,0,0
0.12499999999999334,-0.13043478260869995,0.837696335078534,-0.808823529411765,0.34545454545454546,0,1,0,1
0.18749999999999,0.3043478260869501,-0.8219895287958116,0.8750000000000002,0.7818181818181819,1,0,0,0
-0.25000000000000444,-0.7391304347826249,-0.5078534031413613,0.5367647058823529,-0.9454545454545454,0,1,0,0
-0.4375000000000122,-0.21739130434782503,0.7905759162303665,-0.4264705882352946,0.2636363636363636,1,0,0,0
1.2500000000000044,1.5217391304347752,0.2774869109947644,-0.19852941176470618,0.2,0,1,0,0
-1.218750000000015,-1.217391304347825,-0.14659685863874344,-0.22794117647058842,-0.5727272727272728,0,1,0,0
-0.8437500000000172,-0.56521739130435,0.13612565445026178,0.08823529411764679,0.5272727272727272,0,1,0,0
0.031249999999989453,-0.21739130434782503,-0.7539267015706806,0.8382352941176473,-0.37272727272727274,0,1,0,0
-0.7812500000000028,-0.7391304347826249,0.07329842931937172,-0.4338235294117648,-0.37272727272727274,0,1,0,0
-0.81250000000001,-0.6956521739130499,1.1465968586387434,-0.7132352941176475,0.6454545454545455,0,1,0,0
1.0624999999999967,0.6086956521739002,0.16753926701570682,-0.5000000000000006,0.11818181818181818,0,1,0,0
-1.4375000000000122,-1.782608695652175,0.225130890052356,-0.30882352941176505,0.5636363636363636,0,1,0,0
-0.4375000000000122,-0.6956521739130499,-0.17801047120418848,-0.014705882352941391,-0.36363636363636365,0,1,0,0
0.46875000000000167,0.34782608695650025,-0.6178010471204188,0.7794117647058828,0.8,0,1,0,0
0.15625000000000056,-0.08695652173914978,-0.39267015706806285,0.6397058823529411,0.01818181818181818,0,1,0,0
0.12499999999999334,-0.13043478260869995,-0.6492146596858639,1.0367647058823535,0.9090909090909091,0,1,0,1
-0.8437500000000172,-0.56521739130435,-0.93717277486911,0.9852941176470591,0.5636363636363636,1,0,0,0
0.15625000000000056,0.2608695652173752,1.293193717277487,-0.6985294117647062,0.5818181818181818,0,1,0,0
-1.4375000000000122,-1.782608695652175,-0.9267015706806283,0.7867647058823529,-0.8090909090909091,0,0,1,0
-0.15625000000000056,-0.39130434782609985,0.193717277486911,-0.25,1.0363636363636364,0,1,0,0
0.24999999999998668,0.2608695652173752,-0.1256544502617801,0.2352941176470586,0.8545454545454545,0,1,0,0
0.06249999999999667,-0.17391304347827483,-0.2670157068062827,0.10294117647058817,0.2909090909090909,1,0,0,0
0.24999999999998668,0.34782608695650025,-0.6963350785340314,0.9117647058823533,0.0,0,1,0,0
0.8749999999999889,1.04347826086955,-0.7643979057591623,1.095588235294118,-0.8636363636363636,1,0,0,0
-0.406250000000005,-0.5217391304347998,-0.193717277486911,0.29411764705882365,0.7,1,0,0,0
0.5312499999999983,0.43478260869565005,0.837696335078534,-0.6250000000000002,0.8363636363636363,0,0,1,0
0.3749999999999978,0.21739130434782503,-0.020942408376963352,-0.29411764705882365,0.509090909090909,0,0,1,0
0.40624999999998723,0.0,2.2722513089005236,-1.3455882352941182,0.8909090909090909,0,1,0,0
-0.3125000000000011,0.04347826086955017,0.4973821989528796,-0.4926470588235298,-0.7909090909090909,0,1,0,0
0.5624999999999878,0.4782608695652002,-0.7015706806282722,0.7132352941176471,-0.37272727272727274,0,1,0,0
0.34374999999999056,0.9565217391304252,0.13089005235602094,-0.12500000000000025,-0.2,0,1,0,0
-0.5625000000000056,-0.56521739130435,1.382198952879581,-0.9411764705882357,0.5545454545454546,0,1,0,0
-0.6562500000000094,-0.8260869565217499,-0.07329842931937172,0.022058823529411565,-0.8727272727272727,0,1,0,0
0.6874999999999989,0.5652173913043252,-0.8900523560209425,1.9558823529411773,0.8909090909090909,0,1,0,1
0.12499999999999334,0.8260869565217251,1.905759162303665,-1.2573529411764712,-0.03636363636363636,0,0,1,0
-0.5000000000000089,-0.782608695652175,-0.6387434554973822,0.7647058823529413,-0.7727272727272727,0,0,1,0
-0.8437500000000172,-0.782608695652175,-0.8167539267015707,0.4191176470588234,-0.5818181818181818,0,1,0,0
-0.25000000000000444,0.17391304347825012,-0.518324607329843,0.5441176470588237,-0.8636363636363636,0,0,1,0
-0.28125000000001166,-0.4782608695652249,-0.4973821989528796,0.5220588235294121,-0.9727272727272728,0,1,0,0
0.43749999999999445,0.39130434782607515,0.005235602094240838,0.18382352941176477,0.01818181818181818,0,0,1,0
0.031249999999989453,-0.2608695652173999,-0.3507853403141361,0.6397058823529411,0.2545454545454545,0,1,0,0
-0.5312500000000161,-0.3043478260869748,0.8534031413612565,-1.1617647058823535,-0.35454545454545455,0,0,1,0
0.46875000000000167,0.13043478260867525,-0.9057591623036649,0.6911764705882355,-0.7,1,0,0,0
0.34374999999999056,0.2608695652173752,0.5863874345549738,-0.38235294117647095,-0.10909090909090909,0,0,1,0
-0.5937500000000128,-0.4782608695652249,-0.44502617801047123,0.3014705882352943,-0.18181818181818182,0,1,0,0
0.24999999999998668,0.2608695652173752,0.8115183246073299,-0.8529411764705886,-0.8090909090909091,0,1,0,0
0.21874999999999722,0.21739130434782503,-0.7486910994764397,0.6397058823529411,-0.14545454545454545,0,1,0,0
0.6874999999999989,0.5652173913043252,-0.09947643979057591,-0.04411764705882365,-0.7727272727272727,0,0,1,0
0.4999999999999911,0.21739130434782503,-1.0471204188481675,1.441176470588236,-0.5909090909090909,0,1,0,0
0.6562499999999917,0.3043478260869501,3.6649214659685865,-1.727941176470589,-0.5454545454545454,0,1,0,0
-0.5937500000000128,-0.4782608695652249,0.774869109947644,-0.632352941176471,0.8181818181818182,0,1,0,0
0.9062499999999961,0.521739130434775,1.5183246073298429,-0.7941176470588239,0.45454545454545453,0,1,0,0
-0.9375000000000033,-0.7391304347826249,-0.7539267015706806,0.4779411764705884,0.6272727272727273,1,0,0,0
-0.5625000000000056,-0.652173913043475,0.42408376963350786,-0.7941176470588239,0.5,0,1,0,0
-0.6562500000000094,-0.6956521739130499,-0.387434554973822,-0.17647058823529407,1.0272727272727273,0,1,0,1
0.0,-0.39130434782609985,-0.9267015706806283,1.1617647058823533,-0.4727272727272727,0,1,0,0
0.0,-0.21739130434782503,0.42408376963350786,-0.25,0.5272727272727272,0,0,1,0
-0.406250000000005,0.04347826086955017,0.837696335078534,-0.7132352941176475,0.9272727272727272,1,0,0,0
-0.406250000000005,-0.652173913043475,0.4973821989528796,-0.36764705882352955,-0.5,0,0,1,0
-0.5000000000000089,-0.2608695652173999,-0.010471204188481676,0.007352941176470696,0.06363636363636363,0,0,1,0
-0.8750000000000067,-0.7391304347826249,-0.28272251308900526,0.3161764705882352,-0.6636363636363637,0,0,1,0
-0.46875000000000167,-0.3043478260869748,1.0209424083769634,-0.5073529411764707,0.36363636363636365,0,1,0,0
-0.6562500000000094,-1.0,-0.612565445026178,1.2647058823529413,0.36363636363636365,0,1,0,0
-0.9062500000000139,-0.7391304347826249,1.7277486910994764,-1.0955882352941182,0.09090909090909091,0,1,0,0
0.21874999999999722,0.6956521739130253,-0.1256544502617801,-0.05147058823529435,-0.8090909090909091,0,1,0,0
-0.3125000000000011,-0.8260869565217499,-0.8115183246073299,1.1764705882352946,0.02727272727272727,0,1,0,0
0.031249999999989453,-0.2608695652173999,0.18848167539267016,-0.3529411764705887,-0.24545454545454545,0,1,0,0
-0.5625000000000056,-0.7391304347826249,-0.4973821989528796,0.22058823529411775,0.6363636363636364,0,1,0,0
-0.3437500000000083,-0.17391304347827483,-0.07329842931937172,0.04411764705882365,0.9545454545454546,0,0,1,0
0.43749999999999445,0.21739130434782503,-0.6387434554973822,0.7794117647058828,0.9,0,1,0,0
0.4999999999999911,0.2608695652173752,-0.3193717277486911,0.07352941176470591,-0.16363636363636364,0,0,1,0
-0.031250000000007216,-0.2608695652173999,1.9162303664921465,-1.2794117647058831,-0.5272727272727272,0,1,0,0
0.43749999999999445,0.3043478260869501,-0.450261780104712,0.7058823529411768,-0.9272727272727272,0,1,0,0
0.40624999999998723,0.39130434782607515,0.6858638743455497,-0.5514705882352944,0.43636363636363634,0,1,0,0
-0.218750000000015,-0.43478260869565005,2.3769633507853403,-1.3235294117647065,-0.4727272727272727,0,1,0,0
0.6562499999999917,0.3043478260869501,-0.42408376963350786,0.5073529411764707,-0.9454545454545454,0,0,1,0
0.06249999999999667,0.7391304347826001,-0.7486910994764397,0.5808823529411766,0.10909090909090909,0,1,0,0
0.031249999999989453,0.652173913043475,0.193717277486911,-0.17647058823529407,-0.32727272727272727,0,1,0,0
0.18749999999999,0.21739130434782503,-0.5026178010471204,0.1691176470588234,1.009090909090909,0,0,1,0
0.21874999999999722,0.34782608695650025,0.05759162303664921,-0.10294117647058817,-0.37272727272727274,0,0,1,0
0.43749999999999445,0.2608695652173752,-0.41361256544502617,0.808823529411765,-0.7727272727272727,0,1,0,0
-0.15625000000000056,-0.3043478260869748,0.7277486910994765,-0.720588235294118,-0.24545454545454545,0,0,1,0
-0.7812500000000028,-0.6086956521739249,-0.225130890052356,0.48529411764705915,0.39090909090909093,0,1,0,0
0.40624999999998723,0.34782608695650025,-0.46596858638743455,-0.095588235294118,0.5,0,1,0,0
0.3749999999999978,0.3043478260869501,-0.39267015706806285,1.1102941176470593,-0.17272727272727273,0,1,0,0
0.3749999999999978,0.13043478260867525,-0.46596858638743455,0.8308823529411766,0.8363636363636363,0,1,0,0
0.5312499999999983,0.17391304347825012,-0.13089005235602094,-0.11029411764705888,0.3090909090909091,1,0,0,0
0.9062499999999961,1.1304347826086751,-0.743455497382199,0.6397058823529411,0.11818181818181818,0,1,0,0
-0.7812500000000028,-0.652173913043475,0.031413612565445025,-0.029411764705882262,0.5363636363636364,0,0,1,0
0.06249999999999667,0.4782608695652002,1.4659685863874345,-1.0661764705882357,0.2909090909090909,0,0,1,0
-0.6250000000000022,-1.043478260869575,0.7696335078534031,-0.4411764705882355,0.2818181818181818,0,1,0,0
-0.9062500000000139,-0.913043478260875,-0.1518324607329843,0.2647058823529414,0.5,0,1,0,0
0.7812500000000028,0.8260869565217251,-0.7329842931937173,0.4117647058823532,-0.14545454545454545,0,0,1,0
0.031249999999989453,0.0,-0.581151832460733,0.573529411764706,0.8545454545454545,0,1,0,0
-0.18750000000000777,-0.3043478260869748,0.31413612565445026,0.10294117647058817,0.6909090909090909,0,1,0,0
0.0,0.5652173913043252,0.1099476439790576,0.036764705882352956,-0.08181818181818182,0,0,1,0
0.3125000000000011,0.2608695652173752,-0.3507853403141361,0.38235294117647045,-0.9,0,1,0,0
0.3125000000000011,0.9565217391304252,-0.20418848167539266,-0.3529411764705887,-0.38181818181818183,0,1,0,0
-0.7812500000000028,-0.652173913043475,-0.3089005235602094,0.595588235294118,-0.5545454545454546,0,0,1,0
0.06249999999999667,-0.39130434782609985,0.4397905759162304,-0.6397058823529417,-0.5818181818181818,0,1,0,0
-0.406250000000005,-0.652173913043475,-0.3769633507853403,0.4117647058823532,-0.09090909090909091,0,1,0,0
0.40624999999998723,0.521739130434775,0.8952879581151832,-0.5000000000000006,-0.5545454545454546,0,1,0,0
-0.7500000000000133,-0.21739130434782503,-0.12041884816753927,0.573529411764706,-0.8090909090909091,0,1,0,0
0.43749999999999445,0.17391304347825012,0.16753926701570682,-0.08088235294117661,0.8818181818181818,0,1,0,0
0.18749999999999,0.7391304347826001,0.5235602094240838,-0.4411764705882355,-0.8181818181818182,0,1,0,0
0.3125000000000011,0.17391304347825012,-0.93717277486911,0.9044117647058825,0.5818181818181818,0,1,0,0
-0.6250000000000022,-1.086956521739125,0.20418848167539266,-0.22058823529411775,-0.20909090909090908,1,0,0,0
-0.18750000000000777,0.2608695652173752,-0.3403141361256545,0.4117647058823532,-0.00909090909090909,0,1,0,0
-0.28125000000001166,-0.56521739130435,-0.3298429319371728,-0.07352941176470591,0.7363636363636363,1,0,0,0
0.3125000000000011,0.652173913043475,-0.450261780104712,0.9779411764705884,-0.9727272727272728,1,0,0,0
-0.7812500000000028,-0.6956521739130499,-0.2670157068062827,0.18382352941176477,0.08181818181818182,0,1,0,0
-0.406250000000005,-0.43478260869565005,-0.6544502617801047,1.0514705882352944,0.5272727272727272,0,1,0,0
-0.9375000000000033,-0.9565217391304498,-0.05759162303664921,-0.05147058823529435,0.5818181818181818,0,1,0,0
-0.218750000000015,-0.43478260869565005,-0.450261780104712,0.5294117647058822,-0.43636363636363634,0,0,1,0
-0.3437500000000083,-0.4782608695652249,0.21465968586387435,-0.6102941176470591,-0.7454545454545455,0,1,0,0
-0.28125000000001166,-0.7391304347826249,0.8586387434554974,-0.8161764705882357,0.8363636363636363,0,1,0,0
-0.5625000000000056,-0.4782608695652249,-0.4973821989528796,0.3897058823529411,-0.08181818181818182,0,1,0,0
-0.06250000000001443,-0.39130434782609985,-0.8900523560209425,0.7867647058823529,-0.41818181818181815,0,1,0,0
0.0,-0.3043478260869748,0.3403141361256545,-0.029411764705882262,-0.5909090909090909,0,1,0,0
-0.5312500000000161,-0.4782608695652249,-0.1518324607329843,0.9264705882352946,-0.10909090909090909,0,1,0,0
-0.6562500000000094,-0.39130434782609985,-0.3403141361256545,0.20588235294117635,-0.05454545454545454,0,0,1,0
1.2500000000000044,1.4347826086956252,-0.5445026178010471,0.2647058823529414,0.03636363636363636,0,1,0,0
-0.6562500000000094,-0.43478260869565005,1.6701570680628273,-1.2205882352941182,0.13636363636363635,0,1,0,0
0.5312499999999983,0.21739130434782503,0.7696335078534031,-0.6029411764705886,0.17272727272727273,0,1,0,0
-0.9375000000000033,-0.8260869565217499,1.5026178010471205,-0.720588235294118,0.19090909090909092,1,0,0,0
-0.09375000000000389,-0.43478260869565005,0.39267015706806285,0.14705882352941183,0.7636363636363637,0,1,0,0
-0.031250000000007216,0.5652173913043252,0.45549738219895286,-0.4779411764705884,-0.9272727272727272,0,1,0,0
0.12499999999999334,0.21739130434782503,-0.7068062827225131,0.6985294117647062,-0.8818181818181818,0,1,0,0
-0.5625000000000056,-0.5217391304347998,0.7486910994764397,-1.080882352941177,-0.5545454545454546,0,0,1,0
0.6874999999999989,0.5652173913043252,-0.44502617801047123,0.08823529411764679,-0.4090909090909091,0,0,1,0
-0.6875000000000167,-1.0,0.18324607329842932,-0.11764705882352956,0.14545454545454545,0,1,0,0
-0.5937500000000128,-0.6086956521739249,2.554973821989529,-1.441176470588236,-0.6454545454545455,0,1,0,0
-0.9062500000000139,-0.8695652173913001,0.2670157068062827,0.08823529411764679,0.36363636363636365,0,0,1,0
-0.8437500000000172,-0.7391304347826249,0.5235602094240838,-0.4044117647058825,-0.38181818181818183,0,1,0,0
-1.0312500000000073,-0.782608695652175,0.015706806282722512,0.4264705882352941,0.6818181818181818,0,1,0,0
-0.5937500000000128,-0.782608695652175,-0.14659685863874344,0.7205882352941178,-0.5454545454545454,0,1,0,0
-0.6562500000000094,-0.6086956521739249,0.6596858638743456,-0.4264705882352946,0.7636363636363637,0,1,0,0
-0.15625000000000056,-0.43478260869565005,0.6649214659685864,-0.5735294117647064,0.7909090909090909,1,0,0,0
-1.3750000000000155,-1.652173913043475,-0.21465968586387435,0.3088235294117645,-0.6363636363636364,0,0,1,0
-0.09375000000000389,0.04347826086955017,0.17801047120418848,-0.2573529411764707,0.7636363636363637,1,0,0,0
0.2812499999999939,0.34782608695650025,1.6020942408376964,-1.0588235294117654,0.7727272727272727,0,1,0,0
0.12499999999999334,-0.04347826086957489,-0.4712041884816754,0.3235294117647059,0.4090909090909091,0,1,0,0
0.6250000000000022,0.39130434782607515,-0.7958115183246073,1.485294117647059,0.9090909090909091,0,0,1,1
-0.4375000000000122,0.0,-0.7068062827225131,1.2279411764705885,-0.3181818181818182,0,0,1,0
0.18749999999999,-0.13043478260869995,-0.06806282722513089,-0.095588235294118,0.6,0,0,1,0
0.18749999999999,0.6956521739130253,-0.225130890052356,0.4411764705882355,-0.8363636363636363,0,1,0,0
-0.7500000000000133,-1.217391304347825,0.05759162303664921,-0.11029411764705888,-0.8,1,0,0,0
1.0,0.4782608695652002,1.361256544502618,-0.9411764705882357,-0.7272727272727273,0,1,0,0
0.15625000000000056,0.04347826086955017,0.27225130890052357,0.13235294117647042,-0.8,0,1,0,0
-0.7187500000000061,-0.5217391304347998,-1.1570680628272252,1.3235294117647065,0.00909090909090909,0,1,0,0
-1.0625000000000144,-1.0,0.010471204188481676,-0.05147058823529435,1.1727272727272726,0,1,0,0
0.46875000000000167,0.34782608695650025,0.1518324607329843,0.2573529411764707,-0.8363636363636363,0,1,0,0
0.7812500000000028,0.39130434782607515,-1.1465968586387434,2.051470588235295,0.06363636363636363,0,1,0,1
-1.1875000000000078,-1.2608695652173998,-0.9633507853403142,2.0735294117647065,-0.7545454545454545,0,0,1,1
-0.5000000000000089,-0.913043478260875,-0.6230366492146597,1.4264705882352946,-0.7272727272727273,0,1,0,0
0.9062499999999961,0.9565217391304252,0.8952879581151832,-0.7794117647058828,0.01818181818181818,0,0,1,0
0.7812500000000028,0.17391304347825012,2.418848167539267,-1.4632352941176479,-0.6090909090909091,0,0,1,0
0.7499999999999956,0.8260869565217251,-0.6282722513089005,0.823529411764706,0.7545454545454545,0,1,0,0
0.4999999999999911,0.3043478260869501,0.8795811518324608,-0.6250000000000002,0.2727272727272727,0,0,1,0
-0.7187500000000061,-1.0,-0.47643979057591623,0.6029411764705882,-0.7272727272727273,0,1,0,0
0.7187499999999883,0.43478260869565005,-0.2879581151832461,0.3455882352941175,0.8,0,1,0,0
-0.9062500000000139,-0.6956521739130499,-0.4083769633507853,0.4191176470588234,0.01818181818181818,0,0,1,0
-1.0000000000000178,-0.782608695652175,0.27225130890052357,-0.13970588235294112,0.6181818181818182,0,1,0,0
-0.8750000000000067,-0.6956521739130499,0.2198952879581152,-0.4264705882352946,-0.3,0,1,0,0
-0.6875000000000167,-0.5217391304347998,0.23036649214659685,0.286764705882353,-0.3181818181818182,0,0,1,0
-0.6875000000000167,-0.56521739130435,-0.17801047120418848,0.6544117647058825,-0.509090909090909,0,0,1,0
0.09374999999998612,-0.39130434782609985,1.3036649214659686,-0.8161764705882357,-0.5,0,1,0,0
0.06249999999999667,0.652173913043475,0.06282722513089005,0.35294117647058815,-0.34545454545454546,0,1,0,0
0.34374999999999056,0.2608695652173752,-0.5706806282722513,0.19852941176470565,0.5545454545454546,0,0,1,0
0.9062499999999961,0.9565217391304252,-0.10471204188481675,-0.095588235294118,0.06363636363636363,0,0,1,0
0.7187499999999883,0.34782608695650025,-0.17801047120418848,0.11029411764705888,0.15454545454545454,0,0,1,0
-0.406250000000005,-0.43478260869565005,-0.33507853403141363,-0.06617647058823521,-0.02727272727272727,0,1,0,0
0.43749999999999445,0.21739130434782503,0.36649214659685864,-0.19852941176470618,-0.6363636363636364,0,0,1,0
-0.9062500000000139,-0.9565217391304498,0.9633507853403142,-0.7132352941176475,-0.22727272727272727,0,0,1,0
-0.3125000000000011,-0.8260869565217499,-0.05235602094240838,-0.38235294117647095,0.10909090909090909,0,1,0,0
-0.7500000000000133,-0.17391304347827483,0.9267015706806283,-0.7279411764705886,0.5545454545454546,0,0,1,0
-0.37500000000001554,0.04347826086955017,1.0104712041884816,-0.7279411764705886,0.9727272727272728,0,1,0,0
-0.25000000000000444,-0.43478260869565005,1.5287958115183247,-1.1323529411764712,0.7272727272727273,0,1,0,0
0.40624999999998723,0.13043478260867525,0.2094240837696335,0.058823529411764525,0.7545454545454545,0,1,0,0
-1.3750000000000155,-1.69565217391305,-0.418848167539267,0.17647058823529407,0.12727272727272726,0,0,1,0
0.06249999999999667,0.5652173913043252,0.12041884816753927,-0.11764705882352956,-0.05454545454545454,0,1,0,0
-0.7500000000000133,-0.6956521739130499,1.1361256544502618,-0.7500000000000006,0.9363636363636364,1,0,0,0
0.9062499999999961,0.4782608695652002,0.7225130890052356,-0.5514705882352944,-0.4,0,1,0,0
-0.6562500000000094,-1.086956521739125,0.4083769633507853,0.2426470588235293,0.05454545454545454,0,0,1,0
-0.4375000000000122,-0.4782608695652249,0.9842931937172775,-0.7352941176470591,0.42727272727272725,0,1,0,0
0.031249999999989453,-0.13043478260869995,-0.44502617801047123,0.676470588235294,-0.8272727272727273,0,1,0,0
-0.18750000000000777,-0.39130434782609985,-0.5759162303664922,0.5294117647058822,-0.7909090909090909,0,1,0,0
0.18749999999999,0.0,-0.7120418848167539,0.9191176470588239,0.5454545454545454,0,0,1,0
0.3125000000000011,0.43478260869565005,-0.6073298429319371,0.9558823529411768,0.7363636363636363,0,1,0,0
-0.5312500000000161,0.04347826086955017,1.162303664921466,-0.595588235294118,-0.24545454545454545,0,0,1,0
0.43749999999999445,0.13043478260867525,0.4712041884816754,-0.24264705882352983,-0.5181818181818182,0,0,1,0
0.12499999999999334,0.7826086956521503,2.0104712041884816,-1.352941176470589,-0.4636363636363636,0,1,0,0
-1.3750000000000155,-1.56521739130435,1.225130890052356,-1.0220588235294124,-0.09090909090909091,0,1,0,0
0.0,0.521739130434775,0.7696335078534031,-0.4632352941176476,-0.6272727272727273,0,0,1,0
0.7812500000000028,0.43478260869565005,0.08900523560209424,0.21323529411764705,-0.17272727272727273,0,0,1,0
0.09374999999998612,-0.3043478260869748,-0.47643979057591623,0.845588235294118,0.41818181818181815,0,1,0,0
-0.7500000000000133,-0.8260869565217499,1.1361256544502618,-1.0661764705882357,0.6090909090909091,0,0,1,0
0.031249999999989453,0.652173913043475,0.8795811518324608,-0.8308823529411768,0.38181818181818183,0,1,0,0
0.8749999999999889,0.39130434782607515,-0.2670157068062827,1.3382352941176474,0.14545454545454545,1,0,0,0
0.06249999999999667,0.7391304347826001,0.46596858638743455,-0.5882352941176473,-0.8727272727272727,0,0,1,0
0.6874999999999989,0.7391304347826001,0.32460732984293195,-0.1691176470588239,-0.43636363636363634,0,1,0,0
-0.37500000000001554,-0.652173913043475,0.6282722513089005,-0.6691176470588239,0.6636363636363637,1,0,0,0
0.5312499999999983,0.3043478260869501,-0.17277486910994763,-0.18382352941176477,0.8818181818181818,1,0,0,0
-0.8437500000000172,-0.7391304347826249,1.4973821989528795,-1.1102941176470593,0.9363636363636364,0,0,1,0
-0.6250000000000022,-0.782608695652175,0.9267015706806283,-0.47058823529411775,0.7090909090909091,0,0,1,0
0.43749999999999445,0.17391304347825012,4.157068062827225,-1.7867647058823537,0.7636363636363637,0,1,0,0
-0.6562500000000094,-1.086956521739125,-0.23036649214659685,0.3161764705882352,0.509090909090909,0,0,1,0
0.7499999999999956,0.39130434782607515,0.2356020942408377,-0.12500000000000025,0.7363636363636363,0,1,0,0
0.18749999999999,0.3043478260869501,0.015706806282722512,0.286764705882353,-0.09090909090909091,0,0,1,0
-0.8437500000000172,-0.652173913043475,0.13089005235602094,-0.808823529411765,0.509090909090909,0,0,1,0
1.18749999999999,1.30434782608695,-0.10471204188481675,0.5220588235294121,-0.32727272727272727,0,0,1,0
0.6874999999999989,0.34782608695650025,-0.7172774869109948,0.6102941176470589,0.20909090909090908,1,0,0,1
1.1562500000000007,1.04347826086955,0.7958115183246073,-0.8897058823529417,0.5727272727272728,1,0,0,0
-0.7812500000000028,-0.3043478260869748,-0.06282722513089005,0.007352941176470696,1.1272727272727272,0,1,0,0
-0.8750000000000067,-0.782608695652175,-0.4816753926701571,0.22794117647058842,-0.4,0,1,0,0
-0.15625000000000056,0.0,0.7486910994764397,-0.7720588235294121,-0.3090909090909091,0,0,1,0
-0.09375000000000389,0.521739130434775,0.07329842931937172,0.08088235294117661,-0.01818181818181818,0,0,1,0
0.3749999999999978,0.13043478260867525,0.18324607329842932,-0.12500000000000025,-0.38181818181818183,1,0,0,0
-0.1250000000000111,0.08695652173912506,-0.387434554973822,0.558823529411765,-0.6545454545454545,0,0,1,0
0.9062499999999961,1.04347826086955,1.0209424083769634,-0.7426470588235299,-0.16363636363636364,1,0,0,0
0.6874999999999989,0.652173913043475,-0.5497382198952879,0.6617647058823533,0.10909090909090909,0,1,0,0
0.24999999999998668,0.2608695652173752,-0.5235602094240838,0.036764705882352956,0.9090909090909091,1,0,0,0
1.1249999999999933,1.086956521739125,0.6178010471204188,-0.095588235294118,0.6818181818181818,0,1,0,0
0.5624999999999878,0.34782608695650025,-0.6492146596858639,1.0808823529411766,-0.07272727272727272,0,1,0,0
0.15625000000000056,-0.3043478260869748,0.2774869109947644,-0.3014705882352943,-0.08181818181818182,0,1,0,0
0.18749999999999,0.21739130434782503,-0.806282722513089,1.058823529411765,-0.8,0,0,1,0
0.9062499999999961,0.43478260869565005,-0.06806282722513089,0.21323529411764705,0.00909090909090909,0,0,1,0
1.18749999999999,1.3478260869565002,-0.5759162303664922,0.47058823529411775,-0.8909090909090909,0,1,0,0
-0.031250000000007216,0.0,-0.19895287958115182,0.058823529411764525,-0.42727272727272725,0,1,0,0
-0.6250000000000022,-0.6086956521739249,0.9424083769633508,-0.808823529411765,0.4909090909090909,0,1,0,0
-0.5625000000000056,-0.782608695652175,-0.3089005235602094,0.2720588235294116,0.6272727272727273,0,1,0,0
0.2812499999999939,0.9130434782608502,0.5130890052356021,-0.5220588235294121,0.01818181818181818,0,1,0,0
0.24999999999998668,0.39130434782607515,-0.6335078534031413,0.8161764705882357,0.2636363636363636,0,1,0,0
-0.8750000000000067,-0.8260869565217499,0.7853403141361257,-0.6397058823529417,-0.8909090909090909,1,0,0,0
-0.218750000000015,0.34782608695650025,1.2984293193717278,-0.9044117647058828,-0.8818181818181818,0,1,0,0
-0.6562500000000094,-0.6956521739130499,0.8429319371727748,-0.8676470588235299,0.8090909090909091,0,1,0,0
1.0312499999999893,0.7826086956521503,0.16230366492146597,-0.5073529411764707,0.9363636363636364,1,0,0,0
-0.28125000000001166,0.0,0.16230366492146597,-0.17647058823529407,-0.8818181818181818,0,1,0,0
-0.9062500000000139,-0.9565217391304498,2.5445026178010473,-1.455882352941177,0.7181818181818181,0,1,0,0
0.6562499999999917,0.6086956521739002,0.2356020942408377,-0.5661764705882357,-0.23636363636363636,0,1,0,0
0.0,-0.5217391304347998,0.2356020942408377,-0.12500000000000025,-0.6909090909090909,0,0,1,0
-0.5000000000000089,-0.21739130434782503,-0.4293193717277487,0.9926470588235299,0.13636363636363635,0,1,0,0
-0.25000000000000444,-0.5217391304347998,-0.6649214659685864,1.485294117647059,0.509090909090909,0,1,0,0
-0.5625000000000056,-0.913043478260875,0.39267015706806285,-0.1691176470588239,-0.05454545454545454,0,1,0,0
-0.406250000000005,-0.652173913043475,-0.28272251308900526,0.6838235294117648,0.39090909090909093,1,0,0,0
0.593749999999995,0.4782608695652002,0.6387434554973822,-0.6911764705882357,0.7454545454545455,0,0,1,0
0.40624999999998723,0.17391304347825012,-0.07329842931937172,0.25,-0.08181818181818182,0,1,0,0
0.12499999999999334,0.2608695652173752,0.5392670157068062,-0.48529411764705915,0.12727272727272726,0,1,0,0
-0.031250000000007216,0.5652173913043252,-0.6230366492146597,0.4411764705882355,-0.9090909090909091,0,0,1,0
-0.7812500000000028,-0.652173913043475,-0.5916230366492147,0.9779411764705884,0.6181818181818182,0,0,1,0
0.15625000000000056,-0.2608695652173999,1.905759162303665,-1.2573529411764712,1.2272727272727273,0,1,0,0
-0.28125000000001166,-0.5217391304347998,-0.38219895287958117,-0.07352941176470591,0.09090909090909091,0,1,0,0
-1.0312500000000073,-0.9565217391304498,-0.6858638743455497,0.6544117647058825,0.3,0,1,0,0
0.7499999999999956,0.9130434782608502,0.3717277486910995,-0.10294117647058817,-0.7,0,1,0,0
-0.15625000000000056,0.04347826086955017,-0.8900523560209425,0.8161764705882357,-0.6090909090909091,0,1,0,0
-0.5937500000000128,-0.4782608695652249,0.7329842931937173,-0.4411764705882355,-0.14545454545454545,0,1,0,0
0.7812500000000028,0.652173913043475,0.38219895287958117,-0.39705882352941185,0.6818181818181818,0,1,0,0
-0.15625000000000056,-0.39130434782609985,-0.4083769633507853,0.4264705882352941,0.23636363636363636,0,1,0,0
0.21874999999999722,0.7826086956521503,-0.7696335078534031,0.3088235294117645,0.9727272727272728,0,0,1,0
-0.8750000000000067,-0.56521739130435,-0.17801047120418848,0.29411764705882365,0.39090909090909093,0,0,1,0
-0.8437500000000172,-0.782608695652175,-0.3089005235602094,0.286764705882353,-0.8090909090909091,0,0,1,0
-0.7812500000000028,-0.6086956521739249,-0.4973821989528796,0.8382352941176473,-0.9363636363636364,0,0,1,0
0.8124999999999922,0.13043478260867525,-0.07329842931937172,0.19117647058823548,-0.6727272727272727,0,1,0,0
-0.81250000000001,-0.39130434782609985,1.1099476439790577,-0.8897058823529417,-0.7,0,1,0,0
0.9062499999999961,1.086956521739125,-0.581151832460733,0.20588235294117635,-0.11818181818181818,0,0,1,0
0.6562499999999917,0.34782608695650025,0.09947643979057591,-0.30882352941176505,-0.41818181818181815,1,0,0,0
-0.6562500000000094,-0.782608695652175,0.8324607329842932,-0.5441176470588237,-0.9727272727272728,0,1,0,0
0.09374999999998612,-0.13043478260869995,-0.38219895287958117,0.2426470588235293,0.8272727272727273,0,0,1,0
-0.28125000000001166,-0.6956521739130499,-0.8429319371727748,0.5441176470588237,0.36363636363636365,1,0,0,0
0.031249999999989453,0.652173913043475,-0.4607329842931937,1.1544117647058825,-0.22727272727272727,0,0,1,0
0.0,0.521739130434775,1.2827225130890052,-0.9926470588235299,-0.5909090909090909,0,0,1,0
0.6874999999999989,0.8260869565217251,-0.7801047120418848,0.8897058823529417,0.5272727272727272,0,1,0,0
0.6562499999999917,0.6086956521739002,0.44502617801047123,-0.6985294117647062,-0.6181818181818182,0,1,0,0
-1.3125000000000189,-1.5217391304347752,-0.47643979057591623,0.06617647058823521,0.01818181818181818,0,1,0,0
0.5624999999999878,0.21739130434782503,-0.21465968586387435,-0.095588235294118,-0.7727272727272727,0,1,0,0
0.593749999999995,0.3043478260869501,-0.3036649214659686,0.45588235294117635,-0.8181818181818182,0,0,1,0
0.7499999999999956,0.04347826086955017,1.2984293193717278,-0.7058823529411768,-0.15454545454545454,0,0,1,0
-0.37500000000001554,-0.6956521739130499,-0.4607329842931937,1.0220588235294121,-0.9181818181818182,1,0,0,0
-0.5000000000000089,-0.7391304347826249,1.2041884816753927,-1.0367647058823535,-0.9,0,1,0,0
-0.8750000000000067,-0.8260869565217499,-0.06806282722513089,0.06617647058823521,-0.8272727272727273,0,1,0,0
0.40624999999998723,0.2608695652173752,1.0628272251308901,-0.8970588235294124,0.5727272727272728,0,1,0,0
-0.7500000000000133,-0.43478260869565005,0.3089005235602094,-0.24264705882352983,0.5909090909090909,0,1,0,0
1.2500000000000044,1.30434782608695,0.24607329842931938,-0.6764705882352946,-0.8909090909090909,0,1,0,0
0.0,-0.4782608695652249,-0.9895287958115183,1.330882352941177,0.06363636363636363,0,1,0,0
0.0,-0.3043478260869748,0.2931937172774869,-0.029411764705882262,-0.7545454545454545,0,1,0,0
1.0312499999999893,0.6086956521739002,0.29842931937172773,-0.2720588235294121,0.06363636363636363,0,0,1,0
0.7812500000000028,0.39130434782607515,-0.7015706806282722,1.4632352941176476,-0.12727272727272726,0,1,0,1
-0.031250000000007216,-0.08695652173914978,0.774869109947644,-0.882352941176471,0.06363636363636363,0,0,1,0
0.12499999999999334,-0.13043478260869995,-0.32460732984293195,0.6397058823529411,0.8454545454545455,0,1,0,0
-0.7812500000000028,-0.7391304347826249,-0.225130890052356,0.01470588235294087,0.8,0,1,0,0
0.09374999999998612,0.7391304347826001,0.6963350785340314,-0.5735294117647064,-0.9090909090909091,0,1,0,0
0.46875000000000167,0.17391304347825012,-0.5549738219895288,0.6838235294117648,-0.02727272727272727,0,1,0,0
-0.031250000000007216,-0.3043478260869748,2.654450261780105,-1.477941176470589,-0.4727272727272727,0,1,0,0
0.6562499999999917,0.6956521739130253,-0.07853403141361257,0.3308823529411766,0.6454545454545455,0,1,0,0
0.09374999999998612,0.4782608695652002,-0.7172774869109948,1.1764705882352946,0.6363636363636364,0,0,1,0
0.09374999999998612,0.8260869565217251,0.6701570680628273,-0.38235294117647095,0.07272727272727272,0,1,0,0
-0.81250000000001,-0.3043478260869748,-0.7068062827225131,0.38235294117647045,0.2,1,0,0,0
0.031249999999989453,0.6956521739130253,0.5235602094240838,-0.7058823529411768,0.6272727272727273,0,1,0,0
-1.0312500000000073,-1.0,-0.12041884816753927,-0.05147058823529435,0.13636363636363635,0,1,0,0
-0.18750000000000777,0.3043478260869501,0.35602094240837695,-0.13970588235294112,-0.3,0,1,0,0
0.6562499999999917,0.6086956521739002,-0.28272251308900526,0.3235294117647059,0.05454545454545454,0,0,1,0
-0.3437500000000083,0.04347826086955017,0.806282722513089,-0.5735294117647064,-0.39090909090909093,0,0,1,0
0.40624999999998723,0.39130434782607515,-0.08900523560209424,-0.2647058823529414,-0.14545454545454545,0,0,1,0
-0.18750000000000777,0.2608695652173752,-0.7277486910994765,0.6911764705882355,-0.9727272727272728,0,0,1,0
0.8749999999999889,0.9999999999999752,-0.41361256544502617,0.6911764705882355,0.43636363636363634,0,1,0,0
0.3125000000000011,0.39130434782607515,-0.6544502617801047,0.808823529411765,0.7545454545454545,0,1,0,0
0.12499999999999334,-0.13043478260869995,-0.45549738219895286,0.6176470588235295,0.02727272727272727,0,0,1,0
0.6562499999999917,0.5652173913043252,1.3141361256544504,-0.9705882352941183,-0.6727272727272727,0,1,0,0
-0.7187500000000061,-0.782608695652175,-0.02617801047120419,0.5294117647058822,0.4818181818181818,0,1,0,0
-0.37500000000001554,-0.04347826086957489,0.680628272251309,-0.6544117647058828,-0.2818181818181818,0,1,0,0
-0.8437500000000172,-0.652173913043475,1.6596858638743455,-1.1397058823529416,-0.2545454545454545,0,1,0,0
-0.1250000000000111,0.34782608695650025,0.612565445026178,-0.21323529411764705,0.8727272727272727,0,0,1,0
-0.81250000000001,-0.39130434782609985,0.14136125654450263,-0.007352941176470696,0.9,0,0,1,0
0.6562499999999917,0.43478260869565005,-0.5706806282722513,1.0000000000000004,0.3,0,1,0,0
0.3125000000000011,0.17391304347825012,0.13612565445026178,-0.10294117647058817,-0.14545454545454545,0,1,0,0
0.12499999999999334,0.21739130434782503,2.3403141361256545,-1.455882352941177,0.9181818181818182,0,1,0,0
0.6874999999999989,0.7391304347826001,0.5340314136125655,-0.3602941176470589,0.4090909090909091,0,1,0,0
-0.5625000000000056,-0.39130434782609985,1.4659685863874345,-0.8676470588235299,0.20909090909090908,0,0,1,0
-0.28125000000001166,0.17391304347825012,0.2356020942408377,-0.48529411764705915,-0.6545454545454545,0,0,1,0
-0.5312500000000161,-0.6086956521739249,-0.4293193717277487,1.514705882352942,0.10909090909090909,0,0,1,1
0.7187499999999883,0.39130434782607515,-0.9738219895287958,1.4191176470588238,0.6545454545454545,0,1,0,0
0.18749999999999,-0.3043478260869748,0.450261780104712,-0.3750000000000003,-0.5,0,0,1,0
0.2812499999999939,0.17391304347825012,0.5130890052356021,-0.5073529411764707,-0.2727272727272727,0,1,0,0
-0.3437500000000083,0.08695652173912506,1.6963350785340314,-0.8897058823529417,0.6454545454545455,0,0,1,0
0.7187499999999883,0.04347826086955017,-0.8219895287958116,1.6397058823529416,-0.00909090909090909,0,1,0,1
0.2812499999999939,0.652173913043475,-1.057591623036649,1.095588235294118,-0.8909090909090909,0,0,1,0
-0.8437500000000172,-0.5217391304347998,-0.8115183246073299,1.3970588235294124,0.8545454545454545,0,0,1,0
-0.6562500000000094,-1.0,-0.46596858638743455,0.8529411764705886,0.3,0,1,0,0
0.3749999999999978,0.13043478260867525,-0.8219895287958116,0.48529411764705915,-0.15454545454545454,0,1,0,0
1.2500000000000044,1.4347826086956252,0.07853403141361257,0.1691176470588234,-0.01818181818181818,0,0,1,0
0.18749999999999,0.04347826086955017,-0.8115183246073299,1.0808823529411766,-0.5181818181818182,0,1,0,0
-0.8750000000000067,-0.782608695652175,1.0157068062827226,-0.9338235294117653,0.12727272727272726,0,0,1,0
-1.0312500000000073,-1.086956521739125,0.23036649214659685,-0.2647058823529414,0.6545454545454545,0,1,0,0
-0.3125000000000011,-0.3043478260869748,-0.33507853403141363,0.3014705882352943,-0.22727272727272727,0,1,0,0
0.3125000000000011,0.34782608695650025,-0.5602094240837696,0.36764705882352955,-0.8636363636363636,0,0,1,0
1.0,0.7391304347826001,-0.32460732984293195,0.35294117647058815,-0.41818181818181815,0,0,1,0
0.031249999999989453,0.39130434782607515,1.4345549738219896,-0.9264705882352946,0.4,1,0,0,0
-0.031250000000007216,0.5652173913043252,-0.6282722513089005,0.6985294117647062,-0.05454545454545454,0,1,0,0
-0.3437500000000083,0.13043478260867525,0.005235602094240838,-0.4264705882352946,-0.5363636363636364,0,1,0,0
-0.406250000000005,-0.13043478260869995,0.31413612565445026,-0.095588235294118,-0.38181818181818183,1,0,0,0
-0.5625000000000056,-0.5217391304347998,1.0052356020942408,-0.6911764705882357,0.6090909090909091,0,1,0,0
0.40624999999998723,0.2608695652173752,0.5968586387434555,-0.4264705882352946,-0.05454545454545454,0,0,1,0
0.7499999999999956,0.8260869565217251,1.6910994764397906,-1.0882352941176476,0.8727272727272727,0,0,1,0
-1.2500000000000044,-1.2608695652173998,0.5863874345549738,-0.683823529411765,-0.8090909090909091,0,1,0,0
0.15625000000000056,0.8260869565217251,-0.06806282722513089,-0.02205882352941209,-0.11818181818181818,0,0,1,0
1.0624999999999967,1.2608695652173751,-0.05759162303664921,0.4411764705882355,-0.16363636363636364,0,0,1,0
0.3749999999999978,0.521739130434775,-0.3612565445026178,0.7132352941176471,-0.8272727272727273,0,1,0,0
1.2187499999999971,1.3478260869565002,-1.2146596858638743,2.095588235294118,0.4909090909090909,1,0,0,1
-0.6562500000000094,-1.1304347826087,0.9424083769633508,-0.9044117647058828,-0.7363636363636363,1,0,0,0
-0.6562500000000094,-0.5217391304347998,0.5445026178010471,-0.17647058823529407,-0.5272727272727272,0,1,0,0
-0.06250000000001443,0.08695652173912506,0.7068062827225131,-0.808823529411765,0.4090909090909091,0,1,0,0
-0.81250000000001,-0.5217391304347998,-0.193717277486911,0.21323529411764705,-0.8363636363636363,0,1,0,0
-0.46875000000000167,-0.13043478260869995,1.774869109947644,-1.4705882352941182,0.3181818181818182,0,1,0,0
0.24999999999998668,0.17391304347825012,0.3507853403141361,0.0,-0.2545454545454545,0,1,0,0
0.12499999999999334,0.7391304347826001,0.6963350785340314,-0.41911764705882393,-0.9545454545454546,0,0,1,0
0.7499999999999956,0.13043478260867525,-0.4607329842931937,0.595588235294118,0.09090909090909091,0,1,0,0
-0.3437500000000083,0.04347826086955017,0.93717277486911,-0.8308823529411768,-0.5272727272727272,0,1,0,0
-0.9062500000000139,-0.9565217391304498,-0.8691099476439791,1.3235294117647065,0.7,0,1,0,0
0.8124999999999922,0.21739130434782503,0.3193717277486911,-0.4264705882352946,-0.9727272727272728,0,1,0,0
-0.5312500000000161,-0.8260869565217499,-0.16753926701570682,0.5073529411764707,0.9727272727272728,0,1,0,0
-0.9062500000000139,-0.9565217391304498,-0.2774869109947644,-0.21323529411764705,0.4,1,0,0,0
0.3749999999999978,0.13043478260867525,-0.3298429319371728,0.10294117647058817,0.8181818181818182,0,1,0,0
-0.3437500000000083,-0.782608695652175,-0.6596858638743456,0.5220588235294121,-0.6545454545454545,0,0,1,0
0.9062499999999961,0.4782608695652002,-0.49214659685863876,0.13235294117647042,-0.08181818181818182,0,1,0,0
-0.406250000000005,-0.43478260869565005,-0.7382198952879581,0.3897058823529411,0.05454545454545454,0,1,0,0
-0.25000000000000444,-0.43478260869565005,-0.5445026178010471,0.882352941176471,-0.7272727272727273,0,1,0,0
0.34374999999999056,0.2608695652173752,0.9057591623036649,-0.5661764705882357,-0.08181818181818182,0,1,0,0
-0.406250000000005,-0.17391304347827483,-0.2879581151832461,0.3455882352941175,-0.6909090909090909,0,0,1,0
-0.18750000000000777,-0.08695652173914978,-0.5287958115183246,0.8529411764705886,-0.44545454545454544,0,1,0,0
0.6874999999999989,0.6956521739130253,0.5654450261780105,-0.11029411764705888,0.32727272727272727,0,1,0,0
-0.6875000000000167,-0.4782608695652249,0.6596858638743456,-0.8161764705882357,-0.7363636363636363,0,1,0,0
0.6562499999999917,0.521739130434775,2.2408376963350785,-1.3382352941176479,-0.05454545454545454,0,0,1,0
0.43749999999999445,0.2608695652173752,-0.7539267015706806,0.5147058823529413,0.07272727272727272,0,0,1,0
-0.8437500000000172,-0.782608695652175,1.418848167539267,-0.8235294117647064,0.5363636363636364,0,0,1,0
-0.218750000000015,0.34782608695650025,-0.15706806282722513,0.0,-0.9090909090909091,0,0,1,0
-0.4375000000000122,-0.13043478260869995,0.450261780104712,-0.6102941176470591,1.0,0,1,0,0
-0.1250000000000111,0.08695652173912506,-0.21465968586387435,0.022058823529411565,-0.8,1,0,0,0
-0.031250000000007216,-0.17391304347827483,-0.9267015706806283,1.6029411764705888,-0.24545454545454545,0,1,0,0
-0.6250000000000022,-0.34782608695652495,-0.8952879581151832,0.8014705882352944,-0.3181818181818182,1,0,0,0
1.093750000000004,0.9565217391304252,2.157068062827225,-1.3088235294117654,0.08181818181818182,0,0,1,0
0.3749999999999978,0.2608695652173752,0.1518324607329843,0.04411764705882365,0.6454545454545455,0,0,1,0
-0.7812500000000028,-0.652173913043475,-0.12041884816753927,-0.02205882352941209,-0.8,1,0,0,0
-0.5312500000000161,-0.4782608695652249,4.193717277486911,-1.8382352941176479,-0.16363636363636364,0,1,0,0
-0.6875000000000167,-1.043478260869575,-1.0209424083769634,1.1102941176470593,-0.18181818181818182,0,1,0,0
0.06249999999999667,0.521739130434775,-0.8952879581151832,1.5000000000000004,0.045454545454545456,0,1,0,0
-0.81250000000001,-0.8260869565217499,0.5602094240837696,-0.4779411764705884,0.07272727272727272,0,1,0,0
-0.6250000000000022,-0.6086956521739249,-0.7382198952879581,0.6985294117647062,0.4636363636363636,0,0,1,0
0.43749999999999445,0.2608695652173752,1.9267015706806283,-1.3823529411764712,0.4090909090909091,0,0,1,0
-0.8437500000000172,-0.652173913043475,-0.2670157068062827,0.08088235294117661,0.8181818181818182,0,0,1,0
0.12499999999999334,0.2608695652173752,-0.07853403141361257,-0.05147058823529435,0.4727272727272727,0,1,0,0
-0.9375000000000033,-0.8260869565217499,-0.5445026178010471,0.18382352941176477,0.7909090909090909,0,1,0,0
0.4999999999999911,0.39130434782607515,0.0,0.3455882352941175,0.24545454545454545,0,1,0,0
0.8124999999999922,0.8695652173913001,0.5235602094240838,-0.558823529411765,0.37272727272727274,1,0,0,0
1.093750000000004,1.2173913043478004,-0.6387434554973822,1.3014705882352944,-0.7272727272727273,0,1,0,0
0.18749999999999,0.43478260869565005,-0.3298429319371728,0.21323529411764705,0.37272727272727274,0,1,0,0
0.5312499999999983,0.2608695652173752,-0.43455497382198954,0.8750000000000002,-0.17272727272727273,0,0,1,0
-0.218750000000015,-0.43478260869565005,0.8743455497382199,-0.30882352941176505,-0.35454545454545455,0,1,0,0
-0.031250000000007216,0.5652173913043252,1.8900523560209423,-1.2352941176470593,-0.9545454545454546,0,0,1,0
1.1562500000000007,1.17391304347825,-0.45549738219895286,1.36764705882353,0.44545454545454544,0,1,0,0
-0.46875000000000167,-0.13043478260869995,-1.1727748691099475,1.1617647058823533,0.4090909090909091,1,0,0,0
-0.25000000000000444,-0.6086956521739249,-0.09947643979057591,0.029411764705882262,0.9636363636363636,0,1,0,0
-0.7187500000000061,-1.1304347826087,-0.6020942408376964,-0.007352941176470696,0.4727272727272727,0,1,0,0
-0.1250000000000111,0.4782608695652002,0.29842931937172773,0.27941176470588225,0.17272727272727273,0,0,1,0
-0.1250000000000111,-0.34782608695652495,0.225130890052356,-0.21323529411764705,-0.9363636363636364,0,1,0,0
-0.6875000000000167,-1.043478260869575,0.33507853403141363,-0.39705882352941185,-0.3,0,1,0,0
-0.9062500000000139,-0.782608695652175,1.5235602094240839,-0.9264705882352946,-0.6272727272727273,0,0,1,0
-0.9687500000000105,-0.9565217391304498,-0.1256544502617801,-0.06617647058823521,0.4,0,1,0,0
0.46875000000000167,0.0,-0.9267015706806283,0.595588235294118,-0.2727272727272727,0,1,0,1
0.3125000000000011,0.43478260869565005,-0.6230366492146597,0.17647058823529407,0.7090909090909091,0,0,1,0
-0.031250000000007216,0.5652173913043252,-0.08376963350785341,0.08088235294117661,-0.7727272727272727,0,1,0,0
0.46875000000000167,0.34782608695650025,0.6282722513089005,-0.4411764705882355,-0.4636363636363636,0,1,0,0
-1.0312500000000073,-1.0,0.6492146596858639,-0.7058823529411768,0.09090909090909091,1,0,0,0
0.0,-0.4782608695652249,-0.518324607329843,1.0808823529411766,-0.7090909090909091,0,1,0,0
0.6874999999999989,0.0,0.7853403141361257,-0.7647058823529417,-0.6636363636363637,0,1,0,0
-0.8437500000000172,-0.782608695652175,-0.3769633507853403,0.21323529411764705,0.05454545454545454,0,1,0,0
0.3749999999999978,0.21739130434782503,0.13612565445026178,0.12499999999999974,0.6272727272727273,0,1,0,0
-0.28125000000001166,-0.6956521739130499,-0.06806282722513089,0.22794117647058842,0.4636363636363636,0,1,0,0
0.09374999999998612,-0.17391304347827483,-0.07853403141361257,0.15441176470588253,0.23636363636363636,0,0,1,0
-0.6875000000000167,-0.56521739130435,0.518324607329843,-0.5882352941176473,-0.43636363636363634,0,0,1,0
0.0,0.5652173913043252,-0.5916230366492147,0.882352941176471,-0.11818181818181818,0,0,1,0
-0.7812500000000028,-0.4782608695652249,2.0,-1.0955882352941182,-0.7545454545454545,1,0,0,0
-0.7500000000000133,-0.5217391304347998,1.2513089005235603,-1.0147058823529416,-0.7545454545454545,0,1,0,0
-0.7187500000000061,-1.217391304347825,1.8638743455497382,-1.1838235294117654,0.6454545454545455,0,1,0,0
-0.031250000000007216,0.6086956521739002,1.617801047120419,-0.8676470588235299,-0.11818181818181818,0,1,0,0
-0.5312500000000161,-0.8260869565217499,0.42408376963350786,0.06617647058823521,0.7636363636363637,0,0,1,0
1.1562500000000007,1.17391304347825,0.7486910994764397,-0.3161764705882357,0.32727272727272727,0,1,0,0
0.18749999999999,0.39130434782607515,-0.03664921465968586,-0.13235294117647095,-0.07272727272727272,0,1,0,0
-1.406250000000005,-1.69565217391305,-0.41361256544502617,0.17647058823529407,-0.44545454545454544,0,1,0,0
-0.406250000000005,-0.6086956521739249,0.6910994764397905,-0.3602941176470589,-0.5454545454545454,0,1,0,0
0.46875000000000167,-0.08695652173914978,-0.5549738219895288,0.2647058823529414,-0.045454545454545456,0,1,0,0
-0.406250000000005,-0.6956521739130499,1.0890052356020943,-0.8529411764705886,0.3,0,0,1,0
0.09374999999998612,0.13043478260867525,-0.08900523560209424,0.45588235294117635,-0.5363636363636364,0,1,0,0
0.9687499999999928,0.6086956521739002,0.05235602094240838,-0.16176470588235323,-0.9727272727272728,0,1,0,0
0.40624999999998723,0.13043478260867525,0.2617801047120419,0.3382352941176473,0.6,0,0,1,0
0.2812499999999939,0.34782608695650025,1.6701570680628273,-1.3602941176470593,0.5545454545454546,0,1,0,0
-0.8750000000000067,-0.6956521739130499,0.1099476439790576,0.676470588235294,0.6272727272727273,0,0,1,0
-0.8437500000000172,-0.6956521739130499,-0.21465968586387435,0.19852941176470565,-0.35454545454545455,0,1,0,0
0.6874999999999989,0.7391304347826001,1.5759162303664922,-1.1102941176470593,-0.5818181818181818,1,0,0,0
-0.218750000000015,-0.4782608695652249,0.5759162303664922,-0.5808823529411766,0.6454545454545455,0,1,0,0
1.0312499999999893,1.17391304347825,-0.7486910994764397,0.7867647058823529,-0.11818181818181818,0,1,0,0
-0.9062500000000139,-0.6956521739130499,0.3717277486910995,-0.3161764705882357,-0.10909090909090909,0,1,0,0
-0.5625000000000056,-0.2608695652173999,0.29842931937172773,-0.23529411764705913,0.21818181818181817,0,0,1,0
0.7187499999999883,0.7391304347826001,-0.2617801047120419,0.14705882352941183,-0.01818181818181818,0,0,1,0
0.12499999999999334,0.3043478260869501,1.1780104712041886,-1.0147058823529416,0.16363636363636364,0,1,0,0
1.0,0.521739130434775,-0.5759162303664922,0.5367647058823529,-0.8090909090909091,0,1,0,0
1.0624999999999967,1.2608695652173751,-0.19895287958115182,0.06617647058823521,-0.4636363636363636,0,1,0,0
0.15625000000000056,0.04347826086955017,0.6230366492146597,-0.4411764705882355,-0.9454545454545454,0,1,0,0
-0.5625000000000056,-0.9565217391304498,-0.35602094240837695,-0.014705882352941391,0.32727272727272727,0,1,0,0
0.5624999999999878,0.17391304347825012,2.0366492146596857,-1.3455882352941182,0.6363636363636364,0,1,0,0
1.312500000000001,1.3913043478260751,1.4240837696335078,-1.11764705882353,-0.6181818181818182,0,1,0,0
0.3125000000000011,0.17391304347825012,0.7486910994764397,-0.6911764705882357,-0.2818181818181818,0,0,1,0
-1.0625000000000144,-0.8695652173913001,0.13089005235602094,0.45588235294117635,0.8727272727272727,1,0,0,0
0.6874999999999989,0.6956521739130253,-0.2617801047120419,0.17647058823529407,-0.4636363636363636,0,0,1,0
-0.4375000000000122,-0.6956521739130499,-0.6701570680628273,0.463235294117647,-0.5363636363636364,0,1,0,0
0.6250000000000022,0.4782608695652002,-0.450261780104712,0.5808823529411766,-0.8545454545454545,0,1,0,0
-0.8437500000000172,-0.7391304347826249,-0.08376963350785341,0.4485294117647062,0.39090909090909093,1,0,0,0
1.093750000000004,0.7826086956521503,-0.15706806282722513,0.7352941176470591,-0.20909090909090908,0,1,0,0
-0.218750000000015,0.21739130434782503,-0.44502617801047123,0.9558823529411768,-0.8818181818181818,0,1,0,0
1.093750000000004,0.8260869565217251,1.6963350785340314,-1.2352941176470593,-0.03636363636363636,0,1,0,0
-0.5625000000000056,-0.4782608695652249,1.675392670157068,-1.0441176470588243,0.6727272727272727,1,0,0,0
-0.6250000000000022,-1.0,0.5392670157068062,-0.5220588235294121,0.20909090909090908,0,1,0,0
0.6874999999999989,0.4782608695652002,-0.612565445026178,0.9852941176470591,-0.43636363636363634,0,1,0,0
0.7187499999999883,0.0,-0.44502617801047123,0.8970588235294118,0.3090909090909091,0,1,0,0
0.593749999999995,-0.08695652173914978,-1.0209424083769634,1.2867647058823535,0.8181818181818182,0,1,0,1
0.6562499999999917,0.3043478260869501,-0.8010471204188482,1.2132352941176476,-0.2818181818181818,0,1,0,0
-0.8437500000000172,-0.652173913043475,0.7329842931937173,-0.6691176470588239,-0.16363636363636364,0,0,1,0
-0.37500000000001554,0.0,-0.2356020942408377,0.3088235294117645,0.44545454545454544,1,0,0,0
0.5312499999999983,0.3043478260869501,0.38219895287958117,-0.11029411764705888,-0.6272727272727273,0,1,0,0
-0.406250000000005,-0.652173913043475,0.4712041884816754,-0.3382352941176473,0.6181818181818182,0,1,0,0
0.15625000000000056,0.7826086956521503,-0.2094240837696335,-0.13970588235294112,-0.6,0,1,0,0
-0.3437500000000083,0.08695652173912506,2.230366492146597,-1.1544117647058831,0.6636363636363637,0,1,0,0
0.15625000000000056,0.2608695652173752,-0.8586387434554974,0.9411764705882355,-0.9727272727272728,0,0,1,0
0.6562499999999917,0.39130434782607515,1.7225130890052356,-1.24264705882353,-0.33636363636363636,0,1,0,0
1.0312499999999893,1.17391304347825,-0.6649214659685864,0.9779411764705884,-0.08181818181818182,0,1,0,0
0.09374999999998612,0.6086956521739002,1.0523560209424083,-0.7647058823529417,-0.03636363636363636,0,1,0,0
0.7812500000000028,0.652173913043475,0.07853403141361257,-0.08088235294117661,0.7,0,0,1,0
1.0312499999999893,1.1304347826086751,-0.7643979057591623,1.1176470588235297,-0.6909090909090909,0,0,1,0
0.15625000000000056,0.0,-1.0785340314136125,0.7279411764705884,0.20909090909090908,0,1,0,0
-0.9062500000000139,-0.782608695652175,0.39267015706806285,-0.1691176470588239,-0.9454545454545454,0,0,1,0
0.21874999999999722,0.2608695652173752,-0.6910994764397905,0.3382352941176473,0.8909090909090909,0,0,1,0
0.6562499999999917,0.43478260869565005,-0.3612565445026178,1.3602941176470593,-0.045454545454545456,0,0,1,0
0.5624999999999878,0.39130434782607515,-1.1204188481675392,1.0882352941176474,0.19090909090909092,0,1,0,0
0.3125000000000011,0.34782608695650025,0.25654450261780104,-0.16176470588235323,0.17272727272727273,0,0,1,0
1.1249999999999933,0.9999999999999752,-0.9790575916230366,1.4117647058823533,0.2727272727272727,0,1,0,0
1.0624999999999967,1.1304347826086751,-0.43455497382198954,0.6617647058823533,-0.5909090909090909,0,0,1,0
0.15625000000000056,0.04347826086955017,-1.4136125654450262,0.8970588235294118,-0.7636363636363637,0,0,1,0
0.031249999999989453,0.08695652173912506,-1.5759162303664922,1.4264705882352946,-0.6090909090909091,0,1,0,0
-1.0000000000000178,-0.913043478260875,0.09424083769633508,-0.4117647058823532,-0.20909090909090908,0,1,0,0
-0.6562500000000094,-0.913043478260875,0.1099476439790576,-0.22794117647058842,-0.5272727272727272,0,1,0,0
-0.8437500000000172,-0.782608695652175,1.1518324607329844,-0.8308823529411768,-0.6727272727272727,0,1,0,0
0.7187499999999883,0.7391304347826001,0.18848167539267016,-0.014705882352941391,-0.05454545454545454,0,0,1,0
1.0624999999999967,1.2173913043478004,1.9895287958115184,-1.2352941176470593,-0.06363636363636363,0,0,1,0
-0.37500000000001554,-0.5217391304347998,-0.2774869109947644,0.5441176470588237,-0.8909090909090909,0,1,0,0
0.031249999999989453,-0.2608695652173999,-0.3612565445026178,0.8382352941176473,0.7454545454545455,0,0,1,0
-0.28125000000001166,-0.56521739130435,0.5340314136125655,-0.6617647058823533,0.6727272727272727,0,1,0,0
0.7499999999999956,0.3043478260869501,0.387434554973822,-0.23529411764705913,0.4636363636363636,0,1,0,0
0.5624999999999878,0.13043478260867525,0.07853403141361257,-0.4411764705882355,0.43636363636363634,0,1,0,0
0.09374999999998612,0.6086956521739002,0.8324607329842932,-0.8161764705882357,0.2727272727272727,1,0,0,0
1.2500000000000044,1.30434782608695,0.2774869109947644,-0.2794117647058828,-0.19090909090909092,0,1,0,0
0.06249999999999667,0.7391304347826001,2.6230366492146597,-1.5073529411764712,-0.8636363636363636,0,1,0,0
1.1249999999999933,0.9999999999999752,0.16753926701570682,-0.11029411764705888,0.0,0,1,0,0
-0.6250000000000022,-0.39130434782609985,-0.225130890052356,0.4191176470588234,-0.24545454545454545,0,0,1,0
0.5624999999999878,0.4782608695652002,0.806282722513089,-0.808823529411765,-0.7636363636363637,0,1,0,0
0.6562499999999917,0.5652173913043252,0.6387434554973822,-0.345588235294118,-0.33636363636363636,1,0,0,0
1.18749999999999,1.3478260869565002,-0.020942408376963352,-0.19852941176470618,-0.9090909090909091,0,1,0,0
-0.7187500000000061,-1.217391304347825,-0.3403141361256545,0.3235294117647059,-0.9454545454545454,0,1,0,0
0.3125000000000011,0.9130434782608502,-0.06282722513089005,0.18382352941176477,-0.5,1,0,0,0
-0.37500000000001554,-0.5217391304347998,-0.42408376963350786,0.5514705882352944,-0.8363636363636363,0,1,0,0
-0.406250000000005,-0.6086956521739249,-0.06806282722513089,-0.4779411764705884,-0.32727272727272727,0,1,0,0
-0.28125000000001166,0.08695652173912506,-0.2094240837696335,-0.0882352941176473,0.4818181818181818,0,1,0,0
-0.6250000000000022,-1.0,-0.9790575916230366,1.2573529411764712,0.7636363636363637,0,0,1,0
-0.28125000000001166,0.21739130434782503,-0.3612565445026178,0.6102941176470589,0.41818181818181815,1,0,0,0
0.46875000000000167,0.2608695652173752,2.6649214659685865,-1.4264705882352948,0.6454545454545455,0,0,1,0
-0.81250000000001,-0.652173913043475,-1.2722513089005236,0.9926470588235299,0.2727272727272727,0,1,0,0
-0.06250000000001443,-0.39130434782609985,0.8115183246073299,-0.3897058823529417,-0.8272727272727273,0,1,0,0
-0.5000000000000089,-0.782608695652175,1.612565445026178,-1.1323529411764712,-0.7272727272727273,0,1,0,0
-0.81250000000001,-0.8695652173913001,-0.17801047120418848,0.3455882352941175,-0.9272727272727272,0,0,1,0
0.09374999999998612,-0.21739130434782503,0.10471204188481675,-0.11764705882352956,0.15454545454545454,0,1,0,0
0.2812499999999939,0.39130434782607515,0.02617801047120419,0.5,0.05454545454545454,0,0,1,0
0.6562499999999917,0.43478260869565005,0.7172774869109948,-0.5367647058823535,-0.2727272727272727,0,0,1,0
-0.5312500000000161,-0.34782608695652495,-0.5916230366492147,0.9926470588235299,-0.9272727272727272,0,0,1,0
0.40624999999998723,0.21739130434782503,-0.20418848167539266,-0.19852941176470618,-0.3,0,0,1,0
1.0624999999999967,0.8260869565217251,-0.5549738219895288,0.9411764705882355,-0.24545454545454545,1,0,0,0
0.031249999999989453,0.0,-0.3298429319371728,0.808823529411765,-0.6,0,1,0,0
-0.6250000000000022,-1.043478260869575,0.8429319371727748,-0.9191176470588239,0.34545454545454546,0,1,0,0
-0.3437500000000083,0.0,2.774869109947644,-1.5294117647058831,-0.8363636363636363,0,1,0,0
0.6874999999999989,0.39130434782607515,0.806282722513089,-0.6617647058823533,-0.9454545454545454,0,1,0,0
1.0624999999999967,1.086956521739125,-0.03664921465968586,-0.08088235294117661,-0.7818181818181819,0,1,0,0
-0.1250000000000111,-0.39130434782609985,-0.8219895287958116,1.2720588235294121,0.2818181818181818,0,1,0,0
-0.5625000000000056,-0.782608695652175,-0.2670157068062827,0.39705882352941185,-0.4,0,1,0,0
-0.5937500000000128,-0.7391304347826249,0.03664921465968586,-0.014705882352941391,0.24545454545454545,0,0,1,0
-0.406250000000005,-0.08695652173914978,-0.193717277486911,0.3308823529411766,-0.37272727272727274,1,0,0,0
0.15625000000000056,0.21739130434782503,-0.39790575916230364,0.9338235294117648,-0.2909090909090909,0,0,1,0
-0.3125000000000011,-0.5217391304347998,0.9267015706806283,-0.9485294117647064,0.02727272727272727,0,1,0,0
0.3749999999999978,0.08695652173912506,-0.4397905759162304,1.1470588235294124,0.16363636363636364,0,1,0,0
-0.81250000000001,-0.3043478260869748,1.6020942408376964,-1.1617647058823535,0.02727272727272727,0,1,0,0
0.4999999999999911,0.17391304347825012,0.6387434554973822,-0.30882352941176505,0.12727272727272726,0,0,1,0
-0.4375000000000122,-0.17391304347827483,-0.7382198952879581,0.7647058823529413,-0.6636363636363637,0,0,1,0
1.0624999999999967,0.652173913043475,-0.193717277486911,0.5073529411764707,-0.24545454545454545,1,0,0,0
0.21874999999999722,0.3043478260869501,0.24083769633507854,-0.3382352941176473,-0.2545454545454545,0,0,1,0
-0.7187500000000061,-0.56521739130435,-0.4293193717277487,0.6985294117647062,-0.05454545454545454,0,1,0,0
-0.5000000000000089,-0.4782608695652249,-0.2356020942408377,0.3455882352941175,1.0,0,1,0,0
-0.3125000000000011,0.04347826086955017,-0.24607329842931938,0.6102941176470589,-0.05454545454545454,0,0,1,0
0.09374999999998612,0.7391304347826001,0.9738219895287958,-0.683823529411765,0.8090909090909091,0,1,0,0
0.6250000000000022,0.521739130434775,1.3350785340314135,-1.1544117647058831,0.8454545454545455,0,1,0,0
1.2187499999999971,1.2608695652173751,1.036649214659686,-0.7132352941176475,0.5818181818181818,1,0,0,0
0.21874999999999722,0.34782608695650025,0.9162303664921466,-0.882352941176471,-0.4,0,0,1,0
0.2812499999999939,0.21739130434782503,-0.7172774869109948,0.7720588235294121,-0.00909090909090909,1,0,0,0
-0.218750000000015,-0.34782608695652495,0.4869109947643979,-0.6102941176470591,-0.6090909090909091,0,1,0,0
0.18749999999999,0.8695652173913001,-0.02617801047120419,0.286764705882353,0.43636363636363634,0,1,0,0
0.21874999999999722,0.8260869565217251,-0.2774869109947644,0.3602941176470589,0.6909090909090909,0,0,1,0
-1.0625000000000144,-1.0,0.7486910994764397,-0.4044117647058825,1.190909090909091,0,1,0,0
-0.15625000000000056,0.34782608695650025,-1.4345549738219896,1.8455882352941184,0.9272727272727272,0,1,0,1
-0.37500000000001554,0.21739130434782503,0.5863874345549738,-0.5220588235294121,1.0363636363636364,1,0,0,0
0.593749999999995,0.13043478260867525,0.5654450261780105,-0.3308823529411766,0.09090909090909091,0,1,0,0
0.24999999999998668,0.3043478260869501,-0.1099476439790576,-0.22794117647058842,-0.9272727272727272,0,1,0,0
0.12499999999999334,-0.13043478260869995,-0.15706806282722513,0.1617647058823527,0.12727272727272726,0,0,1,0
-0.6562500000000094,-0.6086956521739249,0.0,-0.2794117647058828,-0.9272727272727272,1,0,0,0
-0.6562500000000094,-0.6086956521739249,-0.31413612565445026,0.676470588235294,-0.5,0,1,0,0
0.031249999999989453,-0.13043478260869995,0.7696335078534031,-0.7720588235294121,-0.8545454545454545,0,1,0,0
0.7812500000000028,0.6956521739130253,1.4136125654450262,-0.9558823529411768,-0.7,0,1,0,0
-0.7812500000000028,-1.30434782608695,0.12041884816753927,-0.07352941176470591,-0.6181818181818182,0,0,1,0
0.06249999999999667,0.21739130434782503,1.5863874345549738,-1.1544117647058831,-0.17272727272727273,0,1,0,0
0.5624999999999878,0.6086956521739002,-0.05759162303664921,0.051470588235293824,0.39090909090909093,0,0,1,0
0.15625000000000056,0.13043478260867525,-0.5340314136125655,0.18382352941176477,0.06363636363636363,0,1,0,0
-0.3125000000000011,0.21739130434782503,1.5078534031413613,-0.8897058823529417,0.5545454545454546,1,0,0,0
0.21874999999999722,0.4782608695652002,0.6858638743455497,-0.6029411764705886,0.6454545454545455,0,0,1,0
-0.28125000000001166,-0.56521739130435,-0.9895287958115183,0.9117647058823533,0.7818181818181819,0,0,1,0
-0.4375000000000122,-0.13043478260869995,0.14136125654450263,-0.3382352941176473,-0.9727272727272728,0,1,0,0
-0.81250000000001,-0.56521739130435,-0.450261780104712,0.7132352941176471,0.6363636363636364,0,1,0,0
-0.28125000000001166,-0.6956521739130499,-0.3036649214659686,0.3750000000000003,1.0454545454545454,0,1,0,0
0.09374999999998612,0.43478260869565005,-0.5130890052356021,1.0294117647058827,0.7818181818181819,0,1,0,0
-0.81250000000001,-0.782608695652175,0.09424083769633508,-0.13970588235294112,-0.3,0,0,1,0
0.6562499999999917,0.6086956521739002,-0.07329842931937172,-0.13235294117647095,-0.6545454545454545,0,1,0,0
0.06249999999999667,0.08695652173912506,-0.10471204188481675,0.845588235294118,-0.5181818181818182,0,1,0,0
0.031249999999989453,-0.3043478260869748,1.3036649214659686,-0.9044117647058828,0.9181818181818182,0,0,1,0
1.0312499999999893,1.1304347826086751,0.38219895287958117,0.7205882352941178,-0.7181818181818181,0,0,1,0
0.06249999999999667,0.6956521739130253,-0.7225130890052356,0.9705882352941178,0.05454545454545454,0,1,0,0
1.2812499999999938,1.4347826086956252,-0.06806282722513089,0.286764705882353,-0.6,0,1,0,0
-0.37500000000001554,0.08695652173912506,-0.7277486910994765,1.0220588235294121,-0.10909090909090909,0,1,0,0
0.24999999999998668,0.21739130434782503,0.4973821989528796,-0.345588235294118,0.7181818181818181,0,1,0,0
-0.406250000000005,-0.7391304347826249,-0.5340314136125655,0.5294117647058822,-0.8818181818181818,0,1,0,0
0.0,-0.17391304347827483,0.5130890052356021,-0.3161764705882357,0.4818181818181818,0,1,0,0
-0.25000000000000444,-0.7391304347826249,-0.3403141361256545,0.1617647058823527,-0.9727272727272728,0,0,1,0
-0.406250000000005,-0.08695652173914978,-0.08900523560209424,0.01470588235294087,0.17272727272727273,0,1,0,0
0.43749999999999445,0.2608695652173752,-0.193717277486911,0.5294117647058822,-0.2727272727272727,0,1,0,0
0.7499999999999956,0.7826086956521503,-1.2460732984293195,1.448529411764706,0.10909090909090909,0,1,0,0
0.5312499999999983,0.2608695652173752,-0.19895287958115182,-0.3161764705882357,-0.22727272727272727,0,0,1,0
0.24999999999998668,0.2608695652173752,-0.47643979057591623,1.2794117647058827,-0.8272727272727273,0,1,0,0
0.06249999999999667,0.13043478260867525,-0.05235602094240838,-0.19117647058823548,1.018181818181818,0,1,0,0
0.18749999999999,0.43478260869565005,5.104712041884817,-1.963235294117648,0.5727272727272728,0,1,0,1
-0.9687500000000105,-0.8260869565217499,1.0418848167539267,-0.6911764705882357,0.15454545454545454,0,0,1,0
0.5312499999999983,0.6086956521739002,-0.45549738219895286,0.6544117647058825,0.2636363636363636,0,0,1,0
0.9062499999999961,0.43478260869565005,0.11518324607329843,0.04411764705882365,0.6545454545454545,0,1,0,0
0.9375000000000033,0.521739130434775,-0.8743455497382199,0.9191176470588239,0.5909090909090909,0,1,0,1
-0.6875000000000167,-1.086956521739125,0.005235602094240838,0.1691176470588234,0.6636363636363637,0,1,0,0
0.9062499999999961,1.1304347826086751,-0.4031413612565445,0.4926470588235293,-0.07272727272727272,0,0,1,0
-0.9375000000000033,-0.913043478260875,-0.18848167539267016,0.19852941176470565,0.5636363636363636,0,1,0,0
0.6250000000000022,0.4782608695652002,-0.2931937172774869,0.75,-0.8727272727272727,0,1,0,0
0.21874999999999722,0.6956521739130253,-0.5549738219895288,0.25,1.0909090909090908,0,1,0,0
0.15625000000000056,-0.21739130434782503,-0.7225130890052356,0.7279411764705884,-0.33636363636363636,0,0,1,0
-0.6250000000000022,-1.043478260869575,-0.6649214659685864,1.1838235294117654,0.05454545454545454,1,0,0,0
-0.5937500000000128,-0.43478260869565005,-0.4816753926701571,0.4191176470588234,0.45454545454545453,0,0,1,0
0.3125000000000011,0.4782608695652002,0.4607329842931937,-0.3750000000000003,0.9181818181818182,0,0,1,0
0.40624999999998723,0.2608695652173752,-0.17277486910994763,0.47058823529411775,-0.05454545454545454,0,0,1,0
-0.18750000000000777,0.3043478260869501,-0.7696335078534031,1.0882352941176474,-0.3181818181818182,0,1,0,0
0.7812500000000028,0.04347826086955017,2.1989528795811517,-1.36764705882353,-0.8090909090909091,0,1,0,0
0.0,-0.17391304347827483,-0.8115183246073299,1.2647058823529413,-0.5363636363636364,0,0,1,0
-0.46875000000000167,-0.04347826086957489,0.07329842931937172,-0.08088235294117661,-0.9363636363636364,0,1,0,0
-0.09375000000000389,-0.3043478260869748,-0.12041884816753927,0.058823529411764525,-0.9545454545454546,0,1,0,0
0.2812499999999939,0.21739130434782503,0.7225130890052356,-0.4926470588235298,-0.8636363636363636,0,1,0,0
-0.3125000000000011,-0.6956521739130499,0.4397905759162304,-0.3308823529411766,-0.9545454545454546,0,0,1,0
1.0,0.6086956521739002,0.34554973821989526,-0.2573529411764707,-0.5454545454545454,0,0,1,0
0.6562499999999917,0.21739130434782503,-0.612565445026178,0.7279411764705884,0.22727272727272727,0,1,0,0
0.06249999999999667,-0.08695652173914978,0.5654450261780105,-0.8161764705882357,0.6363636363636364,0,0,1,0
0.7812500000000028,0.39130434782607515,0.450261780104712,-0.08088235294117661,0.13636363636363635,0,0,1,0
-0.4375000000000122,-0.21739130434782503,-0.2513089005235602,0.4926470588235293,0.5,0,0,1,0
0.18749999999999,0.08695652173912506,0.46596858638743455,-0.3014705882352943,-0.8454545454545455,0,1,0,0
0.15625000000000056,-0.13043478260869995,2.1465968586387434,-1.2941176470588243,0.45454545454545453,1,0,0,0
-0.5000000000000089,-0.9565217391304498,0.7172774869109948,-0.5147058823529413,0.35454545454545455,0,0,1,0
-0.81250000000001,-0.7391304347826249,-0.7015706806282722,1.0808823529411766,0.34545454545454546,0,0,1,0
0.12499999999999334,-0.17391304347827483,1.7696335078534031,-1.1397058823529416,0.32727272727272727,0,1,0,0
-0.09375000000000389,0.43478260869565005,0.5235602094240838,-0.36764705882352955,0.6545454545454545,0,1,0,0
-0.1250000000000111,-0.34782608695652495,-0.43455497382198954,0.29411764705882365,-0.42727272727272725,0,1,0,0
-0.28125000000001166,-0.7391304347826249,-0.6387434554973822,0.17647058823529407,-0.4818181818181818,0,0,1,0
0.4999999999999911,0.0,6.2408376963350785,-2.0220588235294126,-0.8818181818181818,0,1,0,0
0.46875000000000167,0.0,1.0,-1.0147058823529416,-0.8454545454545455,0,1,0,0
-0.9687500000000105,-0.782608695652175,-0.5445026178010471,1.3897058823529416,0.2545454545454545,0,1,0,0
-0.9375000000000033,-0.8260869565217499,0.13612565445026178,-0.16176470588235323,0.6909090909090909,0,0,1,0
-0.5937500000000128,-0.4782608695652249,-0.06282722513089005,-0.13235294117647095,0.12727272727272726,0,1,0,0
-0.7812500000000028,-0.4782608695652249,1.2146596858638743,-1.0073529411764712,-0.6,1,0,0,0
0.4999999999999911,0.21739130434782503,-0.05759162303664921,0.15441176470588253,-0.2,0,0,1,0
0.6874999999999989,0.7391304347826001,0.3717277486910995,0.19852941176470565,0.9818181818181818,0,1,0,0
0.2812499999999939,0.3043478260869501,0.24083769633507854,0.09558823529411747,0.12727272727272726,0,1,0,0
0.593749999999995,0.17391304347825012,-0.23036649214659685,0.22794117647058842,0.37272727272727274,1,0,0,0
0.15625000000000056,-0.3043478260869748,-0.2094240837696335,0.6691176470588239,1.1636363636363636,1,0,0,0
-0.3437500000000083,0.0,-0.7382198952879581,1.4264705882352946,-0.5545454545454546,0,1,0,0
-0.7187500000000061,-0.39130434782609985,0.9424083769633508,-0.6764705882352946,0.509090909090909,0,1,0,0
0.15625000000000056,-0.04347826086957489,-0.4397905759162304,0.1691176470588234,-0.15454545454545454,1,0,0,0
-0.8437500000000172,-0.4782608695652249,0.3403141361256545,-0.47058823529411775,0.6181818181818182,0,1,0,0
-0.5312500000000161,-0.6956521739130499,0.6963350785340314,-0.3235294117647059,0.0,0,0,1,0
0.18749999999999,0.7391304347826001,-0.8743455497382199,1.345588235294118,0.7454545454545455,0,1,0,1
0.06249999999999667,0.04347826086955017,-0.16753926701570682,0.3750000000000003,-0.5363636363636364,0,1,0,0
-1.2500000000000044,-1.3913043478260998,0.19895287958115182,-0.5514705882352944,-0.6727272727272727,1,0,0,0
0.12499999999999334,0.5652173913043252,-1.0,0.8308823529411766,-0.42727272727272725,0,0,1,0
1.0312499999999893,0.6956521739130253,1.5183246073298429,-1.0514705882352946,0.4909090909090909,0,1,0,0
-0.5625000000000056,-0.08695652173914978,0.020942408376963352,0.11029411764705888,0.045454545454545456,0,1,0,0
0.43749999999999445,0.17391304347825012,0.6963350785340314,-0.8382352941176475,-0.00909090909090909,0,1,0,0
0.3125000000000011,0.4782608695652002,-0.5026178010471204,0.9485294117647062,0.5272727272727272,0,0,1,0
-0.5625000000000056,-1.0,-0.09424083769633508,0.13970588235294112,-0.8545454545454545,0,0,1,0
0.06249999999999667,-0.2608695652173999,-0.2879581151832461,0.1691176470588234,0.34545454545454546,0,0,1,0
-0.406250000000005,-0.56521739130435,-0.32460732984293195,0.029411764705882262,-0.4,0,0,1,0
-0.25000000000000444,-0.4782608695652249,-0.03664921465968586,0.2426470588235293,-0.36363636363636365,0,0,1,0
-0.6250000000000022,-1.043478260869575,-0.46596858638743455,0.632352941176471,0.4727272727272727,0,1,0,0
-0.7500000000000133,-1.043478260869575,0.4083769633507853,-0.38235294117647095,-0.6909090909090909,0,1,0,0
-0.8750000000000067,-0.6956521739130499,-0.24607329842931938,1.0367647058823535,0.6545454545454545,0,1,0,0
-0.8750000000000067,-0.652173913043475,-0.6178010471204188,1.1102941176470593,0.44545454545454544,0,1,0,0
0.7499999999999956,0.04347826086955017,0.23036649214659685,-0.23529411764705913,-0.03636363636363636,0,1,0,0
-0.8750000000000067,-0.8695652173913001,1.356020942408377,-1.0294117647058827,0.42727272727272725,0,1,0,0
-0.15625000000000056,-0.43478260869565005,0.3717277486910995,-0.06617647058823521,-0.21818181818181817,0,1,0,0
0.3125000000000011,0.9999999999999752,-0.38219895287958117,-0.16176470588235323,0.15454545454545454,0,1,0,0
-0.1250000000000111,0.43478260869565005,-0.7853403141361257,0.5147058823529413,0.32727272727272727,1,0,0,0
-0.3125000000000011,-0.7391304347826249,-0.4031413612565445,0.573529411764706,-0.36363636363636365,0,1,0,0
0.0,0.652173913043475,0.450261780104712,-0.16176470588235323,-0.6363636363636364,1,0,0,0
0.8124999999999922,0.2608695652173752,-0.7015706806282722,0.5441176470588237,-0.8727272727272727,0,1,0,1
0.15625000000000056,-0.17391304347827483,0.4712041884816754,-0.5661764705882357,-0.2818181818181818,0,1,0,0
-0.8437500000000172,-0.6956521739130499,-0.041884816753926704,-0.1691176470588239,0.9454545454545454,0,1,0,0
-1.1562500000000184,-1.1304347826087,0.2774869109947644,-0.15441176470588253,-0.4090909090909091,1,0,0,0
-0.406250000000005,-0.17391304347827483,-0.2774869109947644,0.22058823529411775,-0.4,0,1,0,0
1.1249999999999933,1.2173913043478004,-0.005235602094240838,0.029411764705882262,-0.9727272727272728,0,1,0,0
-0.06250000000001443,-0.4782608695652249,0.2617801047120419,-0.007352941176470696,-0.17272727272727273,0,1,0,0
0.7812500000000028,0.8695652173913001,-0.3036649214659686,0.13970588235294112,0.6727272727272727,0,0,1,0
0.6874999999999989,0.7391304347826001,-0.2094240837696335,-0.3235294117647059,0.8181818181818182,0,0,1,0
0.6874999999999989,0.39130434782607515,-0.29842931937172773,-0.18382352941176477,-0.2909090909090909,0,1,0,0
-0.25000000000000444,-0.4782608695652249,1.2094240837696335,-0.6985294117647062,0.42727272727272725,0,1,0,0
1.1249999999999933,1.2608695652173751,-0.24083769633507854,0.29411764705882365,-0.6090909090909091,0,1,0,0
0.09374999999998612,0.5652173913043252,-0.3036649214659686,0.9044117647058825,-0.01818181818181818,1,0,0,0
-0.8437500000000172,-0.9565217391304498,0.5392670157068062,-0.4926470588235298,0.6272727272727273,0,1,0,0
-0.6250000000000022,-0.6086956521739249,0.7277486910994765,-0.720588235294118,-0.9454545454545454,0,1,0,0
-0.7187500000000061,-0.9565217391304498,1.5654450261780104,-1.0514705882352946,-0.5818181818181818,0,0,1,0
0.2812499999999939,-0.08695652173914978,0.020942408376963352,0.12499999999999974,-0.8,0,1,0,0
-0.3437500000000083,0.13043478260867525,-0.2670157068062827,0.4485294117647062,0.5545454545454546,0,1,0,0
0.34374999999999056,0.4782608695652002,0.6910994764397905,-0.7720588235294121,0.9454545454545454,0,1,0,0
-0.18750000000000777,-0.39130434782609985,-0.041884816753926704,0.11029411764705888,-0.8181818181818182,0,0,1,0
-0.5625000000000056,-0.6956521739130499,0.18324607329842932,-0.5808823529411766,0.6,0,1,0,0
-0.6875000000000167,-0.4782608695652249,0.13089005235602094,-0.19117647058823548,-0.4818181818181818,0,1,0,0
-0.4375000000000122,-0.21739130434782503,1.2303664921465969,-0.9411764705882357,-0.2545454545454545,0,0,1,0
-0.3437500000000083,-0.7391304347826249,0.16753926701570682,0.5441176470588237,0.509090909090909,0,0,1,0
0.18749999999999,0.04347826086955017,-0.680628272251309,0.29411764705882365,-0.7181818181818181,0,0,1,0
-0.4375000000000122,0.04347826086955017,0.11518324607329843,0.2647058823529414,-0.6636363636363637,0,1,0,0
-0.6875000000000167,-0.6956521739130499,-0.16230366492146597,0.36764705882352955,-0.33636363636363636,0,1,0,0
0.9062499999999961,0.4782608695652002,-0.6073298429319371,0.09558823529411747,-0.06363636363636363,0,0,1,0
-0.8437500000000172,-0.6956521739130499,3.1256544502617802,-1.7058823529411773,0.6272727272727273,0,1,0,0
0.24999999999998668,0.8695652173913001,-0.21465968586387435,0.4338235294117648,0.5363636363636364,0,1,0,0
0.5624999999999878,0.13043478260867525,-0.6963350785340314,0.8529411764705886,0.41818181818181815,0,1,0,1
-0.031250000000007216,-0.43478260869565005,-0.2094240837696335,0.4117647058823532,-0.8727272727272727,0,0,1,0
-0.06250000000001443,0.0,-0.7382198952879581,1.1911764705882355,0.6545454545454545,0,0,1,0
0.12499999999999334,-0.13043478260869995,0.020942408376963352,0.17647058823529407,0.09090909090909091,0,1,0,0
-0.15625000000000056,0.04347826086955017,0.04712041884816754,0.286764705882353,-0.2545454545454545,0,1,0,0
0.6874999999999989,0.0,-0.08376963350785341,0.4338235294117648,0.7,0,1,0,0
0.06249999999999667,-0.21739130434782503,0.3403141361256545,-0.036764705882352956,-0.2,0,1,0,0
-0.3437500000000083,0.04347826086955017,1.2617801047120418,-0.632352941176471,-0.9727272727272728,1,0,0,0
0.21874999999999722,0.21739130434782503,-0.6230366492146597,0.9411764705882355,0.5272727272727272,0,1,0,0
-0.25000000000000444,0.34782608695650025,0.8691099476439791,-0.5661764705882357,-0.9272727272727272,0,1,0,0
-0.28125000000001166,0.08695652173912506,-0.7905759162303665,0.6470588235294118,1.190909090909091,0,1,0,1
0.8749999999999889,0.9999999999999752,1.0209424083769634,-0.4632352941176476,0.8636363636363636,0,1,0,0
0.4999999999999911,0.17391304347825012,5.036649214659686,-1.9411764705882362,0.38181818181818183,0,1,0,0
-0.3437500000000083,-0.6086956521739249,2.0366492146596857,-1.2720588235294124,-0.1,0,1,0,0
-0.9062500000000139,-0.652173913043475,-0.34554973821989526,0.9044117647058825,-0.6363636363636364,0,1,0,0
-0.6250000000000022,-0.9565217391304498,0.39267015706806285,-0.3308823529411766,-0.4727272727272727,0,1,0,0
-0.9062500000000139,-0.652173913043475,1.8900523560209423,-1.2132352941176476,-0.03636363636363636,0,1,0,0
-0.3437500000000083,0.0,-0.2094240837696335,-0.19852941176470618,-0.4636363636363636,0,1,0,0
0.24999999999998668,0.34782608695650025,1.287958115183246,-1.0073529411764712,-0.6090909090909091,0,1,0,0
-0.1250000000000111,0.43478260869565005,0.5235602094240838,-0.6397058823529417,0.3090909090909091,0,1,0,0
-0.28125000000001166,-0.6956521739130499,-0.6544502617801047,0.9779411764705884,-0.06363636363636363,0,1,0,0
0.7812500000000028,0.39130434782607515,-0.3403141361256545,0.8014705882352944,-0.00909090909090909,1,0,0,0
0.12499999999999334,-0.13043478260869995,-0.6963350785340314,1.1617647058823533,0.32727272727272727,0,0,1,0
0.43749999999999445,0.17391304347825012,-1.0209424083769634,1.5000000000000004,0.2909090909090909,0,0,1,0
0.21874999999999722,-0.17391304347827483,2.586387434554974,-1.4264705882352948,-0.9272727272727272,0,1,0,0
-1.3750000000000155,-1.69565217391305,-0.5549738219895288,0.8750000000000002,-0.05454545454545454,0,1,0,0
-0.6562500000000094,-1.1304347826087,-0.39790575916230364,0.2573529411764707,-0.05454545454545454,0,0,1,0
-0.3437500000000083,-0.7391304347826249,-0.7696335078534031,0.9191176470588239,0.7363636363636363,0,1,0,0
0.34374999999999056,0.43478260869565005,0.24607329842931938,-0.029411764705882262,-0.7909090909090909,0,1,0,0
-0.25000000000000444,-0.56521739130435,-0.5549738219895288,0.3897058823529411,0.7636363636363637,1,0,0,0
-0.18750000000000777,0.34782608695650025,-0.03664921465968586,-0.11764705882352956,0.5,0,1,0,0
-0.9375000000000033,-0.7391304347826249,1.9738219895287958,-1.2205882352941182,0.43636363636363634,0,0,1,0
0.0,-0.34782608695652495,-0.2879581151832461,0.4191176470588234,0.509090909090909,1,0,0,0
0.6562499999999917,0.39130434782607515,0.27225130890052357,-0.4338235294117648,0.7090909090909091,0,1,0,0
0.5624999999999878,0.39130434782607515,-0.8743455497382199,1.727941176470589,0.03636363636363636,1,0,0,0
-1.0312500000000073,-1.086956521739125,0.44502617801047123,-0.18382352941176477,0.17272727272727273,0,1,0,0
-0.3437500000000083,-0.04347826086957489,-0.2356020942408377,0.35294117647058815,1.0363636363636364,1,0,0,0
0.3749999999999978,-0.04347826086957489,-0.8324607329842932,1.0808823529411766,0.7181818181818181,0,1,0,0
1.093750000000004,1.04347826086955,1.0837696335078535,-0.6397058823529417,0.6636363636363637,0,1,0,0
-0.5000000000000089,-0.17391304347827483,-0.7801047120418848,1.5220588235294121,-0.1,0,0,1,0
-0.06250000000001443,0.39130434782607515,1.2774869109947644,-0.9191176470588239,0.6363636363636364,0,1,0,0
0.21874999999999722,0.7826086956521503,-0.46596858638743455,0.07352941176470591,0.5818181818181818,0,1,0,0
-0.28125000000001166,0.2608695652173752,0.6963350785340314,-0.7867647058823535,-0.7636363636363637,1,0,0,0
-0.4375000000000122,-0.17391304347827483,-1.0994764397905759,1.3970588235294124,0.16363636363636364,0,1,0,0
-0.8437500000000172,-0.8260869565217499,-0.5340314136125655,0.8676470588235295,0.09090909090909091,0,0,1,0
-0.7187500000000061,-0.39130434782609985,-1.0890052356020943,1.5514705882352948,-0.8636363636363636,0,0,1,0
-0.09375000000000389,-0.3043478260869748,-0.33507853403141363,0.5367647058823529,-0.45454545454545453,0,0,1,0
0.031249999999989453,0.652173913043475,1.6963350785340314,-0.9632352941176475,-0.7727272727272727,0,1,0,0
-0.7187500000000061,-1.0,0.31413612565445026,-0.4264705882352946,-0.4909090909090909,0,1,0,0
0.18749999999999,0.39130434782607515,-0.8848167539267016,1.0147058823529413,0.39090909090909093,0,0,1,0
-0.5937500000000128,-0.7391304347826249,-0.5497382198952879,0.8602941176470589,-0.2818181818181818,1,0,0,0
-0.1250000000000111,0.13043478260867525,-0.4869109947643979,0.3235294117647059,-0.01818181818181818,0,0,1,0
-0.5625000000000056,-0.8695652173913001,5.9319371727748695,-2.0073529411764715,-0.20909090909090908,1,0,0,0
-0.7187500000000061,-0.4782608695652249,-0.5235602094240838,1.7720588235294126,-0.9727272727272728,0,1,0,1
-0.15625000000000056,0.34782608695650025,1.8324607329842932,-1.0147058823529416,0.5363636363636364,0,1,0,0
0.6562499999999917,0.43478260869565005,-0.4031413612565445,0.7720588235294121,-0.05454545454545454,1,0,0,0
0.4999999999999911,0.521739130434775,-0.4293193717277487,0.4264705882352941,-0.2,0,1,0,0
0.43749999999999445,0.34782608695650025,0.4031413612565445,-0.5735294117647064,-0.8727272727272727,0,1,0,0
-0.25000000000000444,-0.56521739130435,0.6963350785340314,-0.3382352941176473,0.6636363636363637,1,0,0,0
0.18749999999999,0.17391304347825012,-0.14136125654450263,0.22058823529411775,0.24545454545454545,1,0,0,0
0.15625000000000056,-0.21739130434782503,-1.1151832460732984,1.2720588235294121,0.10909090909090909,0,1,0,0
0.9375000000000033,1.17391304347825,-0.35602094240837695,0.13235294117647042,0.07272727272727272,1,0,0,0
-0.4375000000000122,-0.13043478260869995,0.18848167539267016,-0.4926470588235298,-0.9545454545454546,0,1,0,0
0.6562499999999917,0.4782608695652002,0.6492146596858639,-0.5073529411764707,-0.3,0,0,1,0
-0.9375000000000033,-0.7391304347826249,0.418848167539267,-0.6029411764705886,-0.9545454545454546,0,1,0,0
-0.09375000000000389,0.4782608695652002,-0.7015706806282722,0.4485294117647062,0.35454545454545455,0,1,0,0
0.40624999999998723,0.3043478260869501,-0.06806282722513089,-0.15441176470588253,0.5545454545454546,0,1,0,0
-0.031250000000007216,0.39130434782607515,0.7015706806282722,-0.4779411764705884,0.6727272727272727,0,1,0,0
-0.37500000000001554,-0.08695652173914978,-0.7225130890052356,0.47058823529411775,-0.2909090909090909,0,1,0,0
0.15625000000000056,-0.04347826086957489,-0.5549738219895288,1.1102941176470593,-0.15454545454545454,0,0,1,0
0.46875000000000167,0.2608695652173752,0.7068062827225131,-0.4632352941176476,0.8090909090909091,0,1,0,0
0.15625000000000056,0.04347826086955017,0.1518324607329843,-0.10294117647058817,-0.8272727272727273,0,0,1,0
0.8124999999999922,0.39130434782607515,1.0,-0.757352941176471,0.39090909090909093,0,1,0,0
1.093750000000004,1.086956521739125,-0.3507853403141361,0.13970588235294112,0.02727272727272727,1,0,0,0
0.12499999999999334,0.7391304347826001,0.1099476439790576,-0.0882352941176473,0.9727272727272728,0,1,0,1
-0.9375000000000033,-0.7391304347826249,-0.3717277486910995,0.9779411764705884,0.8363636363636363,0,0,1,0
-0.06250000000001443,-0.2608695652173999,0.23036649214659685,-0.11764705882352956,0.37272727272727274,1,0,0,0
0.18749999999999,0.9565217391304252,0.8743455497382199,-0.9411764705882357,-0.23636363636363636,1,0,0,0
0.18749999999999,-0.17391304347827483,-0.35602094240837695,0.3382352941176473,-0.2818181818181818,0,0,1,0
0.40624999999998723,0.2608695652173752,0.5916230366492147,-0.2647058823529414,0.12727272727272726,0,1,0,0
0.5624999999999878,0.08695652173912506,-0.5497382198952879,0.286764705882353,-0.38181818181818183,0,1,0,0
-0.28125000000001166,-0.7391304347826249,0.18324607329842932,-0.15441176470588253,-0.08181818181818182,0,0,1,0
1.093750000000004,1.17391304347825,-0.5392670157068062,0.22794117647058842,-0.7636363636363637,0,0,1,0
0.06249999999999667,-0.08695652173914978,0.5130890052356021,-0.6176470588235299,0.6636363636363637,0,1,0,0
-0.09375000000000389,0.3043478260869501,-0.49214659685863876,0.8676470588235295,0.42727272727272725,0,1,0,0
0.8124999999999922,0.8695652173913001,0.49214659685863876,-0.02205882352941209,0.41818181818181815,0,1,0,0
0.40624999999998723,0.43478260869565005,2.350785340314136,-1.2794117647058831,0.21818181818181817,0,1,0,0
-1.0625000000000144,-1.086956521739125,0.23036649214659685,-0.39705882352941185,0.39090909090909093,0,0,1,0
0.7812500000000028,0.04347826086955017,0.6701570680628273,-0.6691176470588239,-0.06363636363636363,0,0,1,0
0.7187499999999883,0.43478260869565005,-0.12041884816753927,0.4117647058823532,0.8454545454545455,0,0,1,0
-0.18750000000000777,-0.04347826086957489,-0.11518324607329843,0.22058823529411775,-0.15454545454545454,0,1,0,0
0.3749999999999978,0.43478260869565005,-0.4712041884816754,0.13970588235294112,1.0363636363636364,0,1,0,0
-0.406250000000005,-0.6086956521739249,-0.3036649214659686,0.6176470588235295,-0.33636363636363636,0,1,0,0
-0.8437500000000172,-0.6956521739130499,0.7329842931937173,-0.4632352941176476,0.22727272727272727,0,1,0,0
-0.7187500000000061,-0.6956521739130499,-0.193717277486911,0.3382352941176473,-0.17272727272727273,0,0,1,0
1.312500000000001,1.4782608695652002,0.11518324607329843,0.13970588235294112,-0.9545454545454546,0,0,1,0
-0.06250000000001443,-0.34782608695652495,-0.5968586387434555,0.9338235294117648,-0.9727272727272728,0,0,1,0
0.7187499999999883,0.39130434782607515,0.5602094240837696,-0.5147058823529413,0.4909090909090909,0,1,0,0
-1.093750000000004,-1.043478260869575,0.2774869109947644,-0.17647058823529407,0.02727272727272727,0,1,0,0
0.09374999999998612,-0.34782608695652495,-0.18848167539267016,0.01470588235294087,0.5363636363636364,0,0,1,0
0.06249999999999667,0.5652173913043252,-0.16753926701570682,-0.22794117647058842,0.06363636363636363,0,1,0,0
-0.6875000000000167,-0.56521739130435,0.9319371727748691,-0.6176470588235299,-0.11818181818181818,0,1,0,0
0.7812500000000028,0.9999999999999752,0.6544502617801047,-0.5220588235294121,-0.8363636363636363,0,1,0,0
0.34374999999999056,0.17391304347825012,0.225130890052356,-0.007352941176470696,-0.4727272727272727,0,1,0,0
-0.4375000000000122,0.0,0.9947643979057592,-0.6029411764705886,-0.509090909090909,0,0,1,0
-0.25000000000000444,-0.43478260869565005,-0.03664921465968586,-0.21323529411764705,0.38181818181818183,0,1,0,0
0.3749999999999978,0.21739130434782503,-0.6073298429319371,0.9926470588235299,-0.11818181818181818,0,1,0,0
0.4999999999999911,0.34782608695650025,-1.0628272251308901,1.6617647058823537,-0.6454545454545455,0,0,1,0
1.093750000000004,1.2173913043478004,-0.2774869109947644,0.38235294117647045,-0.7090909090909091,0,1,0,0
0.8437499999999994,0.8695652173913001,-0.32460732984293195,0.882352941176471,-0.2545454545454545,0,1,0,0
-0.81250000000001,-0.8260869565217499,4.947643979057592,-1.9338235294117656,-0.7090909090909091,0,0,1,0
0.18749999999999,0.2608695652173752,-0.6596858638743456,0.48529411764705915,-0.6454545454545455,0,0,1,0
-0.5312500000000161,-0.913043478260875,-0.643979057591623,0.5514705882352944,0.20909090909090908,0,1,0,0
-0.218750000000015,-0.652173913043475,0.20418848167539266,0.12499999999999974,0.5363636363636364,1,0,0,0
-0.7500000000000133,-0.17391304347827483,-0.02617801047120419,0.06617647058823521,0.6272727272727273,0,1,0,0
-1.0000000000000178,-0.8695652173913001,-0.42408376963350786,0.632352941176471,0.9818181818181818,0,1,0,0
0.34374999999999056,0.39130434782607515,0.21465968586387435,-0.058823529411765045,1.0,0,1,0,0
1.093750000000004,0.8260869565217251,-0.35602094240837695,-0.16176470588235323,-0.08181818181818182,0,0,1,0
0.09374999999998612,0.7391304347826001,5.198952879581152,-1.9558823529411773,-0.9272727272727272,1,0,0,0
-0.8437500000000172,-0.34782608695652495,1.3403141361256545,-1.1250000000000004,-0.23636363636363636,0,1,0,0
-0.5625000000000056,0.0,-0.5968586387434555,0.6985294117647062,-0.2909090909090909,0,0,1,0
0.3749999999999978,0.21739130434782503,-0.2356020942408377,0.5808823529411766,-0.02727272727272727,0,1,0,0
0.7187499999999883,0.7826086956521503,0.19895287958115182,-0.16176470588235323,0.7727272727272727,0,1,0,0
-0.031250000000007216,0.5652173913043252,-0.14136125654450263,-0.08088235294117661,-0.13636363636363635,0,1,0,0
0.4999999999999911,0.39130434782607515,2.6858638743455496,-1.5294117647058831,0.6636363636363637,1,0,0,0
-0.3125000000000011,0.13043478260867525,0.010471204188481676,0.4411764705882355,0.6272727272727273,0,1,0,0
-1.0312500000000073,-1.1304347826087,-0.31413612565445026,-0.06617647058823521,-0.8545454545454545,0,0,1,0
0.09374999999998612,0.3043478260869501,0.08900523560209424,-0.18382352941176477,0.4,0,1,0,0
0.12499999999999334,-0.34782608695652495,0.39267015706806285,-0.7058823529411768,-0.6636363636363637,0,0,1,0
1.0624999999999967,0.9565217391304252,0.2094240837696335,-0.5000000000000006,-0.32727272727272727,0,0,1,0
-0.25000000000000444,0.13043478260867525,-0.5759162303664922,0.35294117647058815,0.5,1,0,0,0
0.6874999999999989,0.6086956521739002,0.12041884816753927,-0.13970588235294112,-0.5454545454545454,1,0,0,0
-0.1250000000000111,-0.39130434782609985,0.6701570680628273,-0.36764705882352955,0.6363636363636364,0,1,0,0
-0.5000000000000089,-0.2608695652173999,0.39790575916230364,-0.11029411764705888,0.17272727272727273,0,1,0,0
0.40624999999998723,-0.04347826086957489,1.4293193717277486,-1.0661764705882357,-0.7,0,1,0,0
0.18749999999999,-0.17391304347827483,0.020942408376963352,0.9044117647058825,0.509090909090909,0,1,0,0
0.5624999999999878,0.34782608695650025,0.33507853403141363,-0.08088235294117661,0.9727272727272728,0,1,0,1
0.2812499999999939,0.13043478260867525,0.07329842931937172,0.4411764705882355,0.34545454545454546,0,0,1,0
-0.9062500000000139,-0.6956521739130499,0.7853403141361257,-0.5000000000000006,0.9090909090909091,1,0,0,0
1.0312499999999893,0.8260869565217251,1.2827225130890052,-0.8602941176470594,0.8454545454545455,0,0,1,0
0.3125000000000011,0.0,-0.24083769633507854,-0.036764705882352956,0.9818181818181818,0,1,0,0
1.0,1.1304347826086751,-1.2617801047120418,1.7426470588235299,-0.06363636363636363,0,1,0,0
-0.031250000000007216,-0.3043478260869748,-0.5654450261780105,0.3235294117647059,0.6727272727272727,0,1,0,0
-0.18750000000000777,-0.39130434782609985,0.45549738219895286,-0.30882352941176505,-0.7727272727272727,0,0,1,0
0.12499999999999334,0.7391304347826001,0.4607329842931937,0.13970588235294112,0.6818181818181818,0,0,1,0
-0.9062500000000139,-0.782608695652175,1.5340314136125655,-1.1985294117647065,-0.41818181818181815,0,1,0,0
0.3125000000000011,0.521739130434775,0.7905759162303665,-0.6911764705882357,-0.7181818181818181,0,0,1,0
0.7187499999999883,0.8260869565217251,0.6178010471204188,-0.558823529411765,0.5636363636363636,0,1,0,0
0.09374999999998612,0.652173913043475,1.6335078534031413,-1.2205882352941182,-0.5272727272727272,0,1,0,0
-0.9375000000000033,-1.0,-0.25654450261780104,0.7720588235294121,-0.11818181818181818,0,1,0,0
0.12499999999999334,-0.08695652173914978,1.2146596858638743,-0.9632352941176475,0.0,0,0,1,0
-0.406250000000005,-0.6956521739130499,0.387434554973822,-0.5073529411764707,-0.9727272727272728,0,0,1,0
-0.031250000000007216,-0.21739130434782503,0.05759162303664921,0.3308823529411766,-0.08181818181818182,0,1,0,0
-0.6562500000000094,-0.39130434782609985,-0.2356020942408377,-0.02205882352941209,-0.18181818181818182,0,1,0,0
-0.6562500000000094,-0.43478260869565005,0.28272251308900526,-0.2720588235294121,-0.38181818181818183,1,0,0,0
-0.3437500000000083,-0.04347826086957489,0.34554973821989526,-0.4264705882352946,0.22727272727272727,1,0,0,0
-0.5937500000000128,-0.8695652173913001,-0.6492146596858639,1.632352941176471,0.38181818181818183,0,1,0,0
-0.06250000000001443,-0.39130434782609985,-0.7853403141361257,0.7132352941176471,0.6818181818181818,0,0,1,0
1.0,0.6086956521739002,0.5130890052356021,-0.3602941176470589,-0.8818181818181818,0,1,0,0
0.21874999999999722,0.17391304347825012,0.041884816753926704,-0.3161764705882357,-0.4818181818181818,0,0,1,0
0.24999999999998668,0.43478260869565005,-0.16753926701570682,-0.058823529411765045,-0.14545454545454545,0,1,0,0
0.8124999999999922,0.2608695652173752,-0.36649214659685864,0.2647058823529414,-0.8545454545454545,0,1,0,0
0.7499999999999956,0.8260869565217251,0.7277486910994765,-0.808823529411765,-0.5545454545454546,0,0,1,0
0.8437499999999994,0.8695652173913001,-0.44502617801047123,0.8308823529411766,-0.4818181818181818,0,1,0,0
0.0,-0.34782608695652495,0.08900523560209424,-0.13970588235294112,0.4636363636363636,1,0,0,0
-0.5937500000000128,-0.9565217391304498,-0.9947643979057592,2.0000000000000004,-0.36363636363636365,0,1,0,1
0.15625000000000056,0.21739130434782503,1.712041884816754,-1.0220588235294124,-0.2636363636363636,1,0,0,0
-0.8437500000000172,-0.7391304347826249,-0.8534031413612565,0.9191176470588239,-0.8363636363636363,0,0,1,0
0.7499999999999956,0.6086956521739002,1.031413612565445,-0.7794117647058828,0.23636363636363636,0,1,0,0
0.34374999999999056,0.9999999999999752,-0.6544502617801047,1.3897058823529416,-0.10909090909090909,0,1,0,0
1.1249999999999933,1.30434782608695,3.282722513089005,-1.61764705882353,0.7090909090909091,0,0,1,0
-0.9687500000000105,-0.8695652173913001,0.36649214659685864,-0.38235294117647095,-0.12727272727272726,0,0,1,0
-0.5625000000000056,-0.9565217391304498,-0.43455497382198954,-0.06617647058823521,0.6272727272727273,1,0,0,0
0.06249999999999667,0.6086956521739002,0.8586387434554974,-0.8308823529411768,-0.4636363636363636,0,1,0,0
0.9062499999999961,0.43478260869565005,2.4973821989528795,-1.4632352941176479,0.2727272727272727,0,1,0,0
-0.5312500000000161,-0.782608695652175,-0.9685863874345549,1.3970588235294124,-0.7727272727272727,0,1,0,0
1.0312499999999893,0.6956521739130253,0.8900523560209425,-0.5808823529411766,0.5363636363636364,0,1,0,0
-0.46875000000000167,-0.7391304347826249,1.4397905759162304,-0.8750000000000006,0.4909090909090909,0,0,1,0
-0.5312500000000161,-0.8695652173913001,-0.5654450261780105,0.286764705882353,-0.13636363636363635,0,1,0,0
-0.46875000000000167,-0.3043478260869748,0.11518324607329843,-0.1691176470588239,-0.4818181818181818,0,1,0,0
-0.9687500000000105,-0.9565217391304498,1.9842931937172774,-1.1691176470588243,-0.09090909090909091,0,0,1,0
-0.031250000000007216,-0.43478260869565005,1.5078534031413613,-0.8750000000000006,0.00909090909090909,0,1,0,0
0.6562499999999917,0.4782608695652002,-0.6596858638743456,0.21323529411764705,-0.14545454545454545,0,0,1,0
-0.8437500000000172,-0.5217391304347998,1.0732984293193717,-0.8308823529411768,0.6090909090909091,0,1,0,0
0.7812500000000028,0.39130434782607515,0.015706806282722512,-0.21323529411764705,-0.10909090909090909,0,1,0,0
0.18749999999999,0.652173913043475,-0.8115183246073299,1.6470588235294124,-0.6454545454545455,0,0,1,0
-0.37500000000001554,-0.5217391304347998,1.712041884816754,-1.11764705882353,-0.6545454545454545,0,1,0,0
-0.406250000000005,-0.5217391304347998,-0.6492146596858639,0.48529411764705915,0.8818181818181818,0,1,0,0
0.12499999999999334,-0.04347826086957489,0.09424083769633508,0.36764705882352955,-0.19090909090909092,0,1,0,0
-1.0625000000000144,-0.913043478260875,0.4031413612565445,-0.5808823529411766,-0.6181818181818182,0,1,0,0
-0.6562500000000094,-0.56521739130435,0.4083769633507853,-0.29411764705882365,-0.3090909090909091,0,1,0,0
-1.2500000000000044,-1.30434782608695,-0.8010471204188482,0.9705882352941178,-0.7727272727272727,0,0,1,0
-0.15625000000000056,-0.43478260869565005,0.44502617801047123,0.08823529411764679,-0.9727272727272728,1,0,0,0
-0.8750000000000067,-0.56521739130435,-0.4397905759162304,0.1691176470588234,0.2909090909090909,1,0,0,0
-0.37500000000001554,-0.13043478260869995,-0.5916230366492147,0.7205882352941178,-0.7818181818181819,0,1,0,0
0.15625000000000056,0.21739130434782503,-0.4397905759162304,-0.036764705882352956,-0.9454545454545454,1,0,0,0
0.5312499999999983,0.17391304347825012,0.2356020942408377,-0.4411764705882355,-0.12727272727272726,0,1,0,0
-0.5000000000000089,-0.5217391304347998,1.455497382198953,-0.9044117647058828,0.05454545454545454,0,1,0,0
0.18749999999999,0.3043478260869501,0.07853403141361257,0.0,0.3181818181818182,1,0,0,0
0.3749999999999978,0.43478260869565005,-0.3403141361256545,0.21323529411764705,0.2727272727272727,0,0,1,0
0.21874999999999722,0.43478260869565005,-0.12041884816753927,0.07352941176470591,0.6272727272727273,0,1,0,0
1.1562500000000007,1.2608695652173751,-0.7225130890052356,1.4558823529411768,0.8909090909090909,0,1,0,1
-0.46875000000000167,-0.13043478260869995,0.3036649214659686,-0.5514705882352944,0.8545454545454545,0,1,0,0
-0.6562500000000094,-0.913043478260875,-0.5340314136125655,1.0735294117647065,-0.38181818181818183,0,1,0,0
0.09374999999998612,-0.21739130434782503,-0.9633507853403142,0.5882352941176473,-0.7363636363636363,0,1,0,0
0.6874999999999989,0.3043478260869501,1.1413612565445026,-0.8602941176470594,0.9818181818181818,0,0,1,0
0.3125000000000011,0.2608695652173752,5.9319371727748695,-2.0514705882352953,-0.06363636363636363,0,0,1,1
0.06249999999999667,-0.2608695652173999,0.8481675392670157,-0.6397058823529417,-0.6818181818181818,0,0,1,0
0.46875000000000167,0.43478260869565005,-0.9319371727748691,0.6691176470588239,-0.02727272727272727,0,1,0,0
-0.5000000000000089,-0.6086956521739249,0.5863874345549738,-0.5000000000000006,-0.6,0,0,1,0
1.0312499999999893,0.7391304347826001,-1.031413612565445,1.5367647058823535,0.9818181818181818,0,1,0,1
-0.9062500000000139,-0.9565217391304498,1.6858638743455496,-1.1397058823529416,0.3181818181818182,0,1,0,0
-0.9687500000000105,-0.8695652173913001,-0.7329842931937173,0.38235294117647045,0.8090909090909091,0,0,1,0
0.3125000000000011,0.13043478260867525,-1.0,2.4632352941176476,-0.5272727272727272,0,1,0,1
-0.5000000000000089,-0.21739130434782503,1.87434554973822,-0.9705882352941183,0.20909090909090908,0,1,0,0
0.40624999999998723,0.3043478260869501,-0.13612565445026178,0.7573529411764707,-0.15454545454545454,0,1,0,0
-0.7812500000000028,-0.7391304347826249,0.020942408376963352,0.4338235294117648,-0.509090909090909,0,0,1,0
0.8749999999999889,0.9999999999999752,-0.4293193717277487,0.4338235294117648,0.9,0,0,1,0
-0.6875000000000167,-1.086956521739125,-0.05235602094240838,-0.3014705882352943,0.4909090909090909,1,0,0,0
0.40624999999998723,0.34782608695650025,-0.3298429319371728,0.3897058823529411,0.6363636363636364,0,1,0,0
0.2812499999999939,0.34782608695650025,0.06282722513089005,-0.20588235294117688,-0.9181818181818182,0,1,0,0
0.2812499999999939,0.34782608695650025,2.8481675392670156,-1.6323529411764715,0.6454545454545455,0,0,1,0
0.09374999999998612,0.6956521739130253,-0.3089005235602094,0.8161764705882357,0.6090909090909091,0,1,0,0
-0.7500000000000133,-0.21739130434782503,1.0157068062827226,-0.5808823529411766,0.9363636363636364,1,0,0,0
0.18749999999999,0.34782608695650025,1.1518324607329844,-0.6691176470588239,-0.3090909090909091,0,1,0,0
-0.7812500000000028,-0.34782608695652495,-0.4607329842931937,0.08823529411764679,-0.8181818181818182,0,0,1,0
0.15625000000000056,0.0,-0.8691099476439791,0.4191176470588234,-0.4090909090909091,0,1,0,0
-0.406250000000005,-0.652173913043475,0.16753926701570682,0.08088235294117661,-0.6090909090909091,0,1,0,0
1.2812499999999938,1.4347826086956252,-0.3612565445026178,0.17647058823529407,0.6181818181818182,0,1,0,0
-0.37500000000001554,0.04347826086955017,-1.0418848167539267,1.2573529411764712,0.6909090909090909,0,1,0,0
0.34374999999999056,0.6956521739130253,-0.2094240837696335,0.6029411764705882,0.8818181818181818,0,1,0,0
-0.6875000000000167,-1.086956521739125,0.06282722513089005,0.029411764705882262,0.1,0,1,0,0
0.21874999999999722,0.3043478260869501,0.6858638743455497,-0.8014705882352946,0.38181818181818183,0,1,0,0
0.40624999999998723,0.2608695652173752,-0.23036649214659685,-0.17647058823529407,-0.6090909090909091,0,0,1,0
-0.5000000000000089,-0.39130434782609985,0.005235602094240838,-0.47058823529411775,0.6818181818181818,0,1,0,0
0.2812499999999939,-0.21739130434782503,0.44502617801047123,-0.5441176470588237,0.2818181818181818,0,0,1,0
0.46875000000000167,0.3043478260869501,0.16753926701570682,-0.345588235294118,0.37272727272727274,0,1,0,0
0.9062499999999961,0.521739130434775,3.6178010471204187,-1.7352941176470598,0.37272727272727274,0,1,0,0
0.24999999999998668,0.17391304347825012,4.109947643979058,-1.764705882352942,-0.2,0,1,0,0
-0.9687500000000105,-1.086956521739125,0.3769633507853403,-0.19852941176470618,-0.08181818181818182,0,1,0,0
0.18749999999999,0.7826086956521503,-0.09424083769633508,-0.095588235294118,-0.8909090909090909,0,1,0,0
0.8124999999999922,0.8260869565217251,0.7801047120418848,-0.6691176470588239,-0.23636363636363636,0,0,1,0
-0.031250000000007216,-0.21739130434782503,-0.03664921465968586,-0.095588235294118,-0.7272727272727273,0,1,0,0
-0.6562500000000094,-1.086956521739125,0.031413612565445025,0.11029411764705888,-0.6727272727272727,0,1,0,0
-0.46875000000000167,-0.7391304347826249,-0.5863874345549738,0.1691176470588234,0.5636363636363636,0,0,1,0
0.34374999999999056,-0.08695652173914978,0.06282722513089005,0.058823529411764525,-0.7818181818181819,0,1,0,0
-0.8750000000000067,-0.652173913043475,-0.020942408376963352,-0.18382352941176477,0.36363636363636365,1,0,0,0
0.06249999999999667,0.6956521739130253,1.1518324607329844,-0.8676470588235299,0.7818181818181819,0,0,1,0
0.4999999999999911,0.21739130434782503,-0.450261780104712,0.3750000000000003,0.7090909090909091,0,0,1,0
0.4999999999999911,0.2608695652173752,0.5340314136125655,-0.5000000000000006,1.0272727272727273,0,1,0,0
-0.37500000000001554,0.04347826086955017,0.15706806282722513,0.19852941176470565,0.2818181818181818,0,1,0,0
-0.5000000000000089,-0.3043478260869748,-0.7277486910994765,0.3235294117647059,0.5,0,1,0,0
0.09374999999998612,0.652173913043475,-1.5863874345549738,2.6838235294117654,-0.9454545454545454,0,1,0,1
-0.9687500000000105,-0.9565217391304498,-0.05235602094240838,-0.39705882352941185,-0.45454545454545453,0,0,1,0
0.09374999999998612,0.5652173913043252,1.1780104712041886,-0.6176470588235299,0.23636363636363636,0,1,0,0
0.43749999999999445,0.21739130434782503,-0.5130890052356021,0.1617647058823527,-0.21818181818181817,0,1,0,0
0.24999999999998668,0.3043478260869501,1.5026178010471205,-1.0220588235294124,0.7636363636363637,0,0,1,0
0.6874999999999989,0.39130434782607515,0.5549738219895288,-0.6691176470588239,0.7545454545454545,0,1,0,0
-0.18750000000000777,-0.39130434782609985,-0.020942408376963352,0.10294117647058817,0.6181818181818182,0,1,0,0
0.21874999999999722,0.2608695652173752,0.43455497382198954,-0.4926470588235298,0.3181818181818182,0,1,0,0
-0.7812500000000028,-0.6086956521739249,0.25654450261780104,0.1617647058823527,-0.7272727272727273,0,1,0,0
-0.46875000000000167,0.0,0.15706806282722513,-0.45588235294117685,-0.7545454545454545,0,1,0,0
0.15625000000000056,-0.3043478260869748,-1.0,0.3750000000000003,-0.3090909090909091,0,0,1,0
0.7499999999999956,0.08695652173912506,-0.07853403141361257,0.12499999999999974,0.4818181818181818,0,0,1,0
0.031249999999989453,-0.13043478260869995,0.12041884816753927,0.4044117647058825,0.6181818181818182,0,1,0,0
0.18749999999999,-0.2608695652173999,0.9895287958115183,-0.720588235294118,-0.39090909090909093,0,1,0,0
0.3125000000000011,0.0,0.193717277486911,-0.2573529411764707,-0.7181818181818181,0,1,0,0
0.6562499999999917,0.43478260869565005,-0.44502617801047123,0.5073529411764707,-0.41818181818181815,0,1,0,0
0.593749999999995,0.43478260869565005,-0.680628272251309,1.1470588235294124,0.45454545454545453,0,1,0,0
1.1249999999999933,1.2173913043478004,0.1518324607329843,0.08823529411764679,-0.6818181818181818,0,0,1,0
1.0312499999999893,0.7391304347826001,-0.5340314136125655,0.9485294117647062,0.9181818181818182,0,1,0,1
-0.3437500000000083,-0.6086956521739249,0.612565445026178,-0.345588235294118,0.8363636363636363,0,0,1,0
0.06249999999999667,-0.39130434782609985,-0.7277486910994765,0.5514705882352944,-0.5636363636363636,0,0,1,0
-0.5625000000000056,-1.043478260869575,-0.33507853403141363,0.2720588235294116,0.03636363636363636,0,0,1,0
0.593749999999995,0.21739130434782503,-0.8219895287958116,1.0735294117647065,0.8090909090909091,1,0,0,0
0.5312499999999983,0.34782608695650025,2.073298429319372,-1.1323529411764712,-0.6909090909090909,0,1,0,0
-0.25000000000000444,-0.4782608695652249,-0.42408376963350786,0.5294117647058822,-0.7454545454545455,0,1,0,0
0.21874999999999722,0.21739130434782503,0.2513089005235602,-0.4117647058823532,0.41818181818181815,0,1,0,0
-0.1250000000000111,0.43478260869565005,0.9790575916230366,-0.6985294117647062,0.37272727272727274,0,1,0,0
0.2812499999999939,0.9130434782608502,1.4293193717277486,-0.8308823529411768,0.2818181818181818,0,1,0,0
0.3749999999999978,0.3043478260869501,-0.6858638743455497,1.0367647058823535,-0.5272727272727272,0,0,1,0
-0.46875000000000167,-0.3043478260869748,-0.2931937172774869,0.007352941176470696,0.6,0,1,0,0
0.18749999999999,-0.2608695652173999,-0.18848167539267016,0.3088235294117645,-0.4727272727272727,0,1,0,0
0.46875000000000167,0.21739130434782503,-0.5863874345549738,0.6838235294117648,0.5181818181818182,0,1,0,0
1.18749999999999,1.4347826086956252,-0.20418848167539266,0.6617647058823533,0.5818181818181818,0,0,1,0
-0.4375000000000122,0.0,0.015706806282722512,0.7794117647058828,-0.4909090909090909,0,0,1,0
-1.3125000000000189,-1.56521739130435,0.47643979057591623,-0.5073529411764707,-0.4727272727272727,1,0,0,0
-0.8437500000000172,-0.6086956521739249,-0.387434554973822,-0.18382352941176477,0.1,1,0,0,0
-0.3437500000000083,0.08695652173912506,0.41361256544502617,-0.5000000000000006,0.6363636363636364,0,0,1,0
0.46875000000000167,0.34782608695650025,0.7329842931937173,-0.4411764705882355,-0.5727272727272728,0,1,0,0
-0.4375000000000122,-0.08695652173914978,3.0366492146596857,-1.6102941176470598,0.8909090909090909,0,0,1,0
0.40624999999998723,0.21739130434782503,-0.6387434554973822,0.4411764705882355,-0.33636363636363636,0,1,0,0
-0.031250000000007216,-0.4782608695652249,0.6230366492146597,-0.6102941176470591,-0.03636363636363636,1,0,0,0
-0.81250000000001,-0.6086956521739249,-0.45549738219895286,-0.06617647058823521,-0.3,1,0,0,0
-0.3125000000000011,-0.6956521739130499,0.18848167539267016,0.4926470588235293,0.7545454545454545,0,1,0,0
0.6874999999999989,0.4782608695652002,2.094240837696335,-1.264705882352942,-0.4727272727272727,0,1,0,0
-0.7812500000000028,-0.6086956521739249,0.6230366492146597,-0.16176470588235323,-0.2545454545454545,0,1,0,0
-0.406250000000005,-0.17391304347827483,0.13612565445026178,0.286764705882353,0.2636363636363636,0,1,0,0
-0.6562500000000094,-0.7391304347826249,-0.16230366492146597,0.13970588235294112,-0.8363636363636363,0,1,0,0
0.06249999999999667,0.652173913043475,-1.0418848167539267,1.6691176470588238,0.1,0,0,1,0
1.0312499999999893,0.652173913043475,-0.29842931937172773,0.7279411764705884,0.509090909090909,0,0,1,0
0.7187499999999883,0.4782608695652002,-0.2774869109947644,0.573529411764706,0.42727272727272725,0,1,0,0
-0.81250000000001,-0.7391304347826249,0.041884816753926704,0.19852941176470565,0.9272727272727272,0,1,0,0
-0.8437500000000172,-0.6956521739130499,-0.5445026178010471,1.5735294117647065,-0.41818181818181815,0,1,0,1
0.2812499999999939,0.3043478260869501,0.2879581151832461,-0.38235294117647095,0.8090909090909091,0,1,0,0
-0.46875000000000167,-0.21739130434782503,-0.7853403141361257,1.6470588235294124,-0.8909090909090909,0,1,0,0
1.0624999999999967,1.17391304347825,-0.6701570680628273,0.4117647058823532,-0.16363636363636364,0,0,1,0
-0.81250000000001,-0.6086956521739249,-0.387434554973822,0.3088235294117645,0.8545454545454545,0,1,0,0
-0.5625000000000056,-0.6956521739130499,0.3769633507853403,0.08088235294117661,-0.01818181818181818,0,1,0,0
-1.2500000000000044,-1.30434782608695,-0.09424083769633508,-0.3014705882352943,0.5636363636363636,0,0,1,0
-0.6250000000000022,-0.56521739130435,-0.3612565445026178,0.12499999999999974,-0.12727272727272726,0,0,1,0
-0.6562500000000094,-0.8260869565217499,-0.3193717277486911,0.29411764705882365,0.8818181818181818,0,1,0,0
0.12499999999999334,0.39130434782607515,2.9895287958115184,-1.5588235294117656,-0.8909090909090909,0,1,0,0
-0.37500000000001554,-0.21739130434782503,0.418848167539267,-0.02205882352941209,0.8636363636363636,0,1,0,0
-0.406250000000005,-0.2608695652173999,0.743455497382199,-0.5367647058823535,0.45454545454545453,0,1,0,0
0.34374999999999056,0.17391304347825012,0.010471204188481676,0.2573529411764707,-0.2636363636363636,1,0,0,0
-0.09375000000000389,-0.17391304347827483,-0.7068062827225131,0.5367647058823529,0.37272727272727274,1,0,0,0
-0.3125000000000011,0.04347826086955017,1.0890052356020943,-0.882352941176471,-0.8181818181818182,0,0,1,0
-0.37500000000001554,-0.08695652173914978,-0.010471204188481676,-0.22058823529411775,-0.33636363636363636,0,0,1,0
-0.7187500000000061,-0.7391304347826249,0.9528795811518325,-0.8602941176470594,0.6545454545454545,0,1,0,0
-0.5312500000000161,-0.8695652173913001,-0.7120418848167539,1.3014705882352944,-0.13636363636363635,0,1,0,0
-0.09375000000000389,0.43478260869565005,-0.2670157068062827,0.3088235294117645,0.5454545454545454,0,0,1,0
1.2187499999999971,1.3913043478260751,-1.094240837696335,1.0661764705882357,-0.045454545454545456,0,1,0,0
-0.5625000000000056,-0.43478260869565005,-0.16230366492146597,0.0,-0.6909090909090909,0,1,0,0
-0.81250000000001,-0.7391304347826249,-0.07329842931937172,-0.04411764705882365,-0.1,0,1,0,0
0.3125000000000011,0.21739130434782503,-1.0104712041884816,0.6397058823529411,-0.03636363636363636,0,0,1,0
0.2812499999999939,0.8695652173913001,-0.6596858638743456,0.7205882352941178,-0.5363636363636364,0,1,0,0
-0.18750000000000777,-0.04347826086957489,-0.47643979057591623,0.6470588235294118,-0.4636363636363636,0,1,0,0
-0.9375000000000033,-0.7391304347826249,0.418848167539267,-0.13970588235294112,0.39090909090909093,0,0,1,0
0.2812499999999939,0.8260869565217251,-0.2931937172774869,-0.24264705882352983,-0.6909090909090909,0,1,0,0
0.5624999999999878,0.3043478260869501,0.193717277486911,-0.18382352941176477,-0.21818181818181817,0,1,0,0
-0.6562500000000094,-0.8260869565217499,-0.7225130890052356,0.9411764705882355,1.009090909090909,0,1,0,1
-0.5937500000000128,-0.8695652173913001,0.1518324607329843,0.17647058823529407,0.42727272727272725,0,1,0,0
0.0,-0.21739130434782503,-0.6649214659685864,0.882352941176471,0.36363636363636365,0,0,1,0
-0.3125000000000011,-0.56521739130435,-0.9109947643979057,0.9926470588235299,0.9090909090909091,0,1,0,1
-0.3437500000000083,-0.4782608695652249,0.3769633507853403,-0.3529411764705887,-0.5454545454545454,0,0,1,0
0.43749999999999445,0.21739130434782503,0.39790575916230364,-0.8897058823529417,1.0272727272727273,0,1,0,0
0.18749999999999,0.3043478260869501,0.16230366492146597,0.08823529411764679,-0.34545454545454546,0,1,0,0
-1.1875000000000078,-1.2608695652173998,0.7486910994764397,-0.3750000000000003,0.7727272727272727,0,1,0,0
0.43749999999999445,0.34782608695650025,-0.27225130890052357,0.036764705882352956,-0.9727272727272728,0,1,0,0
-0.3437500000000083,0.08695652173912506,0.42408376963350786,-0.41911764705882393,-0.21818181818181817,0,1,0,0
-0.5625000000000056,-0.9565217391304498,0.020942408376963352,0.08088235294117661,0.38181818181818183,0,1,0,0
1.0,0.521739130434775,-0.005235602094240838,-0.04411764705882365,-0.6272727272727273,1,0,0,0
-0.15625000000000056,0.39130434782607515,1.0732984293193717,-0.6691176470588239,0.13636363636363635,0,1,0,0
-0.18750000000000777,-0.34782608695652495,-0.13612565445026178,0.022058823529411565,0.2818181818181818,0,1,0,0
0.031249999999989453,0.08695652173912506,-0.3036649214659686,0.7941176470588237,-0.6636363636363637,0,1,0,0
0.5624999999999878,0.34782608695650025,0.5916230366492147,-0.4117647058823532,-0.5545454545454546,0,1,0,0
-0.8437500000000172,-0.8695652173913001,1.287958115183246,-1.0441176470588243,-0.9,0,1,0,0
-0.7500000000000133,-0.7391304347826249,0.03664921465968586,-0.11029411764705888,-0.3181818181818182,0,1,0,0
0.18749999999999,-0.21739130434782503,-0.4293193717277487,0.7132352941176471,0.5272727272727272,0,0,1,0
-0.7500000000000133,-0.17391304347827483,0.4607329842931937,-0.17647058823529407,0.8090909090909091,0,1,0,0
-0.81250000000001,-0.652173913043475,0.6178010471204188,-0.8235294117647064,-0.9727272727272728,0,1,0,0
-0.8437500000000172,-0.6086956521739249,-0.4083769633507853,0.75,0.4090909090909091,0,0,1,0
-0.37500000000001554,0.0,-0.15706806282722513,0.18382352941176477,0.5181818181818182,0,1,0,0
0.40624999999998723,0.2608695652173752,0.900523560209424,-0.6911764705882357,-0.13636363636363635,0,1,0,0
0.7499999999999956,0.7826086956521503,0.08900523560209424,0.35294117647058815,-0.11818181818181818,0,1,0,0
0.21874999999999722,0.21739130434782503,0.8534031413612565,-0.286764705882353,0.33636363636363636,0,1,0,0
-0.18750000000000777,0.3043478260869501,0.020942408376963352,0.007352941176470696,0.44545454545454544,0,0,1,0
0.18749999999999,0.7391304347826001,-0.13089005235602094,0.13235294117647042,0.9090909090909091,0,1,0,0
-0.3437500000000083,-0.6086956521739249,-0.015706806282722512,0.007352941176470696,-0.7,0,0,1,0
-0.7812500000000028,-0.8260869565217499,2.973821989528796,-1.5882352941176479,0.33636363636363636,1,0,0,0
0.4999999999999911,0.39130434782607515,1.031413612565445,-0.8382352941176475,-0.8,0,1,0,0
-0.5937500000000128,-0.9565217391304498,0.2513089005235602,-0.4411764705882355,0.7545454545454545,0,1,0,0
1.0,0.7391304347826001,-0.9842931937172775,1.6102941176470593,-0.5909090909090909,0,1,0,1
0.3125000000000011,0.39130434782607515,-0.4712041884816754,0.4779411764705884,-0.7,0,0,1,0
0.34374999999999056,0.34782608695650025,0.49214659685863876,-0.16176470588235323,0.5181818181818182,0,1,0,0
0.24999999999998668,0.2608695652173752,0.8010471204188482,-0.6911764705882357,0.8454545454545455,1,0,0,0
-0.8437500000000172,-0.3043478260869748,0.612565445026178,-0.345588235294118,-0.509090909090909,0,1,0,0
-0.031250000000007216,-0.04347826086957489,-0.08900523560209424,0.12499999999999974,-0.34545454545454546,0,1,0,0
-0.37500000000001554,-0.04347826086957489,-0.08376963350785341,-0.2573529411764707,0.2,0,0,1,0
1.1249999999999933,0.9999999999999752,0.7277486910994765,-0.5735294117647064,0.9,0,0,1,0
-0.406250000000005,-0.13043478260869995,-0.34554973821989526,0.595588235294118,0.5181818181818182,1,0,0,0
0.12499999999999334,0.39130434782607515,1.3403141361256545,-0.8676470588235299,-0.8545454545454545,0,1,0,0
0.34374999999999056,0.34782608695650025,-0.45549738219895286,0.9705882352941178,-0.37272727272727274,0,1,0,0
0.06249999999999667,-0.39130434782609985,-0.21465968586387435,0.8308823529411766,-0.5363636363636364,0,1,0,0
-0.8750000000000067,-0.652173913043475,0.43455497382198954,-0.17647058823529407,0.43636363636363634,0,1,0,0
-0.5000000000000089,-0.04347826086957489,-0.05759162303664921,0.08088235294117661,-0.8,0,1,0,0
-0.3125000000000011,-0.4782608695652249,-0.2774869109947644,0.21323529411764705,-0.6090909090909091,0,1,0,0
0.6562499999999917,0.4782608695652002,-0.16753926701570682,0.13235294117647042,0.5363636363636364,0,0,1,0
0.40624999999998723,0.2608695652173752,-0.6701570680628273,0.13970588235294112,0.5545454545454546,0,0,1,0
-0.5625000000000056,-0.5217391304347998,-0.7329842931937173,0.4411764705882355,-0.9272727272727272,0,0,1,0
-0.46875000000000167,-0.39130434782609985,2.7853403141361257,-1.5073529411764712,-0.6090909090909091,0,1,0,0
0.7812500000000028,0.7826086956521503,-0.5549738219895288,0.5,-0.22727272727272727,0,1,0,0
-0.7500000000000133,-0.17391304347827483,-0.3298429319371728,0.808823529411765,0.7636363636363637,1,0,0,0
-0.6562500000000094,-0.782608695652175,0.21465968586387435,-0.39705882352941185,0.9636363636363636,0,1,0,0
-0.5937500000000128,-0.9565217391304498,0.13612565445026178,-0.2573529411764707,-0.01818181818181818,0,0,1,0
0.8124999999999922,0.9130434782608502,-0.7015706806282722,0.8602941176470589,0.6090909090909091,0,1,0,0
0.3125000000000011,0.39130434782607515,-0.8586387434554974,0.9338235294117648,0.7909090909090909,1,0,0,0
0.5624999999999878,-0.17391304347827483,0.15706806282722513,-0.30882352941176505,0.8818181818181818,0,0,1,0
1.093750000000004,0.9999999999999752,-0.44502617801047123,0.4338235294117648,0.19090909090909092,0,1,0,0
0.8437499999999994,1.04347826086955,-0.21465968586387435,0.2426470588235293,-0.35454545454545455,0,1,0,0
1.1562500000000007,1.2173913043478004,1.6544502617801047,-1.205882352941177,-0.8272727272727273,0,1,0,0
0.593749999999995,0.3043478260869501,2.089005235602094,-1.227941176470589,0.7363636363636363,0,1,0,0
-0.406250000000005,-0.21739130434782503,0.9947643979057592,-0.5000000000000006,0.5727272727272728,0,0,1,0
0.21874999999999722,1.086956521739125,0.44502617801047123,-0.3308823529411766,0.06363636363636363,0,0,1,0
-0.5312500000000161,-0.6086956521739249,0.44502617801047123,-0.3750000000000003,-0.07272727272727272,0,1,0,0
-0.25000000000000444,-0.43478260869565005,-0.05235602094240838,-0.15441176470588253,0.4,0,1,0,0
0.18749999999999,0.4782608695652002,-0.24083769633507854,0.8308823529411766,-0.41818181818181815,0,1,0,0
-0.5312500000000161,-0.39130434782609985,-0.46596858638743455,0.463235294117647,0.19090909090909092,0,0,1,0
-0.218750000000015,-0.6086956521739249,-1.1204188481675392,1.5000000000000004,-0.02727272727272727,0,0,1,0
-0.46875000000000167,-0.2608695652173999,0.3403141361256545,-0.25,0.6818181818181818,0,0,1,0
0.6250000000000022,0.21739130434782503,-0.23036649214659685,0.5514705882352944,-0.12727272727272726,0,1,0,0
-0.06250000000001443,-0.39130434782609985,1.350785340314136,-1.0661764705882357,0.07272727272727272,0,1,0,0
-0.25000000000000444,0.13043478260867525,0.6596858638743456,-0.5514705882352944,0.6363636363636364,0,1,0,0
-0.46875000000000167,-0.21739130434782503,0.5654450261780105,-0.3235294117647059,-0.7636363636363637,0,1,0,0
-0.81250000000001,-0.6086956521739249,0.225130890052356,-0.15441176470588253,0.14545454545454545,0,0,1,0
0.4999999999999911,-0.08695652173914978,0.15706806282722513,0.058823529411764525,-0.00909090909090909,0,0,1,0
0.21874999999999722,0.7826086956521503,1.350785340314136,-0.8161764705882357,0.05454545454545454,0,0,1,0
-0.3437500000000083,0.04347826086955017,0.7015706806282722,-0.15441176470588253,-0.35454545454545455,1,0,0,0
0.43749999999999445,0.0,0.19895287958115182,0.15441176470588253,-0.5,0,1,0,0
0.09374999999998612,-0.08695652173914978,0.33507853403141363,-0.2647058823529414,-0.3181818181818182,0,1,0,0
-0.9062500000000139,-0.6086956521739249,-0.5497382198952879,-0.14705882352941183,-0.17272727272727273,0,0,1,0
0.46875000000000167,0.3043478260869501,-0.837696335078534,0.6911764705882355,0.3,0,0,1,0
0.8124999999999922,0.6086956521739002,0.2774869109947644,-0.3750000000000003,0.5181818181818182,1,0,0,0
1.0624999999999967,0.8695652173913001,-0.9267015706806283,1.1470588235294124,0.06363636363636363,0,1,0,0
0.15625000000000056,-0.17391304347827483,-0.39267015706806285,0.18382352941176477,-0.7636363636363637,0,0,1,0
0.09374999999998612,-0.21739130434782503,-0.6492146596858639,1.058823529411765,0.13636363636363635,0,1,0,0
-0.6562500000000094,-0.56521739130435,0.5602094240837696,-0.47058823529411775,0.9545454545454546,0,1,0,0
0.06249999999999667,0.6956521739130253,0.93717277486911,-0.9044117647058828,0.6454545454545455,0,1,0,0
0.46875000000000167,0.2608695652173752,-0.04712041884816754,-0.04411764705882365,-0.7545454545454545,0,1,0,0
-0.18750000000000777,-0.04347826086957489,-0.806282722513089,0.9264705882352946,-0.13636363636363635,0,1,0,0
0.06249999999999667,-0.21739130434782503,0.031413612565445025,0.4779411764705884,-0.10909090909090909,0,0,1,0
-0.15625000000000056,-0.3043478260869748,-1.1518324607329844,1.61764705882353,-0.21818181818181817,0,0,1,0
-0.37500000000001554,0.04347826086955017,1.057591623036649,-0.558823529411765,-0.4,0,1,0,0
0.40624999999998723,0.13043478260867525,0.7120418848167539,-0.8235294117647064,-0.11818181818181818,0,1,0,0
0.7812500000000028,0.8260869565217251,0.8952879581151832,-0.5808823529411766,-0.33636363636363636,0,1,0,0
0.12499999999999334,0.8260869565217251,-0.6335078534031413,1.0294117647058827,-0.7272727272727273,0,0,1,0
0.21874999999999722,0.39130434782607515,0.4031413612565445,-0.2573529411764707,0.01818181818181818,0,0,1,0
-1.0312500000000073,-1.0,0.36649214659685864,-0.2720588235294121,0.17272727272727273,0,1,0,0
-0.5937500000000128,-0.782608695652175,3.7329842931937174,-1.7132352941176479,0.2909090909090909,0,1,0,0
-0.9687500000000105,-1.086956521739125,0.05235602094240838,0.1691176470588234,0.15454545454545454,0,1,0,0
0.6874999999999989,0.6956521739130253,0.21465968586387435,0.22794117647058842,0.19090909090909092,0,1,0,0
-0.5625000000000056,-0.04347826086957489,0.020942408376963352,0.3382352941176473,-0.3090909090909091,0,1,0,0
0.7499999999999956,0.13043478260867525,2.4293193717277486,-1.455882352941177,-0.5181818181818182,0,1,0,0
0.24999999999998668,0.17391304347825012,-0.3089005235602094,0.22794117647058842,-0.7272727272727273,0,0,1,0
-0.8750000000000067,-0.8695652173913001,0.7277486910994765,-0.23529411764705913,0.9,0,1,0,0
0.40624999999998723,0.34782608695650025,0.28272251308900526,-0.058823529411765045,0.6090909090909091,0,0,1,0
0.7499999999999956,0.04347826086955017,0.31413612565445026,-0.3897058823529417,0.39090909090909093,0,1,0,0
1.0312499999999893,0.7826086956521503,-0.3612565445026178,0.3308823529411766,-0.2636363636363636,0,1,0,0
-0.25000000000000444,-0.6956521739130499,-1.036649214659686,1.5073529411764712,-0.5727272727272728,0,0,1,0
0.2812499999999939,0.34782608695650025,2.162303664921466,-1.330882352941177,-0.5909090909090909,1,0,0,0
-0.031250000000007216,-0.21739130434782503,0.12041884816753927,0.463235294117647,0.39090909090909093,0,1,0,0
-1.0312500000000073,-0.9565217391304498,-0.2879581151832461,0.6397058823529411,-0.6909090909090909,0,1,0,0
-0.5625000000000056,-0.6956521739130499,-0.45549738219895286,0.9264705882352946,0.4,0,1,0,0
-0.5000000000000089,-0.6086956521739249,-0.8167539267015707,0.6176470588235295,-0.6727272727272727,0,0,1,0
0.2812499999999939,-0.17391304347827483,-1.12565445026178,1.345588235294118,0.5,0,0,1,0
-0.06250000000001443,-0.39130434782609985,0.6335078534031413,-0.4044117647058825,-0.01818181818181818,0,1,0,0
0.5312499999999983,0.3043478260869501,0.225130890052356,0.2426470588235293,-0.7090909090909091,0,1,0,0
0.43749999999999445,0.34782608695650025,6.5811518324607325,-2.3602941176470598,-0.8363636363636363,0,1,0,1
-0.5000000000000089,-0.34782608695652495,-0.19895287958115182,0.1691176470588234,0.6,0,0,1,0
-0.46875000000000167,-0.21739130434782503,1.1099476439790577,-0.8602941176470594,-0.15454545454545454,0,1,0,0
0.09374999999998612,0.5652173913043252,2.2670157068062826,-1.191176470588236,0.21818181818181817,0,1,0,0
0.12499999999999334,-0.04347826086957489,0.4031413612565445,-0.22794117647058842,0.6727272727272727,0,0,1,0
0.7812500000000028,0.9130434782608502,0.08900523560209424,0.21323529411764705,0.9181818181818182,0,1,0,0
-1.125000000000011,-1.217391304347825,0.3298429319371728,-0.21323529411764705,0.5181818181818182,0,1,0,0
0.7812500000000028,0.39130434782607515,0.08900523560209424,0.19852941176470565,0.37272727272727274,0,1,0,0
0.6562499999999917,0.6086956521739002,1.2617801047120418,-0.6544117647058828,0.5909090909090909,0,1,0,0
-0.5312500000000161,-0.9565217391304498,-0.29842931937172773,0.38235294117647045,-0.7636363636363637,0,1,0,0
-0.81250000000001,-0.913043478260875,-0.387434554973822,0.4191176470588234,0.37272727272727274,0,0,1,0
0.15625000000000056,0.0,-0.09424083769633508,0.7205882352941178,-0.8,0,1,0,0
0.593749999999995,0.0,-0.49214659685863876,0.7573529411764707,0.5909090909090909,0,1,0,0
0.031249999999989453,-0.08695652173914978,0.34554973821989526,-0.6544117647058828,0.6272727272727273,0,0,1,0
0.12499999999999334,0.8260869565217251,-1.256544502617801,1.5220588235294121,0.35454545454545455,0,0,1,0
0.12499999999999334,-0.13043478260869995,-0.7120418848167539,1.0220588235294121,0.2,0,1,0,0
-0.09375000000000389,-0.43478260869565005,0.8638743455497382,-0.720588235294118,0.8454545454545455,0,1,0,0
-0.7812500000000028,-0.7391304347826249,-0.5863874345549738,0.8676470588235295,1.009090909090909,0,0,1,0
-0.8437500000000172,-0.7391304347826249,-0.4031413612565445,0.7573529411764707,-0.33636363636363636,0,1,0,0
-0.6562500000000094,-0.913043478260875,0.08900523560209424,-0.036764705882352956,-0.509090909090909,1,0,0,0
-0.9375000000000033,-0.8260869565217499,0.1256544502617801,0.15441176470588253,0.8363636363636363,1,0,0,0
-0.06250000000001443,0.521739130434775,0.09947643979057591,0.4117647058823532,0.41818181818181815,0,1,0,0
0.5312499999999983,0.39130434782607515,0.774869109947644,-0.558823529411765,0.8,0,1,0,0
0.18749999999999,-0.13043478260869995,-0.5078534031413613,0.6102941176470589,0.4,0,1,0,0
-0.7500000000000133,-1.2608695652173998,-0.581151832460733,0.21323529411764705,0.8181818181818182,0,1,0,0
0.12499999999999334,0.13043478260867525,1.0418848167539267,-0.5147058823529413,-0.32727272727272727,0,1,0,0
1.0312499999999893,0.9565217391304252,0.09947643979057591,0.14705882352941183,-0.4090909090909091,1,0,0,0
-0.09375000000000389,-0.39130434782609985,1.3455497382198953,-1.0441176470588243,-0.4,0,1,0,0
0.18749999999999,0.08695652173912506,0.8167539267015707,-0.757352941176471,-0.9181818181818182,0,0,1,0
0.18749999999999,0.7391304347826001,-0.43455497382198954,0.5073529411764707,0.10909090909090909,0,1,0,0
0.7187499999999883,0.521739130434775,0.0,-0.13970588235294112,0.11818181818181818,0,1,0,0
-0.6250000000000022,-0.913043478260875,3.277486910994764,-1.5955882352941184,-0.5636363636363636,0,0,1,0
0.031249999999989453,0.652173913043475,-0.9476439790575916,0.7941176470588237,0.9818181818181818,0,1,0,0
-0.218750000000015,-0.43478260869565005,-0.3298429319371728,0.7279411764705884,0.24545454545454545,0,0,1,0
-0.6875000000000167,-0.43478260869565005,-0.07853403141361257,-0.20588235294117688,-0.7,0,0,1,0
0.21874999999999722,0.17391304347825012,0.2931937172774869,0.0,1.0272727272727273,1,0,0,0
-0.5625000000000056,-0.56521739130435,-0.5863874345549738,0.7573529411764707,-0.8545454545454545,0,0,1,0
-0.5937500000000128,-0.913043478260875,0.18324607329842932,-0.13970588235294112,-0.43636363636363634,0,1,0,0
-0.9062500000000139,-0.9565217391304498,-0.9267015706806283,2.595588235294119,0.5909090909090909,0,1,0,1
0.34374999999999056,0.2608695652173752,2.345549738219895,-1.3823529411764712,-0.5727272727272728,0,1,0,0
1.0,0.7391304347826001,0.17277486910994763,0.036764705882352956,0.8909090909090909,0,0,1,0
1.093750000000004,1.1304347826086751,-0.5235602094240838,0.4485294117647062,-0.45454545454545453,1,0,0,0
-0.9375000000000033,-0.8695652173913001,0.015706806282722512,-0.17647058823529407,0.9363636363636364,0,0,1,0
-0.7812500000000028,-0.34782608695652495,0.2094240837696335,-0.4264705882352946,-0.9,0,1,0,0
1.1249999999999933,0.9999999999999752,-0.8115183246073299,0.8014705882352944,0.4090909090909091,0,1,0,0
-0.4375000000000122,-0.4782608695652249,0.32460732984293195,-0.36764705882352955,0.4090909090909091,0,1,0,0
-0.6875000000000167,-0.7391304347826249,0.7015706806282722,-0.4117647058823532,0.7636363636363637,1,0,0,0
-0.5937500000000128,-1.043478260869575,-0.23036649214659685,0.3235294117647059,-0.16363636363636364,0,1,0,0
-0.1250000000000111,-0.39130434782609985,-0.4816753926701571,0.4411764705882355,0.6,0,1,0,0
-0.3125000000000011,0.21739130434782503,1.5340314136125655,-1.0367647058823535,-0.15454545454545454,0,1,0,0
0.6562499999999917,0.7391304347826001,-0.9057591623036649,1.6397058823529416,-0.6909090909090909,1,0,0,0
-0.5937500000000128,-0.56521739130435,0.643979057591623,0.022058823529411565,-0.7909090909090909,0,0,1,0
0.12499999999999334,0.17391304347825012,-0.49214659685863876,1.5294117647058827,-0.3090909090909091,0,1,0,0
-0.031250000000007216,-0.39130434782609985,0.5602094240837696,-0.5882352941176473,0.39090909090909093,0,1,0,0
-0.28125000000001166,0.0,0.20418848167539266,-0.29411764705882365,-0.9272727272727272,1,0,0,0
0.5312499999999983,0.21739130434782503,0.09947643979057591,0.2720588235294116,-0.33636363636363636,0,1,0,0
-0.15625000000000056,0.0,-0.08376963350785341,0.20588235294117635,-0.5909090909090909,0,1,0,0
0.40624999999998723,0.2608695652173752,0.17277486910994763,0.3161764705882352,-0.1,1,0,0,0
0.43749999999999445,0.2608695652173752,0.9581151832460733,-0.8970588235294124,0.2545454545454545,0,1,0,0
0.9375000000000033,0.4782608695652002,0.6544502617801047,-0.3602941176470589,-0.7636363636363637,0,1,0,0
-0.031250000000007216,0.6086956521739002,-0.2513089005235602,0.11764705882352956,0.20909090909090908,0,1,0,0
-0.6875000000000167,-1.043478260869575,0.1256544502617801,0.19852941176470565,0.16363636363636364,0,0,1,0
0.6562499999999917,0.43478260869565005,0.6544502617801047,-0.6985294117647062,-0.01818181818181818,1,0,0,0
-0.218750000000015,-0.4782608695652249,0.8219895287958116,-0.8602941176470594,0.2909090909090909,0,1,0,0
0.8437499999999994,0.9999999999999752,-0.581151832460733,0.4485294117647062,-0.33636363636363636,0,1,0,0
-0.5937500000000128,-1.0,0.09424083769633508,0.20588235294117635,-0.42727272727272725,0,1,0,0
-0.7500000000000133,-0.6086956521739249,1.0,-0.808823529411765,-0.045454545454545456,0,1,0,0
0.8749999999999889,0.9565217391304252,1.6020942408376964,-1.1102941176470593,0.6636363636363637,0,0,1,0
0.15625000000000056,0.2608695652173752,-0.6020942408376964,0.20588235294117635,0.7545454545454545,0,0,1,0
0.21874999999999722,-0.21739130434782503,-0.02617801047120419,0.4191176470588234,-0.5454545454545454,0,1,0,0
-0.8750000000000067,-0.652173913043475,-0.6649214659685864,0.9852941176470591,0.045454545454545456,1,0,0,0
1.2187499999999971,1.3478260869565002,0.5863874345549738,-0.1691176470588239,0.18181818181818182,0,1,0,0
0.5624999999999878,0.3043478260869501,0.11518324607329843,0.22794117647058842,-0.4090909090909091,0,1,0,0
-0.6250000000000022,-0.4782608695652249,0.46596858638743455,-0.45588235294117685,-0.2,0,1,0,0
-0.06250000000001443,0.5652173913043252,0.4869109947643979,-0.8235294117647064,0.4818181818181818,0,1,0,0
-1.406250000000005,-1.652173913043475,-0.4031413612565445,0.39705882352941185,-0.4909090909090909,0,0,1,0
-0.406250000000005,0.21739130434782503,0.518324607329843,-0.07352941176470591,0.9454545454545454,0,1,0,0
-0.5000000000000089,-0.56521739130435,0.2617801047120419,-0.38235294117647095,-0.8090909090909091,0,0,1,0
-0.5000000000000089,-0.8260869565217499,-0.27225130890052357,0.5441176470588237,-0.8090909090909091,0,1,0,0
0.8437499999999994,0.9565217391304252,-0.15706806282722513,0.18382352941176477,1.1363636363636365,0,1,0,0
0.09374999999998612,0.5652173913043252,-0.39790575916230364,0.7794117647058828,0.13636363636363635,1,0,0,0
0.6562499999999917,0.652173913043475,-0.45549738219895286,1.0294117647058827,-0.5363636363636364,0,1,0,0
-0.5937500000000128,-0.56521739130435,0.8534031413612565,-0.632352941176471,-0.7,0,1,0,0
0.3125000000000011,0.17391304347825012,-1.0157068062827226,1.514705882352942,-0.06363636363636363,0,0,1,0
0.12499999999999334,0.652173913043475,-0.3089005235602094,0.676470588235294,-0.13636363636363635,0,1,0,0
-0.406250000000005,-0.04347826086957489,3.115183246073298,-1.5073529411764712,0.37272727272727274,0,1,0,0
0.09374999999998612,0.652173913043475,1.1099476439790577,-0.683823529411765,0.8727272727272727,1,0,0,0
-0.3125000000000011,0.04347826086955017,-0.4083769633507853,0.9264705882352946,0.42727272727272725,0,1,0,0
1.1249999999999933,1.30434782608695,-0.774869109947644,0.6617647058823533,0.7363636363636363,0,1,0,0
0.21874999999999722,0.4782608695652002,-0.07853403141361257,0.0,-0.18181818181818182,0,0,1,0
-0.06250000000001443,0.5652173913043252,0.6492146596858639,-0.25,0.1,0,1,0,0
0.2812499999999939,0.39130434782607515,-0.5287958115183246,1.1176470588235297,-0.08181818181818182,0,1,0,0
0.3749999999999978,0.5652173913043252,1.7539267015706805,-1.24264705882353,0.9818181818181818,0,0,1,0
-0.81250000000001,-0.5217391304347998,-1.1675392670157068,0.6176470588235295,-0.8,0,0,1,0
-0.406250000000005,-0.56521739130435,-0.031413612565445025,0.4926470588235293,-0.3181818181818182,0,0,1,0
-0.218750000000015,-0.34782608695652495,0.11518324607329843,0.10294117647058817,-0.7,0,1,0,0
0.24999999999998668,0.13043478260867525,1.4921465968586387,-0.9044117647058828,-0.15454545454545454,0,1,0,0
-0.15625000000000056,-0.4782608695652249,1.219895287958115,-1.0294117647058827,0.35454545454545455,0,0,1,0
-0.031250000000007216,-0.3043478260869748,-0.02617801047120419,-0.11764705882352956,-0.6363636363636364,1,0,0,0
-0.406250000000005,0.04347826086955017,1.6282722513089005,-0.9779411764705886,0.8818181818181818,0,1,0,0
-0.46875000000000167,-0.3043478260869748,-0.3298429319371728,0.595588235294118,0.2636363636363636,0,1,0,0
-0.09375000000000389,-0.2608695652173999,0.45549738219895286,-0.8529411764705886,-0.7636363636363637,0,1,0,0
0.09374999999998612,-0.2608695652173999,0.23036649214659685,0.7794117647058828,0.21818181818181817,1,0,0,0
-0.5000000000000089,-0.3043478260869748,0.09424083769633508,-0.19117647058823548,-0.11818181818181818,0,0,1,0
-0.5312500000000161,-0.2608695652173999,3.4031413612565444,-1.8235294117647067,-0.08181818181818182,0,1,0,1
1.1249999999999933,1.1304347826086751,2.5445026178010473,-1.3014705882352948,0.5363636363636364,0,1,0,0
0.6874999999999989,0.5652173913043252,-0.31413612565445026,0.29411764705882365,-0.509090909090909,1,0,0,0
1.2812499999999938,1.4347826086956252,-0.4816753926701571,1.0808823529411766,-0.5727272727272728,0,0,1,0
0.6874999999999989,0.7826086956521503,-0.3612565445026178,0.8676470588235295,0.6,0,1,0,0
0.09374999999998612,0.5652173913043252,-0.41361256544502617,0.3308823529411766,0.18181818181818182,0,1,0,0
-0.5937500000000128,-1.0,-0.387434554973822,0.5,0.09090909090909091,0,1,0,0
-0.8750000000000067,-0.7391304347826249,0.8481675392670157,-0.8235294117647064,-0.8181818181818182,0,0,1,0
1.0312499999999893,0.9565217391304252,0.9267015706806283,-0.6985294117647062,-0.36363636363636365,0,1,0,0
-0.5000000000000089,-0.13043478260869995,-0.18324607329842932,0.058823529411764525,0.45454545454545453,0,1,0,0
0.24999999999998668,0.04347826086955017,0.15706806282722513,-0.14705882352941183,0.2727272727272727,0,0,1,0
-0.4375000000000122,-0.43478260869565005,-0.418848167539267,0.6911764705882355,0.8454545454545455,0,0,1,0
0.24999999999998668,0.521739130434775,-1.0890052356020943,1.382352941176471,-0.2727272727272727,1,0,0,0
-0.81250000000001,-0.652173913043475,-0.16230366492146597,0.35294117647058815,0.8272727272727273,0,0,1,0
-0.218750000000015,0.17391304347825012,-0.6858638743455497,0.45588235294117635,0.6,0,1,0,0
-0.406250000000005,-0.08695652173914978,1.2460732984293195,-0.9117647058823535,-0.5181818181818182,0,0,1,0
1.1562500000000007,1.2173913043478004,0.36649214659685864,-0.4044117647058825,-0.8454545454545455,0,1,0,0
0.24999999999998668,0.8260869565217251,-0.2931937172774869,0.09558823529411747,0.7818181818181819,0,0,1,0
0.6874999999999989,0.39130434782607515,0.3036649214659686,-0.21323529411764705,0.6636363636363637,0,1,0,0
0.2812499999999939,0.21739130434782503,1.0209424083769634,-0.9411764705882357,-0.8454545454545455,0,0,1,0
-0.37500000000001554,0.08695652173912506,-0.3507853403141361,-0.08088235294117661,-0.6818181818181818,0,1,0,0
0.0,0.17391304347825012,0.1518324607329843,-0.3014705882352943,0.01818181818181818,0,1,0,0
-0.15625000000000056,0.04347826086955017,0.6492146596858639,-0.2573529411764707,-0.8181818181818182,0,1,0,0
0.7499999999999956,0.04347826086955017,-0.9109947643979057,0.7720588235294121,0.37272727272727274,0,1,0,1
0.12499999999999334,0.521739130434775,-0.14659685863874344,0.45588235294117635,-0.5272727272727272,0,1,0,0
0.12499999999999334,0.17391304347825012,0.7486910994764397,-0.4117647058823532,-0.4,0,1,0,0
-0.3437500000000083,-0.04347826086957489,0.031413612565445025,-0.15441176470588253,0.5545454545454546,0,1,0,0
0.5312499999999983,0.4782608695652002,-0.8848167539267016,0.8970588235294118,-0.35454545454545455,0,1,0,0
-0.8437500000000172,-0.652173913043475,0.9162303664921466,-0.5735294117647064,0.6636363636363637,0,1,0,0
-0.7812500000000028,-0.6956521739130499,-0.193717277486911,-0.029411764705882262,-0.6636363636363637,0,0,1,0
-0.15625000000000056,-0.4782608695652249,-0.4712041884816754,0.6176470588235295,0.41818181818181815,0,1,0,0
-0.6875000000000167,-0.652173913043475,3.973821989528796,-1.7941176470588245,0.16363636363636364,0,1,0,0
0.9375000000000033,1.17391304347825,-0.19895287958115182,0.29411764705882365,0.01818181818181818,0,1,0,0
1.0312499999999893,0.9130434782608502,0.8010471204188482,-0.5441176470588237,0.8,0,1,0,0
1.0312499999999893,0.6086956521739002,1.643979057591623,-1.1323529411764712,0.16363636363636364,0,0,1,0
0.2812499999999939,0.6956521739130253,0.8743455497382199,-0.6470588235294121,0.39090909090909093,0,1,0,0
-0.37500000000001554,-0.13043478260869995,0.5916230366492147,-0.2647058823529414,0.02727272727272727,0,1,0,0
-0.6250000000000022,-0.56521739130435,3.680628272251309,-1.7500000000000009,0.8,0,0,1,0
0.6562499999999917,0.6086956521739002,-0.8219895287958116,0.9044117647058825,0.45454545454545453,0,1,0,0
-0.5937500000000128,-0.7391304347826249,-0.774869109947644,0.6838235294117648,0.9272727272727272,0,1,0,0
0.24999999999998668,-0.2608695652173999,-0.17801047120418848,0.2426470588235293,0.17272727272727273,1,0,0,0
-0.406250000000005,-0.8695652173913001,-0.16230366492146597,0.9852941176470591,-0.7181818181818181,0,1,0,0
1.2500000000000044,1.3478260869565002,2.74869109947644,-1.5588235294117656,-0.5636363636363636,0,0,1,0
0.2812499999999939,0.17391304347825012,-0.4973821989528796,0.5073529411764707,0.8636363636363636,0,1,0,0
-1.406250000000005,-1.652173913043475,0.6963350785340314,-0.5441176470588237,-0.4636363636363636,0,1,0,0
-0.9062500000000139,-0.9565217391304498,0.4031413612565445,-0.3161764705882357,0.3,0,1,0,0
0.7187499999999883,0.0,0.2774869109947644,-0.5294117647058828,0.22727272727272727,0,1,0,0
-0.4375000000000122,-0.13043478260869995,-0.42408376963350786,0.04411764705882365,-0.2,1,0,0,0
0.2812499999999939,0.39130434782607515,1.5759162303664922,-1.0514705882352946,0.6090909090909091,0,1,0,0
0.8124999999999922,0.2608695652173752,2.481675392670157,-1.477941176470589,-0.7818181818181819,0,1,0,0
-0.031250000000007216,-0.2608695652173999,2.2094240837696337,-1.3382352941176479,-0.8909090909090909,0,1,0,0
-0.406250000000005,-0.39130434782609985,-0.4083769633507853,1.0147058823529413,0.2545454545454545,1,0,0,0
-0.6250000000000022,-0.8260869565217499,1.219895287958115,-0.9779411764705886,-0.7272727272727273,0,0,1,0
-0.28125000000001166,-0.4782608695652249,0.06282722513089005,0.6470588235294118,1.1,0,1,0,1
0.34374999999999056,0.39130434782607515,0.4869109947643979,-0.21323529411764705,1.018181818181818,0,1,0,0
0.7187499999999883,0.6956521739130253,-0.041884816753926704,-0.24264705882352983,0.9818181818181818,0,1,0,0
0.2812499999999939,-0.04347826086957489,-1.5235602094240839,2.0441176470588247,-0.7,1,0,0,0
-0.031250000000007216,0.04347826086955017,0.900523560209424,-0.7647058823529417,-0.39090909090909093,0,1,0,0
0.031249999999989453,0.08695652173912506,-0.13089005235602094,-0.14705882352941183,-0.5636363636363636,0,0,1,0
-0.5937500000000128,-0.8260869565217499,-0.3507853403141361,0.7426470588235299,-0.5818181818181818,0,1,0,0
0.06249999999999667,-0.2608695652173999,-0.1518324607329843,-0.10294117647058817,-0.6545454545454545,0,1,0,0
0.031249999999989453,0.0,0.7643979057591623,-0.7058823529411768,-0.5818181818181818,0,1,0,0
-0.25000000000000444,-0.5217391304347998,1.382198952879581,-1.1250000000000004,0.8090909090909091,0,0,1,0
0.06249999999999667,0.6086956521739002,0.2356020942408377,-0.5808823529411766,-0.7454545454545455,0,1,0,0
0.15625000000000056,0.13043478260867525,2.6387434554973823,-1.49264705882353,0.08181818181818182,0,1,0,0
0.7187499999999883,0.6956521739130253,1.1413612565445026,-0.9705882352941183,0.045454545454545456,0,1,0,0
0.18749999999999,-0.04347826086957489,0.7225130890052356,-0.4044117647058825,0.6454545454545455,0,0,1,0
0.46875000000000167,0.43478260869565005,0.9267015706806283,-0.8014705882352946,0.03636363636363636,0,1,0,0
0.06249999999999667,-0.04347826086957489,-0.49214659685863876,0.22794117647058842,-0.8909090909090909,0,0,1,0
0.43749999999999445,0.3043478260869501,0.4712041884816754,-0.4117647058823532,0.5,0,1,0,0
-0.6875000000000167,-0.6956521739130499,0.08376963350785341,-0.4264705882352946,-0.41818181818181815,0,1,0,0
0.18749999999999,0.2608695652173752,-0.837696335078534,0.845588235294118,0.9454545454545454,0,0,1,0
1.0312499999999893,0.7826086956521503,1.4031413612565444,-0.6250000000000002,0.8636363636363636,0,1,0,0
-0.5625000000000056,-0.913043478260875,7.2408376963350785,-2.669117647058825,-0.45454545454545453,0,1,0,1
-0.18750000000000777,-0.04347826086957489,-0.6492146596858639,0.7573529411764707,-0.2,0,1,0,0
1.1562500000000007,1.2173913043478004,0.47643979057591623,-0.3602941176470589,-0.34545454545454546,0,0,1,0
-1.0312500000000073,-1.1304347826087,-0.1518324607329843,0.1691176470588234,0.0,0,1,0,0
-0.5312500000000161,-0.2608695652173999,-0.7643979057591623,0.7352941176470591,0.16363636363636364,0,1,0,0
0.24999999999998668,0.21739130434782503,0.18324607329842932,-0.25,-0.9454545454545454,0,1,0,0
1.0,1.1304347826086751,0.7277486910994765,-0.4779411764705884,-0.02727272727272727,0,0,1,0
-1.0000000000000178,-1.0,-0.4083769633507853,0.6617647058823533,0.509090909090909,0,1,0,0
-0.406250000000005,-0.08695652173914978,-0.33507853403141363,0.3750000000000003,-0.6090909090909091,1,0,0,1
-0.1250000000000111,0.17391304347825012,-0.05759162303664921,-0.058823529411765045,0.21818181818181817,0,0,1,0
0.2812499999999939,0.5652173913043252,-0.13089005235602094,-0.04411764705882365,-0.2909090909090909,0,1,0,0
0.8749999999999889,0.9130434782608502,0.35602094240837695,0.036764705882352956,0.2909090909090909,0,1,0,0
0.18749999999999,0.39130434782607515,-0.6544502617801047,0.08088235294117661,-0.12727272727272726,0,0,1,0
-0.3125000000000011,-0.56521739130435,-0.06282722513089005,0.06617647058823521,0.9272727272727272,0,0,1,0
1.093750000000004,0.6956521739130253,-0.14136125654450263,0.0,-0.2,1,0,0,0
-0.46875000000000167,-0.04347826086957489,-0.8848167539267016,0.5808823529411766,-0.5909090909090909,0,1,0,0
0.5624999999999878,0.39130434782607515,-0.3717277486910995,0.10294117647058817,-0.509090909090909,0,0,1,0
-0.7500000000000133,-0.56521739130435,-0.6020942408376964,0.4044117647058825,0.7545454545454545,0,0,1,0
1.0624999999999967,1.2608695652173751,0.5392670157068062,-0.4485294117647062,0.17272727272727273,0,1,0,0
-0.9687500000000105,-1.043478260869575,1.193717277486911,-0.8529411764705886,0.7181818181818181,0,1,0,0
0.3125000000000011,0.2608695652173752,-0.6649214659685864,0.6617647058823533,-0.9727272727272728,0,1,0,0
0.24999999999998668,0.9999999999999752,-0.7277486910994765,0.9117647058823533,0.16363636363636364,0,1,0,0
-0.8437500000000172,-0.34782608695652495,-0.7225130890052356,0.9044117647058825,-0.2818181818181818,1,0,0,0
-0.406250000000005,0.0,1.0523560209424083,-0.6911764705882357,0.39090909090909093,1,0,0,0
-0.28125000000001166,-0.5217391304347998,0.36649214659685864,-0.19852941176470618,0.9545454545454546,0,0,1,0
-0.3125000000000011,0.21739130434782503,-0.8952879581151832,0.5808823529411766,0.37272727272727274,1,0,0,0
0.12499999999999334,0.652173913043475,0.015706806282722512,-0.286764705882353,-0.8818181818181818,1,0,0,0
-0.8437500000000172,-0.7391304347826249,0.11518324607329843,-0.10294117647058817,-0.4090909090909091,0,1,0,0
0.3125000000000011,0.521739130434775,0.6230366492146597,-0.3308823529411766,-0.6636363636363637,0,1,0,0
0.40624999999998723,0.21739130434782503,-0.11518324607329843,-0.18382352941176477,-0.2727272727272727,0,1,0,0
-0.9062500000000139,-0.6956521739130499,0.5654450261780105,-0.6250000000000002,0.8181818181818182,0,0,1,0
-0.18750000000000777,-0.39130434782609985,-0.031413612565445025,0.058823529411764525,0.5636363636363636,0,0,1,0
0.4999999999999911,0.2608695652173752,-0.9685863874345549,1.095588235294118,0.7909090909090909,0,1,0,0
-0.5937500000000128,-0.9565217391304498,-0.06282722513089005,-0.029411764705882262,0.6727272727272727,1,0,0,0
-0.6250000000000022,-0.6086956521739249,0.23036649214659685,-0.0882352941176473,-0.9727272727272728,0,0,1,0
-0.3125000000000011,0.17391304347825012,-0.16753926701570682,-0.12500000000000025,0.35454545454545455,0,1,0,0
-0.1250000000000111,-0.39130434782609985,-0.9267015706806283,1.8161764705882357,-0.32727272727272727,0,1,0,0
0.06249999999999667,0.7391304347826001,0.2356020942408377,-0.5220588235294121,-0.8272727272727273,0,1,0,0
0.43749999999999445,0.21739130434782503,2.4031413612565444,-1.4632352941176479,0.15454545454545454,0,1,0,0
0.6562499999999917,0.521739130434775,-0.6701570680628273,0.5073529411764707,-0.08181818181818182,0,0,1,0
0.593749999999995,-0.04347826086957489,1.7225130890052356,-1.264705882352942,0.6454545454545455,0,1,0,0
-0.4375000000000122,0.04347826086955017,0.4973821989528796,-0.5000000000000006,-0.6454545454545455,0,0,1,0
-0.5312500000000161,-0.652173913043475,0.34554973821989526,-0.41911764705882393,0.4818181818181818,0,1,0,0
0.40624999999998723,0.2608695652173752,0.9895287958115183,-0.5735294117647064,-0.9272727272727272,0,0,1,0
0.40624999999998723,0.13043478260867525,-1.057591623036649,0.8161764705882357,0.045454545454545456,0,1,0,0
-0.7500000000000133,-0.56521739130435,0.06282722513089005,0.0,-0.22727272727272727,0,1,0,0
-0.7187500000000061,-1.1304347826087,-0.5863874345549738,0.6250000000000002,0.01818181818181818,0,1,0,0
0.7812500000000028,0.3043478260869501,-0.08900523560209424,-0.2720588235294121,0.4818181818181818,0,1,0,0
0.031249999999989453,0.652173913043475,0.5497382198952879,-0.3750000000000003,0.9545454545454546,0,0,1,0
0.09374999999998612,-0.21739130434782503,0.2617801047120419,0.27941176470588225,-0.2909090909090909,0,1,0,0
-0.218750000000015,-0.39130434782609985,0.34554973821989526,0.051470588235293824,-0.3090909090909091,0,1,0,0
0.7187499999999883,0.4782608695652002,-0.518324607329843,0.8750000000000002,-0.45454545454545453,0,1,0,0
-0.6875000000000167,-1.043478260869575,0.17801047120418848,-0.17647058823529407,-0.8363636363636363,0,1,0,0
0.40624999999998723,0.08695652173912506,0.5602094240837696,-0.808823529411765,0.5363636363636364,0,0,1,0
0.2812499999999939,0.3043478260869501,0.15706806282722513,-0.058823529411765045,0.7909090909090909,0,0,1,0
-0.46875000000000167,-0.21739130434782503,-0.8324607329842932,1.4191176470588238,0.8454545454545455,0,0,1,0
0.3749999999999978,0.39130434782607515,-0.8481675392670157,1.4117647058823533,0.24545454545454545,1,0,0,0
0.12499999999999334,0.652173913043475,1.1884816753926701,-0.7279411764705886,-0.00909090909090909,0,1,0,0
-0.46875000000000167,-0.08695652173914978,0.2774869109947644,-0.11029411764705888,-0.6454545454545455,0,1,0,0
0.4999999999999911,0.04347826086955017,0.9581151832460733,-0.8235294117647064,-0.43636363636363634,0,1,0,0
0.5624999999999878,0.3043478260869501,-0.2513089005235602,0.19117647058823548,-0.2,1,0,0,0
0.24999999999998668,0.34782608695650025,1.1727748691099475,-0.7352941176470591,-0.045454545454545456,0,0,1,0
-0.15625000000000056,0.3043478260869501,-0.5759162303664922,0.7205882352941178,-0.2636363636363636,0,1,0,0
-0.406250000000005,-0.04347826086957489,0.13612565445026178,-0.11764705882352956,-0.2727272727272727,0,0,1,0
0.8124999999999922,0.7391304347826001,1.1780104712041886,-0.7426470588235299,-0.8636363636363636,0,0,1,0
0.6874999999999989,0.4782608695652002,0.24083769633507854,0.036764705882352956,-0.37272727272727274,0,1,0,0
-0.406250000000005,-0.43478260869565005,-0.07329842931937172,0.6617647058823533,0.19090909090909092,0,1,0,0
-0.6875000000000167,-1.043478260869575,-0.05759162303664921,0.2647058823529414,-0.43636363636363634,0,1,0,0
0.34374999999999056,-0.04347826086957489,0.6020942408376964,-0.18382352941176477,-0.6818181818181818,0,1,0,0
-0.5937500000000128,-0.3043478260869748,0.9947643979057592,-0.41911764705882393,-0.3090909090909091,0,0,1,0
-0.1250000000000111,-0.39130434782609985,-0.18324607329842932,0.6985294117647062,0.22727272727272727,1,0,0,0
-0.81250000000001,-0.7391304347826249,0.4397905759162304,-0.29411764705882365,-0.08181818181818182,1,0,0,0
-0.5625000000000056,-0.56521739130435,0.743455497382199,-0.7132352941176475,-0.6727272727272727,0,1,0,0
-0.8437500000000172,-0.652173913043475,0.5287958115183246,-0.5367647058823535,-0.2,0,0,1,0
0.06249999999999667,0.6956521739130253,-0.2931937172774869,-0.24264705882352983,-0.9727272727272728,0,0,1,0
-0.7812500000000028,-0.4782608695652249,-0.08376963350785341,0.3897058823529411,-0.39090909090909093,0,1,0,0
0.8437499999999994,0.21739130434782503,0.8795811518324608,-0.7058823529411768,0.8545454545454545,0,1,0,0
-0.28125000000001166,-0.6956521739130499,-0.6073298429319371,0.808823529411765,-0.08181818181818182,0,1,0,0
-0.7500000000000133,-1.086956521739125,1.7853403141361257,-1.3382352941176479,-0.41818181818181815,0,1,0,0
0.06249999999999667,-0.39130434782609985,1.5916230366492146,-1.0073529411764712,0.5636363636363636,0,1,0,0
0.15625000000000056,0.34782608695650025,-0.8324607329842932,0.48529411764705915,0.23636363636363636,0,1,0,0
0.4999999999999911,-0.13043478260869995,-0.06282722513089005,-0.058823529411765045,0.06363636363636363,0,1,0,0
-1.093750000000004,-1.1739130434782747,-0.8900523560209425,0.7426470588235299,0.6363636363636364,1,0,0,0
-0.7812500000000028,-0.782608695652175,1.2513089005235603,-0.9117647058823535,-0.8545454545454545,0,1,0,0
0.7187499999999883,0.0,0.08900523560209424,-0.2573529411764707,-0.09090909090909091,0,0,1,0
0.6562499999999917,-0.04347826086957489,-0.18324607329842932,0.2573529411764707,-0.6272727272727273,1,0,0,0
-1.1875000000000078,-1.1739130434782747,-0.8795811518324608,0.7647058823529413,-0.5363636363636364,0,0,1,0
0.09374999999998612,-0.21739130434782503,0.581151832460733,-0.720588235294118,0.4909090909090909,0,0,1,0
-0.7500000000000133,-1.2608695652173998,-0.5130890052356021,0.2647058823529414,-0.9545454545454546,0,0,1,0
0.21874999999999722,0.5652173913043252,-0.9790575916230366,1.2867647058823535,-0.5818181818181818,0,1,0,0
0.8124999999999922,0.13043478260867525,0.20418848167539266,-0.3235294117647059,-0.6272727272727273,0,1,0,0
-0.6250000000000022,-1.086956521739125,-0.02617801047120419,0.20588235294117635,0.5818181818181818,0,1,0,0
0.21874999999999722,0.6956521739130253,0.39267015706806285,-0.6397058823529417,1.018181818181818,0,1,0,0
0.12499999999999334,-0.17391304347827483,-0.5968586387434555,0.2352941176470586,-0.8909090909090909,0,0,1,0
-0.81250000000001,-0.6086956521739249,1.350785340314136,-1.0220588235294124,0.5181818181818182,0,1,0,0
-0.9687500000000105,-0.9565217391304498,-1.0837696335078535,2.132352941176471,0.41818181818181815,0,1,0,1
0.0,0.5652173913043252,-0.44502617801047123,0.558823529411765,-0.3090909090909091,0,1,0,0
0.3749999999999978,0.0,-0.774869109947644,0.9926470588235299,0.7818181818181819,0,1,0,0
-0.15625000000000056,0.0,-0.7643979057591623,0.632352941176471,-0.1,0,0,1,0
0.9062499999999961,0.43478260869565005,0.12041884816753927,-0.20588235294117688,0.6272727272727273,0,0,1,0
-0.3437500000000083,-0.6086956521739249,-0.5602094240837696,0.6250000000000002,-0.9727272727272728,0,1,0,0
0.8124999999999922,0.8695652173913001,1.1780104712041886,-1.1544117647058831,0.35454545454545455,0,1,0,0
0.40624999999998723,0.521739130434775,-0.5549738219895288,0.1617647058823527,-0.5363636363636364,0,1,0,0
-0.25000000000000444,-0.6086956521739249,-0.43455497382198954,0.75,0.9181818181818182,0,0,1,0
0.34374999999999056,0.34782608695650025,-0.7539267015706806,0.7867647058823529,0.1,0,0,1,0
-0.37500000000001554,-0.04347826086957489,0.3036649214659686,0.38235294117647045,-0.44545454545454544,0,0,1,0
-0.5000000000000089,-0.913043478260875,0.08376963350785341,-0.20588235294117688,-0.7090909090909091,0,0,1,0
0.18749999999999,0.17391304347825012,0.17277486910994763,0.5367647058823529,0.7727272727272727,0,1,0,0
0.40624999999998723,0.3043478260869501,1.2408376963350785,-0.8014705882352946,0.02727272727272727,0,1,0,0
-0.5312500000000161,-0.3043478260869748,-0.2198952879581152,0.45588235294117635,0.12727272727272726,0,1,0,0
1.0624999999999967,1.2173913043478004,0.14136125654450263,-0.4117647058823532,0.02727272727272727,0,0,1,0
0.24999999999998668,0.17391304347825012,0.5026178010471204,0.029411764705882262,-0.45454545454545453,0,1,0,0
-0.5937500000000128,-0.913043478260875,-0.020942408376963352,0.29411764705882365,0.5363636363636364,0,1,0,0
0.15625000000000056,0.652173913043475,-0.2513089005235602,0.5808823529411766,0.8727272727272727,0,1,0,0
0.12499999999999334,0.6086956521739002,1.0732984293193717,-0.6544117647058828,-0.45454545454545453,0,1,0,0
0.9687499999999928,1.086956521739125,0.5130890052356021,-0.3529411764705887,0.37272727272727274,0,1,0,0
0.06249999999999667,0.13043478260867525,0.8848167539267016,-0.8014705882352946,-0.6181818181818182,0,1,0,0
-0.1250000000000111,-0.39130434782609985,-0.47643979057591623,0.38235294117647045,0.8909090909090909,0,0,1,0
0.12499999999999334,0.7826086956521503,1.1884816753926701,-0.9264705882352946,0.9272727272727272,0,0,1,0
-0.46875000000000167,-0.8260869565217499,1.057591623036649,-1.0147058823529416,0.6363636363636364,0,1,0,0
-0.81250000000001,-0.3043478260869748,-0.1099476439790576,-0.058823529411765045,0.045454545454545456,0,0,1,0
0.34374999999999056,0.2608695652173752,1.2774869109947644,-0.9411764705882357,-0.6545454545454545,1,0,0,0
0.46875000000000167,0.17391304347825012,1.4816753926701571,-0.9558823529411768,-0.6545454545454545,1,0,0,0
-0.1250000000000111,0.4782608695652002,1.7382198952879582,-1.205882352941177,0.6909090909090909,0,1,0,0
-0.9687500000000105,-1.0,-0.5602094240837696,0.7279411764705884,-0.1,0,1,0,0
-0.031250000000007216,0.04347826086955017,1.3455497382198953,-0.9705882352941183,0.7818181818181819,0,1,0,0
0.21874999999999722,0.6956521739130253,0.7958115183246073,-0.5808823529411766,-0.8636363636363636,0,1,0,0
0.593749999999995,0.17391304347825012,-1.256544502617801,1.5073529411764712,-0.15454545454545454,0,1,0,1
-0.9687500000000105,-0.8695652173913001,0.07329842931937172,0.09558823529411747,1.0454545454545454,1,0,0,0
-0.28125000000001166,-0.652173913043475,0.6701570680628273,-0.345588235294118,-0.39090909090909093,0,0,1,0
0.4999999999999911,0.04347826086955017,-1.0052356020942408,1.2720588235294121,-0.6090909090909091,0,1,0,1
-0.3437500000000083,-0.56521739130435,-0.5130890052356021,1.1102941176470593,-0.03636363636363636,0,1,0,0
0.3125000000000011,0.4782608695652002,0.27225130890052357,-0.3529411764705887,0.5909090909090909,0,1,0,0
0.43749999999999445,0.2608695652173752,-0.25654450261780104,-0.05147058823529435,-0.8181818181818182,0,0,1,0
0.5312499999999983,0.08695652173912506,1.3717277486910995,-0.9411764705882357,-0.7090909090909091,0,1,0,0
-0.7500000000000133,-0.5217391304347998,1.1099476439790577,-0.9485294117647064,0.7818181818181819,0,1,0,0
-0.6250000000000022,-1.043478260869575,1.057591623036649,-0.808823529411765,0.01818181818181818,0,1,0,0
0.24999999999998668,0.13043478260867525,2.712041884816754,-1.566176470588236,-0.7,0,1,0,0
0.8437499999999994,0.39130434782607515,-0.3507853403141361,0.25,-0.5454545454545454,1,0,0,0
-0.7187500000000061,-0.782608695652175,-0.35602094240837695,0.7352941176470591,0.7454545454545455,0,1,0,0
0.2812499999999939,0.13043478260867525,0.8481675392670157,-0.6764705882352946,0.6363636363636364,0,0,1,0
-0.3437500000000083,0.08695652173912506,0.9738219895287958,-0.7647058823529417,-0.05454545454545454,0,0,1,0
0.2812499999999939,0.34782608695650025,1.6230366492146597,-0.8529411764705886,0.8181818181818182,0,1,0,0
0.24999999999998668,-0.3043478260869748,1.1570680628272252,-1.0661764705882357,0.10909090909090909,0,0,1,0
0.8749999999999889,0.39130434782607515,-0.5287958115183246,0.04411764705882365,-0.5,0,0,1,0
-0.06250000000001443,0.521739130434775,-0.387434554973822,1.330882352941177,-0.03636363636363636,0,1,0,0
-0.6875000000000167,-0.9565217391304498,-0.4031413612565445,0.2573529411764707,-0.16363636363636364,0,1,0,0
-0.1250000000000111,-0.21739130434782503,-0.13612565445026178,0.19117647058823548,0.509090909090909,0,0,1,0
-0.8437500000000172,-0.8695652173913001,-0.1518324607329843,-0.05147058823529435,-0.7909090909090909,0,1,0,0
0.46875000000000167,0.39130434782607515,-0.3769633507853403,0.18382352941176477,0.4636363636363636,0,1,0,0
-0.09375000000000389,0.21739130434782503,-0.418848167539267,0.3308823529411766,0.08181818181818182,1,0,0,0
1.0624999999999967,0.9999999999999752,0.5392670157068062,-0.7352941176470591,-0.08181818181818182,0,0,1,0
-0.7187500000000061,-0.3043478260869748,-1.450261780104712,1.36764705882353,0.2,0,0,1,0
0.7812500000000028,0.17391304347825012,-0.2774869109947644,0.22794117647058842,-0.35454545454545455,0,1,0,0
0.7812500000000028,0.04347826086955017,6.141361256544503,-2.154411764705883,-0.20909090909090908,0,0,1,1
0.3749999999999978,0.34782608695650025,0.3298429319371728,-0.5147058823529413,-0.22727272727272727,0,1,0,0
0.6874999999999989,0.6086956521739002,0.8952879581151832,-0.7426470588235299,-0.8636363636363636,0,0,1,0
1.0312499999999893,1.086956521739125,-0.21465968586387435,-0.19117647058823548,0.1,0,1,0,0
-0.37500000000001554,0.17391304347825012,0.11518324607329843,-0.11764705882352956,-0.7272727272727273,0,0,1,0
0.06249999999999667,0.04347826086955017,-0.3193717277486911,-0.04411764705882365,-0.9363636363636364,0,0,1,0
-0.5000000000000089,-0.04347826086957489,-0.35602094240837695,0.17647058823529407,-0.7454545454545455,0,1,0,0
1.1249999999999933,1.2608695652173751,-1.0471204188481675,1.0514705882352944,-0.9545454545454546,0,0,1,0
0.593749999999995,0.17391304347825012,0.6910994764397905,-0.02205882352941209,-0.07272727272727272,0,1,0,0
0.24999999999998668,0.8260869565217251,-0.05235602094240838,-0.10294117647058817,1.0,0,1,0,0
0.21874999999999722,0.8695652173913001,0.010471204188481676,0.08823529411764679,0.6,0,1,0,0
-0.4375000000000122,-0.2608695652173999,-0.015706806282722512,-0.095588235294118,0.08181818181818182,0,0,1,0
1.2187499999999971,1.30434782608695,-0.2774869109947644,0.19852941176470565,-0.05454545454545454,0,0,1,0
-0.7812500000000028,-0.4782608695652249,-0.39790575916230364,0.4044117647058825,0.6545454545454545,0,0,1,0
0.43749999999999445,0.3043478260869501,0.04712041884816754,-0.0882352941176473,-0.8909090909090909,0,1,0,0
0.34374999999999056,0.34782608695650025,-0.41361256544502617,0.3750000000000003,-0.35454545454545455,0,0,1,0
-0.406250000000005,0.17391304347825012,-0.20418848167539266,0.463235294117647,0.9090909090909091,0,1,0,0
-0.9062500000000139,-0.913043478260875,1.057591623036649,-1.0367647058823535,0.8454545454545455,0,1,0,0
-0.28125000000001166,-0.5217391304347998,-0.8429319371727748,0.7867647058823529,0.8,0,1,0,0
0.09374999999998612,-0.34782608695652495,0.11518324607329843,-0.036764705882352956,0.8636363636363636,0,1,0,0
0.21874999999999722,0.08695652173912506,-1.219895287958115,1.5367647058823535,-0.4818181818181818,0,0,1,0
0.18749999999999,-0.21739130434782503,1.6073298429319371,-1.0367647058823535,0.8,0,1,0,0
-0.15625000000000056,0.2608695652173752,2.193717277486911,-1.2352941176470593,0.8909090909090909,0,1,0,1
0.09374999999998612,-0.21739130434782503,-0.612565445026178,1.235294117647059,0.5727272727272728,0,1,0,0
-0.18750000000000777,-0.3043478260869748,-0.6073298429319371,1.1838235294117654,-0.6818181818181818,0,0,1,0
-0.81250000000001,-0.7391304347826249,0.5287958115183246,-0.14705882352941183,-0.00909090909090909,0,1,0,0
-0.46875000000000167,-0.08695652173914978,0.07329842931937172,-0.4485294117647062,0.9818181818181818,0,0,1,0
0.5312499999999983,0.39130434782607515,-0.5759162303664922,0.6911764705882355,0.5545454545454546,0,0,1,0
-0.37500000000001554,-0.8260869565217499,-0.9162303664921466,0.6691176470588239,-0.8727272727272727,0,0,1,0
1.1249999999999933,1.17391304347825,0.2094240837696335,-0.13235294117647095,-0.41818181818181815,0,1,0,0
1.18749999999999,1.2608695652173751,-0.4973821989528796,0.5441176470588237,-0.2818181818181818,0,1,0,0
0.7499999999999956,0.13043478260867525,0.4031413612565445,-0.3308823529411766,0.6272727272727273,0,0,1,0
-0.09375000000000389,-0.34782608695652495,-0.612565445026178,0.6838235294117648,0.08181818181818182,0,1,0,0
1.0,0.7391304347826001,0.418848167539267,-0.5000000000000006,-0.3181818181818182,0,0,1,0
0.6874999999999989,0.4782608695652002,-1.0785340314136125,1.6470588235294124,0.01818181818181818,0,1,0,0
0.0,-0.3043478260869748,1.8586387434554974,-1.2132352941176476,-0.7363636363636363,0,1,0,0
0.6874999999999989,0.652173913043475,0.8481675392670157,-0.4264705882352946,0.2909090909090909,0,1,0,0
-0.6562500000000094,-1.0,-0.2617801047120419,-0.17647058823529407,0.10909090909090909,0,1,0,0
-0.6562500000000094,-0.5217391304347998,0.02617801047120419,-0.22058823529411775,-0.13636363636363635,0,1,0,0
-0.9375000000000033,-0.6956521739130499,-0.9424083769633508,0.3161764705882352,0.9090909090909091,0,1,0,1
0.43749999999999445,0.34782608695650025,0.5078534031413613,-0.08088235294117661,0.4818181818181818,0,1,0,0
-0.09375000000000389,-0.04347826086957489,-0.743455497382199,1.0073529411764708,0.5454545454545454,0,1,0,0
1.0,1.04347826086955,0.8952879581151832,-0.5441176470588237,-0.2818181818181818,0,0,1,0
-0.5000000000000089,-0.913043478260875,-0.518324607329843,0.5882352941176473,-0.6818181818181818,0,1,0,0
-0.6250000000000022,-0.5217391304347998,3.3141361256544504,-1.7794117647058834,-0.2636363636363636,0,1,0,0
0.06249999999999667,0.08695652173912506,-0.7382198952879581,1.485294117647059,0.9,0,1,0,1
0.2812499999999939,0.13043478260867525,-0.14136125654450263,0.2573529411764707,0.6,0,1,0,0
0.8437499999999994,0.9565217391304252,-0.7172774869109948,0.6617647058823533,1.0363636363636364,0,1,0,0
-0.46875000000000167,-0.43478260869565005,-0.08376963350785341,0.22794117647058842,0.9,0,0,1,0
-0.9375000000000033,-0.7391304347826249,-1.0418848167539267,0.9852941176470591,0.41818181818181815,0,1,0,0
0.12499999999999334,0.17391304347825012,0.06282722513089005,-0.2573529411764707,-0.4818181818181818,0,1,0,0
-0.5000000000000089,-0.39130434782609985,-0.28272251308900526,0.463235294117647,-0.21818181818181817,0,0,1,0
0.8749999999999889,0.4782608695652002,0.6858638743455497,-0.23529411764705913,-0.32727272727272727,0,1,0,0
0.9375000000000033,0.9999999999999752,-0.5026178010471204,0.08088235294117661,0.0,0,1,0,0
1.0312499999999893,1.1304347826086751,0.450261780104712,-0.4485294117647062,0.08181818181818182,0,1,0,0
-0.7187500000000061,-1.0,0.36649214659685864,-0.16176470588235323,-0.6727272727272727,0,1,0,0
-0.81250000000001,-0.6086956521739249,-0.25654450261780104,0.3602941176470589,-0.8,0,1,0,0
0.21874999999999722,0.04347826086955017,0.05759162303664921,-0.007352941176470696,0.43636363636363634,0,1,0,0
-0.7500000000000133,-0.4782608695652249,1.942408376963351,-1.1544117647058831,-0.7181818181818181,0,1,0,0
0.9687499999999928,0.9999999999999752,0.837696335078534,-0.47058823529411775,-0.32727272727272727,0,1,0,0
-0.7500000000000133,-0.39130434782609985,-0.7225130890052356,1.3602941176470593,0.5727272727272728,0,1,0,0
-0.9375000000000033,-0.8695652173913001,1.3141361256544504,-0.720588235294118,0.9,0,1,0,0
0.3125000000000011,0.652173913043475,-0.07853403141361257,0.2426470588235293,-0.9272727272727272,0,1,0,0
-0.6250000000000022,-0.782608695652175,-0.900523560209424,1.6838235294117654,-0.8545454545454545,0,1,0,0
-1.0000000000000178,-1.0,0.21465968586387435,0.01470588235294087,0.39090909090909093,0,0,1,0
-0.3125000000000011,0.21739130434782503,-0.5549738219895288,0.6911764705882355,0.5272727272727272,0,0,1,0
0.2812499999999939,0.6086956521739002,0.2931937172774869,-0.6102941176470591,0.8,0,1,0,0
-0.8437500000000172,-0.652173913043475,-0.33507853403141363,0.8676470588235295,0.7363636363636363,0,1,0,0
0.6250000000000022,0.6086956521739002,0.6910994764397905,-0.6250000000000002,-0.7636363636363637,0,0,1,0
-0.031250000000007216,0.04347826086955017,-0.08900523560209424,-0.2720588235294121,-0.37272727272727274,0,1,0,0
-0.6562500000000094,-1.043478260869575,-0.35602094240837695,0.4044117647058825,0.7,0,1,0,0
0.6874999999999989,0.2608695652173752,-0.5287958115183246,0.7941176470588237,0.45454545454545453,0,1,0,0
0.40624999999998723,0.43478260869565005,-0.3036649214659686,0.09558823529411747,0.33636363636363636,1,0,0,0
-0.031250000000007216,0.521739130434775,0.6596858638743456,-0.5882352941176473,-0.4727272727272727,0,0,1,0
0.15625000000000056,0.21739130434782503,-0.5235602094240838,0.7573529411764707,-0.39090909090909093,0,0,1,0
-0.7812500000000028,-0.6956521739130499,0.25654450261780104,0.058823529411764525,-0.15454545454545454,0,0,1,0
-0.8437500000000172,-0.4782608695652249,-0.93717277486911,1.235294117647059,0.6,0,1,0,0
0.7499999999999956,0.5652173913043252,0.6963350785340314,-0.3750000000000003,0.45454545454545453,0,0,1,0
-0.031250000000007216,0.04347826086955017,-0.5759162303664922,0.8161764705882357,0.7545454545454545,0,0,1,0
0.4999999999999911,0.3043478260869501,0.47643979057591623,-0.5661764705882357,0.8818181818181818,0,0,1,0
-0.9375000000000033,-0.7391304347826249,-0.005235602094240838,-0.20588235294117688,0.6727272727272727,0,0,1,0
0.12499999999999334,-0.2608695652173999,-0.6492146596858639,1.1397058823529416,-0.9545454545454546,0,1,0,0
1.1249999999999933,1.30434782608695,0.9424083769633508,-0.8602941176470594,-0.5545454545454546,0,1,0,0
-0.1250000000000111,0.17391304347825012,-0.06806282722513089,0.08088235294117661,0.17272727272727273,0,0,1,0
-0.4375000000000122,-0.08695652173914978,0.774869109947644,-0.7794117647058828,-0.5909090909090909,0,1,0,0
0.7187499999999883,0.39130434782607515,0.4031413612565445,-0.2647058823529414,-0.39090909090909093,0,0,1,0
-0.7187500000000061,-1.217391304347825,0.27225130890052357,-0.3161764705882357,0.7545454545454545,1,0,0,0
0.18749999999999,0.39130434782607515,0.4869109947643979,-0.23529411764705913,0.6090909090909091,0,1,0,0
-0.406250000000005,-0.13043478260869995,0.03664921465968586,0.3014705882352943,-0.6545454545454545,1,0,0,0
-0.3125000000000011,0.0,-0.7120418848167539,0.4044117647058825,-0.5727272727272728,0,1,0,0
-0.81250000000001,-0.6956521739130499,-0.6701570680628273,1.1397058823529416,0.19090909090909092,0,1,0,0
0.7499999999999956,0.17391304347825012,2.1727748691099475,-1.3602941176470593,0.21818181818181817,0,0,1,0
-0.9375000000000033,-0.7391304347826249,0.9947643979057592,-0.7794117647058828,-0.06363636363636363,0,1,0,0
0.5312499999999983,0.34782608695650025,-0.7591623036649214,0.8970588235294118,-0.4636363636363636,0,0,1,0
0.7187499999999883,0.13043478260867525,1.8952879581151831,-1.191176470588236,0.2,0,1,0,0
1.2500000000000044,1.3478260869565002,0.45549738219895286,0.2426470588235293,-0.5,1,0,0,0
-0.06250000000001443,-0.2608695652173999,-0.27225130890052357,-0.05147058823529435,-0.8090909090909091,0,1,0,0
0.7499999999999956,0.6086956521739002,-0.7591623036649214,0.9264705882352946,0.2909090909090909,0,0,1,0
-0.6250000000000022,-0.5217391304347998,-0.8795811518324608,0.7573529411764707,0.02727272727272727,0,0,1,0
-0.406250000000005,0.17391304347825012,-1.094240837696335,1.1544117647058825,0.8636363636363636,1,0,0,0
0.12499999999999334,0.43478260869565005,-1.0837696335078535,1.558823529411765,0.8636363636363636,0,0,1,1
0.7499999999999956,0.8260869565217251,-0.3507853403141361,0.25,0.7,0,0,1,0
0.15625000000000056,0.08695652173912506,1.5235602094240839,-1.1544117647058831,0.9454545454545454,0,1,0,0
1.093750000000004,0.7826086956521503,0.5968586387434555,-0.3014705882352943,-0.10909090909090909,0,0,1,0
0.8437499999999994,0.43478260869565005,-0.24607329842931938,-0.29411764705882365,-0.16363636363636364,0,1,0,0
0.12499999999999334,-0.13043478260869995,2.282722513089005,-1.3750000000000009,0.5181818181818182,0,1,0,0
-0.06250000000001443,0.521739130434775,0.16753926701570682,-0.14705882352941183,0.4818181818181818,0,1,0,0
-1.1562500000000184,-1.217391304347825,0.193717277486911,-0.19852941176470618,-0.2909090909090909,1,0,0,0
-0.8750000000000067,-0.782608695652175,0.45549738219895286,-0.3382352941176473,-0.43636363636363634,0,1,0,0
0.15625000000000056,-0.3043478260869748,0.9842931937172775,-0.8897058823529417,-0.6454545454545455,1,0,0,0
-0.7812500000000028,-0.652173913043475,1.2617801047120418,-0.8529411764705886,-0.5909090909090909,0,1,0,0
-0.218750000000015,-0.34782608695652495,1.256544502617801,-0.8750000000000006,-0.9727272727272728,1,0,0,0
0.031249999999989453,0.6956521739130253,-0.05235602094240838,0.6029411764705882,0.5454545454545454,0,1,0,0
0.7812500000000028,0.9565217391304252,0.04712041884816754,-0.4338235294117648,-0.5727272727272728,0,1,0,0
-0.81250000000001,-0.6956521739130499,-0.03664921465968586,0.15441176470588253,-0.7727272727272727,0,0,1,0
-1.0000000000000178,-1.0,0.28272251308900526,-0.14705882352941183,0.2545454545454545,0,1,0,0
0.9687499999999928,0.5652173913043252,-0.806282722513089,0.808823529411765,-0.8909090909090909,0,1,0,1
0.34374999999999056,-0.04347826086957489,0.6387434554973822,-0.6250000000000002,0.6,0,0,1,0
0.031249999999989453,-0.17391304347827483,-0.4712041884816754,0.21323529411764705,0.2727272727272727,0,0,1,0
0.06249999999999667,0.652173913043475,-0.8586387434554974,0.9779411764705884,0.14545454545454545,1,0,0,0
0.5624999999999878,0.39130434782607515,0.8848167539267016,-0.7500000000000006,-0.8545454545454545,1,0,0,0
-0.81250000000001,-0.782608695652175,0.6230366492146597,-0.21323529411764705,-0.03636363636363636,0,0,1,0
0.6874999999999989,0.2608695652173752,0.2931937172774869,-0.45588235294117685,0.10909090909090909,0,0,1,0
0.12499999999999334,-0.34782608695652495,-0.19895287958115182,0.4338235294117648,-0.16363636363636364,0,1,0,0
0.5312499999999983,-0.21739130434782503,-0.3507853403141361,0.6544117647058825,0.9727272727272728,0,0,1,0
0.4999999999999911,0.21739130434782503,0.05235602094240838,0.07352941176470591,-0.39090909090909093,0,1,0,0
0.34374999999999056,-0.08695652173914978,-0.24607329842931938,0.7867647058823529,-0.8363636363636363,0,0,1,0
-0.37500000000001554,-0.6086956521739249,-0.3403141361256545,0.8529411764705886,-0.39090909090909093,0,1,0,0
0.3749999999999978,-0.04347826086957489,0.4712041884816754,-0.683823529411765,0.9363636363636364,0,0,1,0
0.24999999999998668,0.3043478260869501,0.35602094240837695,-0.014705882352941391,-0.509090909090909,0,1,0,0
0.6562499999999917,0.6956521739130253,0.7853403141361257,-0.6397058823529417,-0.9545454545454546,0,0,1,0
-0.8437500000000172,-0.652173913043475,-0.29842931937172773,0.5882352941176473,-0.17272727272727273,0,1,0,0
-0.8437500000000172,-0.652173913043475,0.806282722513089,-0.5147058823529413,0.44545454545454544,0,0,1,0
0.8437499999999994,0.21739130434782503,2.6858638743455496,-1.4852941176470598,0.8363636363636363,0,1,0,0
-0.406250000000005,0.04347826086955017,0.005235602094240838,0.06617647058823521,-0.509090909090909,0,1,0,0
-0.5000000000000089,-0.3043478260869748,2.6596858638743455,-1.4044117647058831,-0.43636363636363634,1,0,0,0
-0.3437500000000083,-0.652173913043475,1.2094240837696335,-0.5661764705882357,0.4909090909090909,0,1,0,0
0.7812500000000028,0.17391304347825012,1.2827225130890052,-0.8750000000000006,-0.9545454545454546,0,1,0,0
0.8749999999999889,0.9130434782608502,-0.7120418848167539,1.1029411764705888,-0.5181818181818182,0,1,0,0
-0.6250000000000022,-0.9565217391304498,-0.6596858638743456,1.1029411764705888,-0.5909090909090909,0,0,1,0
-0.6250000000000022,-0.9565217391304498,-1.0471204188481675,1.0147058823529413,-0.5,0,0,1,0
-0.5312500000000161,-0.6956521739130499,-0.06806282722513089,-0.16176470588235323,0.02727272727272727,0,1,0,0
1.0,0.5652173913043252,0.03664921465968586,-0.20588235294117688,-0.6454545454545455,0,1,0,0
0.7187499999999883,0.4782608695652002,0.015706806282722512,0.051470588235293824,0.8818181818181818,1,0,0,0
-0.3437500000000083,0.04347826086955017,-0.3717277486910995,0.15441176470588253,-0.18181818181818182,0,1,0,0
-1.3125000000000189,-1.4782608695652248,0.23036649214659685,0.058823529411764525,0.0,0,1,0,0
-0.81250000000001,-0.34782608695652495,-0.23036649214659685,0.7058823529411768,0.8545454545454545,1,0,0,0
-0.8750000000000067,-0.782608695652175,0.08376963350785341,-0.17647058823529407,-0.5636363636363636,0,1,0,0
0.3749999999999978,0.13043478260867525,3.089005235602094,-1.5735294117647067,0.7545454545454545,0,0,1,0
-0.8750000000000067,-0.8695652173913001,1.361256544502618,-0.8602941176470594,-0.4818181818181818,0,1,0,0
-0.3125000000000011,-0.56521739130435,-0.005235602094240838,-0.13235294117647095,-0.17272727272727273,0,1,0,0
1.0,1.086956521739125,0.6282722513089005,-0.4044117647058825,-0.045454545454545456,0,1,0,0
0.43749999999999445,0.17391304347825012,0.7382198952879581,-0.38235294117647095,0.7181818181818181,0,1,0,0
-0.6250000000000022,-0.9565217391304498,0.8481675392670157,-0.595588235294118,-0.9090909090909091,0,1,0,0
-0.6250000000000022,-1.0,1.350785340314136,-0.8750000000000006,-0.2818181818181818,0,1,0,0
1.0312499999999893,0.9565217391304252,1.3926701570680629,-0.8970588235294124,-0.6090909090909091,1,0,0,0
0.06249999999999667,-0.21739130434782503,-0.18324607329842932,0.3382352941176473,0.6545454545454545,0,1,0,0
-0.9375000000000033,-0.7391304347826249,-0.07853403141361257,0.17647058823529407,0.35454545454545455,0,1,0,0
-0.218750000000015,-0.5217391304347998,0.418848167539267,-0.4411764705882355,0.6272727272727273,0,1,0,0
0.6250000000000022,0.21739130434782503,-0.4293193717277487,0.8750000000000002,-0.10909090909090909,0,0,1,0
0.15625000000000056,0.13043478260867525,-0.24083769633507854,0.558823529411765,0.11818181818181818,0,1,0,0
-0.18750000000000777,0.3043478260869501,-1.1518324607329844,0.9044117647058825,0.045454545454545456,0,1,0,0
-0.15625000000000056,0.3043478260869501,0.020942408376963352,0.1691176470588234,0.00909090909090909,0,1,0,0
-0.218750000000015,-0.39130434782609985,0.2774869109947644,-0.3235294117647059,-0.2909090909090909,0,1,0,0
0.12499999999999334,-0.17391304347827483,0.29842931937172773,-0.7279411764705886,0.2909090909090909,0,1,0,0
0.12499999999999334,-0.04347826086957489,-0.041884816753926704,0.5367647058823529,0.7,1,0,0,0
0.12499999999999334,0.652173913043475,0.387434554973822,-0.2647058823529414,-0.9363636363636364,0,0,1,0
0.7499999999999956,0.6086956521739002,-0.05235602094240838,-0.36764705882352955,0.21818181818181817,0,1,0,0
-0.25000000000000444,-0.39130434782609985,0.43455497382198954,-0.16176470588235323,0.2,0,0,1,0
1.2187499999999971,1.30434782608695,-0.16230366492146597,0.39705882352941185,0.5363636363636364,1,0,0,0
1.1249999999999933,0.9130434782608502,0.6073298429319371,-0.38235294117647095,-0.13636363636363635,0,1,0,0
0.6562499999999917,0.3043478260869501,-0.4973821989528796,0.4926470588235293,-0.5272727272727272,0,0,1,0
0.7812500000000028,0.17391304347825012,0.4869109947643979,-0.5367647058823535,0.7818181818181819,0,1,0,0
1.2500000000000044,1.3913043478260751,-0.12041884816753927,-0.12500000000000025,-0.3181818181818182,0,0,1,0
-0.8437500000000172,-0.7391304347826249,0.900523560209424,-0.7794117647058828,-0.43636363636363634,0,0,1,0
-0.6875000000000167,-1.043478260869575,0.07329842931937172,0.3161764705882352,-0.36363636363636365,0,1,0,0
0.06249999999999667,0.7826086956521503,0.9109947643979057,-0.683823529411765,-0.5363636363636364,0,0,1,0
0.18749999999999,0.2608695652173752,-0.3193717277486911,0.22794117647058842,-0.5272727272727272,0,1,0,0
-0.6562500000000094,-1.086956521739125,-0.2774869109947644,0.632352941176471,0.2818181818181818,0,1,0,0
-1.0625000000000144,-0.9565217391304498,0.9790575916230366,-0.7720588235294121,0.10909090909090909,0,1,0,0
-0.3437500000000083,-0.5217391304347998,0.6230366492146597,-0.6029411764705886,-0.5909090909090909,0,1,0,0
-0.031250000000007216,-0.4782608695652249,1.0785340314136125,-0.5882352941176473,-0.2545454545454545,0,1,0,0
-0.7187500000000061,-0.7391304347826249,0.5706806282722513,-0.5882352941176473,0.6909090909090909,0,1,0,0
0.031249999999989453,0.0,0.10471204188481675,0.1617647058823527,-0.7454545454545455,0,1,0,0
0.6562499999999917,0.5652173913043252,0.5549738219895288,-0.5882352941176473,-0.6,0,1,0,0
-0.8750000000000067,-0.782608695652175,-0.5602094240837696,0.4264705882352941,-0.39090909090909093,0,1,0,0
-0.6875000000000167,-0.4782608695652249,-0.2774869109947644,0.4926470588235293,0.1,0,1,0,0
0.4999999999999911,0.2608695652173752,0.6492146596858639,-0.6470588235294121,-0.2636363636363636,0,0,1,0
-0.8437500000000172,-0.39130434782609985,-0.34554973821989526,0.022058823529411565,0.09090909090909091,0,1,0,0
0.24999999999998668,0.2608695652173752,-0.43455497382198954,0.21323529411764705,0.23636363636363636,0,0,1,0
1.093750000000004,0.7391304347826001,-1.4712041884816753,1.9632352941176476,0.37272727272727274,0,1,0,1
-0.7812500000000028,-0.39130434782609985,0.5654450261780105,-0.5147058823529413,0.43636363636363634,0,1,0,0
-0.81250000000001,-0.652173913043475,0.8795811518324608,-0.7867647058823535,0.2636363636363636,0,1,0,0
0.2812499999999939,0.13043478260867525,0.04712041884816754,0.35294117647058815,-0.19090909090909092,1,0,0,0
0.8124999999999922,0.8695652173913001,-0.6544502617801047,0.5,0.6272727272727273,0,0,1,0
1.1562500000000007,1.17391304347825,0.0,-0.007352941176470696,0.42727272727272725,0,1,0,0
1.18749999999999,1.3478260869565002,-0.8010471204188482,0.5220588235294121,-0.9545454545454546,0,0,1,0
0.7499999999999956,0.43478260869565005,-0.020942408376963352,-0.095588235294118,0.2545454545454545,0,1,0,0
0.15625000000000056,0.6956521739130253,-0.015706806282722512,-0.25,-0.8181818181818182,1,0,0,0
0.593749999999995,0.17391304347825012,0.774869109947644,-0.6764705882352946,0.35454545454545455,0,1,0,0
-0.6250000000000022,-0.8260869565217499,-0.09424083769633508,0.04411764705882365,-0.45454545454545453,0,1,0,0
1.0,0.8695652173913001,0.9947643979057592,-0.7426470588235299,-0.24545454545454545,0,0,1,0
0.7187499999999883,0.43478260869565005,-0.7172774869109948,1.0514705882352944,-0.9727272727272728,0,0,1,0
0.8749999999999889,0.9130434782608502,0.05235602094240838,-0.1691176470588239,-0.13636363636363635,0,1,0,0
0.18749999999999,0.13043478260867525,-1.4083769633507854,0.8529411764705886,0.4818181818181818,0,1,0,0
-0.5625000000000056,-0.913043478260875,0.7015706806282722,-0.683823529411765,-0.9545454545454546,1,0,0,0
0.593749999999995,0.13043478260867525,-0.2879581151832461,0.2426470588235293,0.5454545454545454,0,1,0,0
-0.81250000000001,-0.652173913043475,0.4293193717277487,-0.18382352941176477,-0.9545454545454546,0,1,0,0
0.21874999999999722,0.6956521739130253,-0.06806282722513089,0.463235294117647,1.0,0,1,0,0
0.5624999999999878,0.13043478260867525,1.9947643979057592,-1.227941176470589,0.509090909090909,0,1,0,0
1.0624999999999967,0.6086956521739002,0.6596858638743456,-0.48529411764705915,-0.3090909090909091,1,0,0,0
-0.8437500000000172,-0.652173913043475,0.1518324607329843,-0.10294117647058817,0.2636363636363636,0,1,0,0
-0.37500000000001554,0.0,0.4397905759162304,-0.7279411764705886,0.5,0,1,0,0
-0.5312500000000161,-0.6086956521739249,0.42408376963350786,-0.6176470588235299,0.09090909090909091,0,0,1,0
-0.031250000000007216,-0.39130434782609985,-0.3089005235602094,0.2573529411764707,0.14545454545454545,0,1,0,0
-0.6875000000000167,-0.39130434782609985,0.387434554973822,-0.39705882352941185,-0.9272727272727272,1,0,0,0
0.09374999999998612,0.0,0.581151832460733,-0.48529411764705915,0.7636363636363637,0,1,0,0
0.15625000000000056,-0.3043478260869748,0.27225130890052357,-0.16176470588235323,-0.7545454545454545,1,0,0,0
-0.5000000000000089,-0.21739130434782503,0.031413612565445025,0.5294117647058822,-0.9545454545454546,0,0,1,0
-0.37500000000001554,-0.04347826086957489,-0.2670157068062827,0.6470588235294118,0.7090909090909091,0,1,0,0
-0.81250000000001,-0.6956521739130499,0.8324607329842932,-0.720588235294118,-0.7363636363636363,0,0,1,0
0.4999999999999911,0.39130434782607515,-1.0052356020942408,1.1544117647058825,-0.6181818181818182,0,0,1,0
0.21874999999999722,0.4782608695652002,-0.3612565445026178,-0.07352941176470591,-0.22727272727272727,0,0,1,0
-0.031250000000007216,-0.21739130434782503,0.6596858638743456,-0.5735294117647064,-0.16363636363636364,1,0,0,0
0.12499999999999334,0.652173913043475,-0.24607329842931938,0.808823529411765,0.7818181818181819,0,0,1,0
-0.5937500000000128,-1.0,-0.6020942408376964,0.6250000000000002,-0.2818181818181818,0,1,0,0
-0.81250000000001,-0.652173913043475,0.4869109947643979,-0.3014705882352943,0.3090909090909091,0,1,0,0
0.3125000000000011,0.3043478260869501,1.1570680628272252,-0.9264705882352946,-0.05454545454545454,0,1,0,0
0.09374999999998612,0.7391304347826001,0.2617801047120419,-0.5147058823529413,0.9272727272727272,0,0,1,1
0.15625000000000056,0.17391304347825012,-0.25654450261780104,0.8161764705882357,-0.44545454545454544,1,0,0,0
-0.5625000000000056,-0.08695652173914978,-0.2094240837696335,0.27941176470588225,0.08181818181818182,0,1,0,0
-0.5000000000000089,-0.913043478260875,-0.7329842931937173,0.6691176470588239,0.38181818181818183,0,0,1,0
0.5312499999999983,0.39130434782607515,1.4031413612565444,-0.9485294117647064,0.5,0,1,0,0
0.5624999999999878,0.39130434782607515,0.7277486910994765,-0.5147058823529413,0.17272727272727273,0,1,0,0
-0.7812500000000028,-0.6086956521739249,-0.14659685863874344,0.4779411764705884,-0.4818181818181818,0,0,1,0
0.43749999999999445,0.34782608695650025,-0.9685863874345549,0.7720588235294121,-0.8727272727272727,0,1,0,0
0.09374999999998612,0.3043478260869501,-0.5602094240837696,0.676470588235294,0.3181818181818182,0,1,0,0
0.09374999999998612,0.4782608695652002,0.8900523560209425,-0.8235294117647064,0.5818181818181818,0,1,0,0
-0.3437500000000083,0.04347826086955017,0.15706806282722513,0.25,0.4727272727272727,0,1,0,0
-0.4375000000000122,-0.13043478260869995,0.3507853403141361,0.14705882352941183,0.8454545454545455,0,0,1,0
1.0,0.521739130434775,0.46596858638743455,-0.47058823529411775,-0.8454545454545455,0,1,0,0
-0.1250000000000111,0.3043478260869501,0.450261780104712,-0.3014705882352943,0.7545454545454545,0,1,0,0
1.1562500000000007,1.086956521739125,0.1256544502617801,0.13235294117647042,0.4727272727272727,0,0,1,0
-0.6875000000000167,-1.043478260869575,0.4712041884816754,-0.38235294117647095,-0.21818181818181817,0,1,0,0
-0.28125000000001166,-0.7391304347826249,-0.6020942408376964,0.9632352941176475,-0.43636363636363634,1,0,0,0
0.7812500000000028,0.17391304347825012,-0.43455497382198954,1.198529411764706,-0.45454545454545453,0,0,1,0
0.6562499999999917,0.652173913043475,0.2198952879581152,-0.30882352941176505,0.4090909090909091,0,1,0,0
-0.031250000000007216,-0.43478260869565005,-0.19895287958115182,0.036764705882352956,-0.8909090909090909,0,1,0,0
-0.4375000000000122,-0.13043478260869995,0.41361256544502617,-0.4926470588235298,0.12727272727272726,1,0,0,0
-0.406250000000005,-0.13043478260869995,0.16230366492146597,-0.22794117647058842,-0.5454545454545454,0,0,1,0
0.6562499999999917,0.39130434782607515,-0.14136125654450263,0.5367647058823529,0.4909090909090909,0,0,1,0
-0.3125000000000011,0.08695652173912506,0.6073298429319371,-0.6617647058823533,1.2272727272727273,0,1,0,0
-0.6562500000000094,-0.4782608695652249,-0.5759162303664922,1.1617647058823533,-0.2545454545454545,0,0,1,0
0.24999999999998668,0.34782608695650025,0.5130890052356021,-0.4485294117647062,0.6727272727272727,0,1,0,0
-0.06250000000001443,-0.13043478260869995,1.1151832460732984,-0.8750000000000006,0.09090909090909091,0,1,0,0
1.0624999999999967,1.086956521739125,0.518324607329843,-0.4338235294117648,0.00909090909090909,0,1,0,0
-0.5000000000000089,-0.56521739130435,0.8743455497382199,-0.7720588235294121,-0.8545454545454545,0,1,0,0
-0.15625000000000056,-0.5217391304347998,0.9528795811518325,-0.9044117647058828,0.4909090909090909,0,0,1,0
-0.6875000000000167,-0.43478260869565005,-0.35602094240837695,0.3382352941176473,-0.9,1,0,0,0
0.6562499999999917,0.4782608695652002,2.225130890052356,-1.2500000000000004,-0.9545454545454546,0,1,0,0
0.09374999999998612,0.5652173913043252,0.8324607329842932,-0.7941176470588239,0.2,0,1,0,0
-0.37500000000001554,-0.8260869565217499,1.7015706806282722,-1.1985294117647065,-0.7363636363636363,0,1,0,0
-0.3125000000000011,0.13043478260867525,0.806282722513089,-0.6691176470588239,0.2,0,1,0,0
0.7499999999999956,0.04347826086955017,0.43455497382198954,-0.5808823529411766,-0.39090909090909093,0,1,0,0
-0.031250000000007216,-0.34782608695652495,4.136125654450262,-1.7500000000000009,0.5727272727272728,0,0,1,0
-0.9062500000000139,-0.6086956521739249,-0.010471204188481676,-0.11764705882352956,-0.19090909090909092,0,1,0,0
0.7812500000000028,0.652173913043475,0.7068062827225131,-0.7720588235294121,0.4818181818181818,0,1,0,0
-0.031250000000007216,0.5652173913043252,1.5078534031413613,-1.1764705882352946,0.9636363636363636,0,0,1,0
0.09374999999998612,0.3043478260869501,-0.06282722513089005,-0.30882352941176505,0.37272727272727274,0,0,1,0
-0.5000000000000089,-0.21739130434782503,0.4293193717277487,-0.5808823529411766,-0.16363636363636364,0,1,0,0
-0.406250000000005,-0.13043478260869995,-0.13612565445026178,0.48529411764705915,-0.43636363636363634,0,0,1,0
0.12499999999999334,-0.2608695652173999,1.5287958115183247,-0.9117647058823535,0.09090909090909091,0,1,0,0
-0.6562500000000094,-0.6956521739130499,0.4293193717277487,-0.5220588235294121,-0.7545454545454545,0,0,1,0
-0.9062500000000139,-0.652173913043475,1.418848167539267,-1.2573529411764712,-0.7,0,1,0,0
0.031249999999989453,0.5652173913043252,-0.4083769633507853,0.3014705882352943,-0.20909090909090908,0,1,0,0
0.21874999999999722,0.2608695652173752,0.11518324607329843,-0.05147058823529435,0.6181818181818182,0,1,0,0
0.7812500000000028,0.8695652173913001,-0.33507853403141363,0.8970588235294118,-0.6545454545454545,0,1,0,0
0.4999999999999911,0.21739130434782503,1.9528795811518325,-1.3235294117647065,-0.07272727272727272,0,0,1,0
0.0,-0.21739130434782503,-0.2094240837696335,0.36764705882352955,0.05454545454545454,1,0,0,0
0.18749999999999,-0.21739130434782503,-0.5916230366492147,0.6176470588235295,-0.9090909090909091,1,0,0,0
0.18749999999999,0.9565217391304252,2.068062827225131,-1.1838235294117654,-0.42727272727272725,0,1,0,0
-0.7187500000000061,-0.7391304347826249,0.24607329842931938,-0.13970588235294112,0.7090909090909091,1,0,0,0
0.5312499999999983,0.39130434782607515,0.5392670157068062,-0.5000000000000006,-0.9363636363636364,0,1,0,0
0.15625000000000056,0.3043478260869501,-0.5968586387434555,0.5882352941176473,-0.17272727272727273,0,0,1,0
-0.9687500000000105,-0.9565217391304498,-0.46596858638743455,0.4485294117647062,0.5272727272727272,0,0,1,0
-0.81250000000001,-0.6086956521739249,1.0157068062827226,-0.882352941176471,0.0,0,0,1,0
-0.8437500000000172,-0.8260869565217499,-0.5287958115183246,0.7058823529411768,-0.6,0,1,0,0
0.18749999999999,0.17391304347825012,2.392670157068063,-1.4044117647058831,0.7909090909090909,0,1,0,0
0.9062499999999961,0.4782608695652002,0.581151832460733,-0.3235294117647059,0.9090909090909091,0,0,1,0
0.40624999999998723,0.17391304347825012,-0.041884816753926704,0.9117647058823533,0.8545454545454545,0,0,1,0
0.0,0.5652173913043252,-0.09947643979057591,0.22058823529411775,-0.8545454545454545,0,1,0,0
0.7499999999999956,0.08695652173912506,-0.29842931937172773,0.286764705882353,0.35454545454545455,0,1,0,0
-0.8750000000000067,-0.4782608695652249,0.2774869109947644,-0.04411764705882365,0.5545454545454546,0,0,1,0
-0.1250000000000111,-0.5217391304347998,0.2513089005235602,-0.345588235294118,-0.22727272727272727,0,0,1,0
0.3749999999999978,0.21739130434782503,0.29842931937172773,-0.24264705882352983,0.05454545454545454,0,1,0,0
0.5624999999999878,-0.21739130434782503,-0.33507853403141363,0.11764705882352956,0.8545454545454545,0,0,1,0
0.6874999999999989,0.521739130434775,0.6387434554973822,-0.5147058823529413,0.2727272727272727,0,0,1,0
0.8124999999999922,0.13043478260867525,-1.036649214659686,1.1102941176470593,-0.7909090909090909,1,0,0,1
0.21874999999999722,0.9999999999999752,1.612565445026178,-1.1029411764705888,0.2636363636363636,0,0,1,0
-0.5625000000000056,-0.43478260869565005,-0.518324607329843,0.5073529411764707,-0.8363636363636363,0,0,1,0
-0.7500000000000133,-0.56521739130435,-0.8010471204188482,1.2426470588235299,-0.01818181818181818,0,0,1,0
0.06249999999999667,0.7391304347826001,-0.4712041884816754,0.4338235294117648,0.6818181818181818,0,1,0,0
1.0,0.9999999999999752,0.010471204188481676,-0.0882352941176473,-0.35454545454545455,0,0,1,0
-0.6250000000000022,-0.9565217391304498,1.0209424083769634,-0.5000000000000006,-0.6090909090909091,0,1,0,0
-0.6562500000000094,-0.4782608695652249,0.9214659685863874,-0.5661764705882357,-0.15454545454545454,0,1,0,0
0.15625000000000056,0.6956521739130253,-0.39790575916230364,0.3308823529411766,-0.18181818181818182,1,0,0,0
0.7187499999999883,0.17391304347825012,-0.015706806282722512,-0.25,0.5181818181818182,0,0,1,0
-0.5937500000000128,-0.8695652173913001,-1.031413612565445,1.3382352941176474,-0.6545454545454545,0,1,0,0
-0.15625000000000056,0.43478260869565005,0.7643979057591623,-0.4632352941176476,0.23636363636363636,0,0,1,0
-0.8437500000000172,-0.39130434782609985,-0.39267015706806285,-0.095588235294118,-0.7363636363636363,0,1,0,0
0.6874999999999989,0.43478260869565005,-0.8638743455497382,0.9705882352941178,-0.4,0,0,1,0
1.1562500000000007,1.30434782608695,1.9162303664921465,-1.0514705882352946,0.9454545454545454,0,1,0,0
1.18749999999999,1.3913043478260751,0.33507853403141363,-0.3750000000000003,0.5545454545454546,0,0,1,0
0.21874999999999722,0.2608695652173752,-0.2198952879581152,0.19852941176470565,0.6,0,1,0,0
-0.406250000000005,-0.08695652173914978,0.6596858638743456,-0.6029411764705886,-0.5272727272727272,0,1,0,0
-0.031250000000007216,-0.2608695652173999,0.015706806282722512,-0.095588235294118,-0.18181818181818182,0,1,0,0
0.0,0.5652173913043252,0.5287958115183246,-0.3750000000000003,0.7636363636363637,0,1,0,0
0.3749999999999978,0.21739130434782503,-0.27225130890052357,0.5441176470588237,-0.5909090909090909,0,1,0,0
0.5312499999999983,0.0,4.549738219895288,-1.926470588235295,0.8909090909090909,0,0,1,1
-0.3437500000000083,-0.652173913043475,2.319371727748691,-1.3088235294117654,-0.045454545454545456,0,1,0,0
-0.37500000000001554,0.0,-0.7172774869109948,1.6617647058823537,0.4909090909090909,1,0,0,0
-0.6562500000000094,-0.43478260869565005,-0.15706806282722513,0.3088235294117645,0.15454545454545454,0,1,0,0
0.09374999999998612,0.21739130434782503,-0.6230366492146597,0.632352941176471,-0.7545454545454545,0,1,0,0
0.3749999999999978,0.39130434782607515,-0.041884816753926704,0.051470588235293824,0.37272727272727274,0,0,1,0
-0.7812500000000028,-0.34782608695652495,-0.20418848167539266,0.4485294117647062,1.009090909090909,0,0,1,0
1.093750000000004,0.9999999999999752,-0.3507853403141361,0.4044117647058825,-0.8909090909090909,1,0,0,0
0.40624999999998723,0.3043478260869501,0.2094240837696335,-0.23529411764705913,-0.09090909090909091,0,1,0,0
0.0,0.652173913043475,0.8952879581151832,-0.7720588235294121,-0.2,1,0,0,0
0.8437499999999994,0.9999999999999752,0.10471204188481675,-0.029411764705882262,1.2,0,1,0,0
0.46875000000000167,0.3043478260869501,0.8429319371727748,-0.595588235294118,-0.44545454545454544,0,0,1,0
-0.37500000000001554,0.0,0.03664921465968586,-0.15441176470588253,-0.5,0,1,0,0
-0.5937500000000128,-0.4782608695652249,-0.8481675392670157,0.2720588235294116,0.5818181818181818,0,1,0,0
-0.6875000000000167,-0.5217391304347998,-0.5759162303664922,0.036764705882352956,-0.5636363636363636,0,1,0,0
-0.5000000000000089,-0.34782608695652495,0.3507853403141361,0.0,0.21818181818181817,0,1,0,0
0.43749999999999445,0.17391304347825012,-0.47643979057591623,0.29411764705882365,0.7,0,0,1,0
-0.46875000000000167,-0.13043478260869995,0.010471204188481676,0.4117647058823532,0.33636363636363636,0,1,0,0
-0.5312500000000161,-0.2608695652173999,-0.8324607329842932,0.38235294117647045,0.13636363636363635,0,0,1,0
-0.8437500000000172,-0.8695652173913001,-0.8115183246073299,1.2720588235294121,-0.37272727272727274,0,1,0,0
-0.46875000000000167,-0.13043478260869995,-0.38219895287958117,0.22058823529411775,-0.24545454545454545,0,0,1,0
0.7499999999999956,0.8695652173913001,-0.25654450261780104,0.5514705882352944,-0.6363636363636364,0,0,1,0
0.09374999999998612,0.521739130434775,0.7120418848167539,-0.4044117647058825,-0.7545454545454545,0,1,0,0
-0.5625000000000056,-0.9565217391304498,-0.005235602094240838,0.13970588235294112,-0.03636363636363636,0,1,0,0
1.0,0.521739130434775,-0.5968586387434555,1.0147058823529413,-0.6181818181818182,0,1,0,0
-0.15625000000000056,-0.39130434782609985,1.0994764397905759,-1.0000000000000004,0.5454545454545454,0,1,0,0
-0.1250000000000111,-0.3043478260869748,-0.3036649214659686,0.20588235294117635,-0.4727272727272727,0,1,0,0
-0.9687500000000105,-1.043478260869575,-0.005235602094240838,-0.05147058823529435,0.17272727272727273,0,1,0,0
-0.406250000000005,-0.6956521739130499,-0.06806282722513089,-0.3750000000000003,-0.7090909090909091,0,1,0,0
0.8124999999999922,0.8695652173913001,0.3193717277486911,-0.5882352941176473,0.7363636363636363,0,0,1,0
-0.3437500000000083,-0.04347826086957489,-0.08900523560209424,-0.4044117647058825,-0.14545454545454545,0,0,1,0
0.43749999999999445,0.17391304347825012,0.2774869109947644,-0.07352941176470591,-0.5363636363636364,0,1,0,0
-0.3125000000000011,-0.652173913043475,-0.06282722513089005,-0.11764705882352956,0.5363636363636364,0,0,1,0
0.18749999999999,0.8695652173913001,-0.06806282722513089,0.22058823529411775,0.4727272727272727,1,0,0,0
-0.9687500000000105,-0.9565217391304498,-0.3507853403141361,0.558823529411765,0.7636363636363637,0,1,0,0
-0.406250000000005,-0.34782608695652495,-0.7643979057591623,0.5147058823529413,0.6272727272727273,0,1,0,0
-0.81250000000001,-0.8260869565217499,-0.9214659685863874,1.2058823529411768,0.7454545454545455,0,1,0,0
-0.4375000000000122,-0.4782608695652249,1.780104712041885,-1.0514705882352946,0.20909090909090908,0,0,1,0
0.6874999999999989,0.34782608695650025,1.0837696335078535,-0.7132352941176475,1.009090909090909,0,0,1,1
0.8124999999999922,0.9999999999999752,-0.36649214659685864,0.3014705882352943,-0.8181818181818182,0,1,0,0
0.21874999999999722,0.9999999999999752,1.6858638743455496,-1.1985294117647065,0.18181818181818182,0,1,0,0
0.5624999999999878,0.43478260869565005,-0.643979057591623,0.845588235294118,0.7,0,0,1,0
0.09374999999998612,-0.17391304347827483,1.2408376963350785,-0.6617647058823533,0.05454545454545454,0,1,0,0
-0.5625000000000056,-0.913043478260875,-0.743455497382199,1.235294117647059,-0.23636363636363636,0,1,0,0
0.18749999999999,0.21739130434782503,0.7905759162303665,-0.4338235294117648,-0.16363636363636364,0,1,0,0
-0.25000000000000444,-0.4782608695652249,-0.4083769633507853,0.036764705882352956,0.14545454545454545,1,0,0,0
1.0624999999999967,0.9565217391304252,0.4712041884816754,-0.3602941176470589,-0.7090909090909091,0,0,1,0
0.12499999999999334,-0.2608695652173999,0.20418848167539266,-0.11764705882352956,0.00909090909090909,0,1,0,0
-0.6875000000000167,-1.043478260869575,-0.7277486910994765,0.4926470588235293,-0.16363636363636364,0,0,1,0
-1.0000000000000178,-1.0,1.7015706806282722,-1.1397058823529416,-0.14545454545454545,0,0,1,0
-0.09375000000000389,0.4782608695652002,1.0628272251308901,-0.8014705882352946,0.37272727272727274,0,0,1,0
-0.81250000000001,-0.39130434782609985,-0.4031413612565445,0.3455882352941175,-0.7545454545454545,0,1,0,0
-0.5625000000000056,-0.913043478260875,-1.3664921465968587,1.6102941176470593,-0.08181818181818182,0,1,0,0
-0.7187500000000061,-1.086956521739125,-0.29842931937172773,0.8308823529411766,-0.01818181818181818,0,1,0,0
-0.15625000000000056,0.34782608695650025,0.6649214659685864,-0.757352941176471,0.9,0,0,1,0
1.1249999999999933,0.7826086956521503,-0.8952879581151832,0.9264705882352946,-0.37272727272727274,1,0,0,1
0.09374999999998612,-0.2608695652173999,1.0890052356020943,-0.8014705882352946,0.9818181818181818,0,1,0,0
0.6562499999999917,0.21739130434782503,0.3507853403141361,-0.4044117647058825,0.509090909090909,0,0,1,0
0.18749999999999,0.43478260869565005,4.890052356020942,-1.9338235294117656,0.509090909090909,0,1,0,0
-0.8437500000000172,-0.8260869565217499,-0.4397905759162304,0.7279411764705884,-0.5,0,1,0,0
0.21874999999999722,0.43478260869565005,0.418848167539267,-0.5882352941176473,0.08181818181818182,0,0,1,0
0.06249999999999667,0.7391304347826001,0.5445026178010471,-0.47058823529411775,0.8363636363636363,0,0,1,0
-0.5937500000000128,-0.6086956521739249,-0.5026178010471204,0.36764705882352955,-0.5272727272727272,0,1,0,0
1.2187499999999971,1.2608695652173751,-0.5026178010471204,0.14705882352941183,-0.9272727272727272,0,1,0,0
-0.28125000000001166,0.17391304347825012,-0.9109947643979057,0.6470588235294118,-0.7,1,0,0,0
0.46875000000000167,0.2608695652173752,-0.387434554973822,0.2573529411764707,0.6272727272727273,0,1,0,0
1.1562500000000007,1.04347826086955,0.10471204188481675,0.5073529411764707,0.4090909090909091,0,1,0,0
0.21874999999999722,0.521739130434775,-0.21465968586387435,0.09558823529411747,-0.2909090909090909,0,1,0,0
1.0,0.9130434782608502,-0.24083769633507854,0.04411764705882365,-0.5363636363636364,0,1,0,0
-0.7812500000000028,-0.6956521739130499,0.3717277486910995,-0.22058823529411775,0.12727272727272726,0,1,0,0
0.7187499999999883,0.43478260869565005,0.32460732984293195,0.19852941176470565,0.509090909090909,0,1,0,0
-0.5625000000000056,-0.6956521739130499,0.18848167539267016,-0.29411764705882365,0.5545454545454546,0,1,0,0
-0.7500000000000133,-0.43478260869565005,0.31413612565445026,-0.058823529411765045,-0.4636363636363636,0,1,0,0
0.593749999999995,0.21739130434782503,-0.743455497382199,0.48529411764705915,0.6818181818181818,0,1,0,0
-0.5000000000000089,-0.21739130434782503,-0.21465968586387435,0.36764705882352955,0.07272727272727272,0,1,0,0
0.2812499999999939,0.9565217391304252,-0.3036649214659686,-0.2720588235294121,-0.01818181818181818,0,1,0,0
-1.0000000000000178,-1.1739130434782747,0.09424083769633508,-0.16176470588235323,-0.7272727272727273,0,0,1,0
-0.7812500000000028,-0.56521739130435,0.9424083769633508,-0.6250000000000002,-0.2545454545454545,0,0,1,0
-0.37500000000001554,0.0,-0.3193717277486911,0.5808823529411766,0.6727272727272727,0,1,0,0
-0.46875000000000167,-0.13043478260869995,-0.03664921465968586,-0.17647058823529407,0.24545454545454545,0,1,0,0
0.40624999999998723,0.4782608695652002,-0.3612565445026178,0.5514705882352944,-0.5,0,0,1,0
0.7499999999999956,0.7826086956521503,-0.46596858638743455,0.845588235294118,0.8909090909090909,0,0,1,0
0.43749999999999445,0.13043478260867525,0.2094240837696335,-0.4485294117647062,-0.4727272727272727,0,1,0,0
1.1562500000000007,1.04347826086955,4.403141361256544,-1.8308823529411773,0.35454545454545455,0,0,1,0
0.09374999999998612,0.0,-0.09947643979057591,-0.15441176470588253,0.8272727272727273,1,0,0,0
0.8437499999999994,1.04347826086955,1.0,-0.8602941176470594,-0.37272727272727274,0,1,0,0
0.5624999999999878,0.521739130434775,-0.7172774869109948,1.1397058823529416,-0.45454545454545453,0,1,0,0
1.093750000000004,0.7391304347826001,0.8167539267015707,-0.39705882352941185,-0.11818181818181818,0,0,1,0
0.15625000000000056,-0.21739130434782503,0.93717277486911,-0.6911764705882357,-0.2636363636363636,0,1,0,0
-0.37500000000001554,-0.34782608695652495,0.675392670157068,-0.558823529411765,-0.4727272727272727,0,0,1,0
0.7187499999999883,0.8260869565217251,0.2198952879581152,-0.2720588235294121,-0.8636363636363636,0,1,0,0
-0.7812500000000028,-0.5217391304347998,-0.28272251308900526,0.558823529411765,0.9272727272727272,0,1,0,0
-1.1875000000000078,-1.2608695652173998,-0.41361256544502617,0.13970588235294112,0.8090909090909091,1,0,0,0
-0.218750000000015,-0.4782608695652249,-0.518324607329843,0.5294117647058822,-0.19090909090909092,0,1,0,0
0.6562499999999917,0.6086956521739002,0.5916230366492147,-0.4485294117647062,-0.8,0,1,0,0
1.0,0.521739130434775,0.3298429319371728,0.4411764705882355,-0.6,0,0,1,0
-0.7187500000000061,-0.4782608695652249,-0.4869109947643979,0.6397058823529411,-0.7636363636363637,1,0,0,0
0.0,0.17391304347825012,-0.5706806282722513,0.3088235294117645,0.12727272727272726,0,1,0,0
-1.0000000000000178,-1.0,0.35602094240837695,-0.3750000000000003,-0.045454545454545456,0,1,0,0
-0.15625000000000056,-0.43478260869565005,-0.7172774869109948,1.1102941176470593,-0.10909090909090909,0,0,1,0
0.06249999999999667,0.6956521739130253,-0.8900523560209425,1.1102941176470593,-0.8090909090909091,0,1,0,0
-0.09375000000000389,-0.3043478260869748,-0.18848167539267016,0.4485294117647062,1.018181818181818,0,1,0,0
-0.25000000000000444,-0.56521739130435,0.5235602094240838,-0.45588235294117685,0.8727272727272727,0,1,0,0
0.7187499999999883,0.7391304347826001,-0.19895287958115182,0.007352941176470696,0.32727272727272727,0,1,0,0
0.06249999999999667,0.6956521739130253,0.2198952879581152,0.25,0.4818181818181818,0,1,0,0
-0.9375000000000033,-0.9565217391304498,2.4973821989528795,-1.455882352941177,0.4727272727272727,0,0,1,0
0.0,0.0,-0.5287958115183246,0.4779411764705884,-0.8818181818181818,0,0,1,0
-1.125000000000011,-1.1739130434782747,0.10471204188481675,0.04411764705882365,-0.2,0,1,0,0
-0.7500000000000133,-0.56521739130435,0.5916230366492147,-0.4338235294117648,0.06363636363636363,0,1,0,0
-0.15625000000000056,-0.5217391304347998,-0.42408376963350786,0.9632352941176475,0.11818181818181818,0,1,0,0
-0.5312500000000161,-0.34782608695652495,0.24083769633507854,0.051470588235293824,0.2909090909090909,0,1,0,0
0.6562499999999917,0.4782608695652002,0.3036649214659686,-0.38235294117647095,-0.00909090909090909,0,0,1,0
-1.4375000000000122,-1.7391304347826002,0.7696335078534031,-0.5367647058823535,-0.36363636363636365,0,1,0,0
-0.37500000000001554,-0.08695652173914978,-0.7643979057591623,1.058823529411765,0.12727272727272726,0,0,1,0
0.34374999999999056,-0.08695652173914978,-0.7382198952879581,0.7794117647058828,-0.7454545454545455,1,0,0,0
-0.81250000000001,-0.56521739130435,0.5235602094240838,-0.25,0.7,0,1,0,0
0.8124999999999922,0.9130434782608502,0.4293193717277487,-0.3382352941176473,0.5454545454545454,0,0,1,0
-0.18750000000000777,0.3043478260869501,-0.675392670157068,0.6029411764705882,0.42727272727272725,0,1,0,0
-0.5625000000000056,-0.7391304347826249,-0.9109947643979057,0.6691176470588239,0.5363636363636364,0,1,0,0
-0.406250000000005,-0.08695652173914978,0.24607329842931938,-0.095588235294118,-0.4909090909090909,0,1,0,0
-0.15625000000000056,0.3043478260869501,0.5235602094240838,-0.345588235294118,0.8636363636363636,0,0,1,0
0.46875000000000167,0.34782608695650025,-0.05759162303664921,0.3750000000000003,0.43636363636363634,0,1,0,0
0.7812500000000028,0.08695652173912506,0.7277486910994765,-0.5073529411764707,-0.22727272727272727,0,1,0,0
-0.5000000000000089,-0.2608695652173999,0.16753926701570682,-0.02205882352941209,-0.18181818181818182,0,0,1,0
-0.031250000000007216,-0.08695652173914978,0.5497382198952879,-0.4926470588235298,-0.2818181818181818,0,1,0,0
1.0624999999999967,0.9999999999999752,0.3717277486910995,-0.5441176470588237,0.6181818181818182,0,1,0,0
0.34374999999999056,0.5652173913043252,1.3298429319371727,-0.8897058823529417,-0.9181818181818182,0,1,0,0
0.6874999999999989,0.3043478260869501,-0.6596858638743456,0.5294117647058822,-0.7727272727272727,0,1,0,1
-0.25000000000000444,0.04347826086955017,-0.041884816753926704,0.6691176470588239,-0.8272727272727273,0,1,0,0
-0.6875000000000167,-1.043478260869575,-0.7853403141361257,0.7794117647058828,-0.8545454545454545,0,1,0,0
-0.031250000000007216,0.4782608695652002,-0.44502617801047123,0.5294117647058822,-0.42727272727272725,0,1,0,0
0.12499999999999334,-0.2608695652173999,0.6910994764397905,-0.4338235294117648,-0.4090909090909091,1,0,0,0
1.0312499999999893,1.086956521739125,6.298429319371728,-2.227941176470589,-0.38181818181818183,0,0,1,1
0.6250000000000022,0.2608695652173752,-0.19895287958115182,0.04411764705882365,-0.8545454545454545,0,1,0,0
0.6250000000000022,0.6086956521739002,1.1727748691099475,-0.9117647058823535,-0.5181818181818182,0,1,0,0
1.093750000000004,0.8260869565217251,-1.0157068062827226,0.9411764705882355,-0.19090909090909092,0,1,0,1
0.3125000000000011,0.0,-0.450261780104712,0.5,-0.6545454545454545,0,1,0,0
0.6874999999999989,0.34782608695650025,0.4083769633507853,-0.29411764705882365,0.01818181818181818,0,0,1,0
0.9375000000000033,0.39130434782607515,0.03664921465968586,0.5514705882352944,-0.8272727272727273,0,0,1,0
0.7187499999999883,0.39130434782607515,-0.20418848167539266,0.3014705882352943,-0.00909090909090909,0,0,1,0
-0.7500000000000133,-0.8695652173913001,-0.17801047120418848,0.6397058823529411,0.6909090909090909,0,0,1,0
-0.09375000000000389,-0.21739130434782503,-0.900523560209424,0.7426470588235299,-0.08181818181818182,0,0,1,0
-1.406250000000005,-1.69565217391305,-0.4031413612565445,0.6250000000000002,0.15454545454545454,0,1,0,0
-0.8750000000000067,-0.782608695652175,-0.8900523560209425,1.1102941176470593,-0.8727272727272727,0,1,0,0
0.7812500000000028,0.13043478260867525,0.1518324607329843,-0.29411764705882365,-0.2727272727272727,0,0,1,0
0.15625000000000056,0.8260869565217251,0.8743455497382199,-0.7867647058823535,0.24545454545454545,0,1,0,0
0.7499999999999956,0.5652173913043252,0.8952879581151832,-0.9632352941176475,1.0545454545454545,0,1,0,0
1.1562500000000007,1.3478260869565002,1.198952879581152,-0.7720588235294121,0.36363636363636365,0,0,1,0
0.0,-0.43478260869565005,-0.13089005235602094,0.5,0.08181818181818182,0,1,0,0
-0.5312500000000161,-0.34782608695652495,1.1151832460732984,-0.8602941176470594,-0.37272727272727274,0,1,0,0
0.9687499999999928,0.4782608695652002,-0.33507853403141363,0.27941176470588225,-0.7,0,1,0,0
-0.37500000000001554,-0.13043478260869995,-1.130890052356021,1.6029411764705888,0.990909090909091,0,1,0,1
-0.6250000000000022,-1.0,-0.3717277486910995,0.7132352941176471,0.8272727272727273,0,1,0,0
-0.5000000000000089,-0.17391304347827483,0.25654450261780104,-0.4485294117647062,0.8909090909090909,0,0,1,0
-0.6250000000000022,-0.9565217391304498,-0.2094240837696335,0.5294117647058822,0.9,0,0,1,0
0.6874999999999989,0.6956521739130253,1.5183246073298429,-1.0882352941176476,0.8454545454545455,0,1,0,0
-0.6562500000000094,-1.0,1.1151832460732984,-0.9926470588235299,-0.8909090909090909,0,1,0,0
-0.37500000000001554,-0.04347826086957489,0.06282722513089005,0.20588235294117635,0.5727272727272728,0,1,0,0
-1.125000000000011,-1.217391304347825,0.39790575916230364,-0.4117647058823532,0.5363636363636364,0,1,0,0
0.9687499999999928,1.086956521739125,-1.162303664921466,1.2426470588235299,0.33636363636363636,0,1,0,0
-0.5312500000000161,-0.2608695652173999,-0.6649214659685864,0.7573529411764707,0.8636363636363636,0,1,0,0
0.593749999999995,0.17391304347825012,-0.6963350785340314,0.3161764705882352,-0.2,0,1,0,1
0.6562499999999917,0.6086956521739002,-0.11518324607329843,0.022058823529411565,-0.12727272727272726,0,1,0,0
-0.15625000000000056,0.2608695652173752,-0.5759162303664922,0.882352941176471,0.02727272727272727,0,1,0,0
-0.37500000000001554,-0.652173913043475,-0.17801047120418848,-0.4338235294117648,-0.12727272727272726,0,0,1,0
0.12499999999999334,-0.08695652173914978,-0.31413612565445026,0.6029411764705882,0.13636363636363635,0,1,0,0
0.24999999999998668,0.13043478260867525,-0.25654450261780104,0.22058823529411775,-0.5818181818181818,0,1,0,0
-0.3125000000000011,-0.6956521739130499,0.9057591623036649,-0.6691176470588239,-0.34545454545454546,0,1,0,0
0.09374999999998612,0.6956521739130253,0.041884816753926704,-0.5220588235294121,0.8454545454545455,0,0,1,0
0.2812499999999939,0.8695652173913001,-0.5130890052356021,0.4411764705882355,-0.2545454545454545,0,1,0,0
-0.37500000000001554,-0.8260869565217499,0.03664921465968586,0.25,-0.5545454545454546,0,1,0,0
-0.7812500000000028,-0.7391304347826249,-0.5497382198952879,0.6470588235294118,-0.4,0,0,1,0
0.34374999999999056,0.39130434782607515,0.5706806282722513,-0.5294117647058828,0.2,0,1,0,0
0.15625000000000056,-0.17391304347827483,2.256544502617801,-1.2720588235294124,-0.8363636363636363,0,0,1,0
-0.25000000000000444,0.2608695652173752,-0.041884816753926704,-0.06617647058823521,0.33636363636363636,0,1,0,0
0.24999999999998668,0.2608695652173752,0.10471204188481675,-0.3161764705882357,0.8909090909090909,0,1,0,0
0.6562499999999917,0.7826086956521503,0.4869109947643979,-0.15441176470588253,0.44545454545454544,0,1,0,0
-0.25000000000000444,0.17391304347825012,0.13612565445026178,0.08823529411764679,-0.8181818181818182,0,1,0,0
-0.031250000000007216,0.5652173913043252,0.7958115183246073,-0.7720588235294121,-0.7,0,1,0,0
0.6874999999999989,0.5652173913043252,-0.1256544502617801,0.4044117647058825,-0.43636363636363634,0,0,1,0
-0.406250000000005,-0.43478260869565005,-0.7068062827225131,0.7867647058823529,0.07272727272727272,0,1,0,0
-0.406250000000005,-0.08695652173914978,-0.7958115183246073,0.5220588235294121,-0.3090909090909091,0,1,0,0
0.0,-0.04347826086957489,0.041884816753926704,0.11764705882352956,0.7181818181818181,0,1,0,0
-0.9687500000000105,-0.9565217391304498,0.13612565445026178,0.15441176470588253,0.45454545454545453,0,1,0,0
-0.7500000000000133,-1.217391304347825,-1.3298429319371727,1.6691176470588238,-0.5454545454545454,1,0,0,0
-0.8750000000000067,-0.8695652173913001,0.5863874345549738,-0.345588235294118,1.0,0,1,0,1
1.0624999999999967,1.2173913043478004,-0.8952879581151832,0.9411764705882355,-0.37272727272727274,0,1,0,0
0.031249999999989453,-0.13043478260869995,-0.193717277486911,0.4117647058823532,-0.6,0,0,1,0
-0.8437500000000172,-0.652173913043475,0.9267015706806283,-0.5367647058823535,0.8454545454545455,0,1,0,0
-0.5937500000000128,-1.0,0.3298429319371728,-0.4632352941176476,-0.06363636363636363,0,0,1,0
0.7187499999999883,0.0,0.387434554973822,-0.3161764705882357,0.2636363636363636,0,0,1,0
-0.25000000000000444,-0.56521739130435,-0.3193717277486911,0.6544117647058825,0.5272727272727272,0,0,1,0
1.2812499999999938,1.3913043478260751,-0.20418848167539266,0.4264705882352941,-0.5363636363636364,0,1,0,0
0.12499999999999334,0.7826086956521503,0.041884816753926704,0.12499999999999974,0.8909090909090909,0,1,0,0
-0.5000000000000089,-0.7391304347826249,0.05235602094240838,-0.4779411764705884,0.5909090909090909,0,1,0,0
-0.28125000000001166,-0.782608695652175,-0.7277486910994765,0.8602941176470589,-0.02727272727272727,0,0,1,0
0.15625000000000056,-0.3043478260869748,0.24083769633507854,0.2426470588235293,1.1454545454545455,0,1,0,0
0.3125000000000011,0.0,0.8534031413612565,-0.9485294117647064,-0.6090909090909091,0,1,0,0
0.12499999999999334,0.3043478260869501,-0.7801047120418848,0.8602941176470589,0.45454545454545453,0,1,0,0
0.5624999999999878,0.21739130434782503,-0.14659685863874344,0.5661764705882352,0.6545454545454545,0,0,1,0
-0.1250000000000111,0.04347826086955017,0.680628272251309,-0.2647058823529414,-0.7545454545454545,0,1,0,0
-0.7812500000000028,-0.56521739130435,-0.7643979057591623,0.7058823529411768,-0.02727272727272727,0,0,1,0
-0.1250000000000111,0.3043478260869501,-0.44502617801047123,0.4779411764705884,0.8181818181818182,1,0,0,0
-0.406250000000005,-0.652173913043475,-1.2303664921465969,1.1544117647058825,0.43636363636363634,0,1,0,0
1.0312499999999893,0.6086956521739002,-0.10471204188481675,0.21323529411764705,0.09090909090909091,0,0,1,0
0.9375000000000033,0.43478260869565005,-0.43455497382198954,1.1544117647058825,0.05454545454545454,0,1,0,0
-1.3750000000000155,-1.69565217391305,-0.2356020942408377,0.7132352941176471,0.4,1,0,0,0
0.7499999999999956,0.7391304347826001,4.539267015706806,-1.8676470588235303,0.8272727272727273,1,0,0,0
-0.5625000000000056,-0.3043478260869748,0.3507853403141361,-0.3308823529411766,0.2818181818181818,0,1,0,0
-1.4375000000000122,-1.782608695652175,-0.418848167539267,0.38235294117647045,0.8909090909090909,0,0,1,0
-0.406250000000005,-0.652173913043475,0.5026178010471204,-0.5220588235294121,-0.05454545454545454,0,1,0,0
0.18749999999999,0.7826086956521503,-0.14136125654450263,0.13970588235294112,0.8090909090909091,0,1,0,0
-0.3125000000000011,-0.782608695652175,-0.4031413612565445,0.0,-0.42727272727272725,0,1,0,0
0.6562499999999917,0.4782608695652002,0.837696335078534,-0.7720588235294121,0.07272727272727272,0,0,1,0
0.18749999999999,0.9999999999999752,-0.6910994764397905,1.5882352941176479,-0.045454545454545456,0,0,1,0
-0.5000000000000089,-0.21739130434782503,-0.4397905759162304,0.10294117647058817,-0.01818181818181818,0,1,0,0
0.15625000000000056,0.2608695652173752,0.3298429319371728,-0.13970588235294112,0.7272727272727273,0,0,1,0
-0.46875000000000167,-0.13043478260869995,4.020942408376963,-1.7573529411764715,1.009090909090909,0,1,0,1
1.1562500000000007,1.04347826086955,-0.2879581151832461,0.3088235294117645,0.8,0,0,1,0
0.40624999999998723,0.21739130434782503,0.6649214659685864,-0.720588235294118,-0.9545454545454546,0,0,1,0
0.6250000000000022,0.0,0.5863874345549738,-0.7500000000000006,0.6272727272727273,1,0,0,0
0.06249999999999667,-0.08695652173914978,0.6178010471204188,-0.4411764705882355,-0.6454545454545455,0,1,0,0
0.18749999999999,-0.2608695652173999,-1.3193717277486912,1.4558823529411768,0.11818181818181818,0,1,0,0
-0.37500000000001554,0.0,-0.193717277486911,0.2426470588235293,-0.5181818181818182,0,1,0,0
0.18749999999999,0.2608695652173752,-0.8167539267015707,0.47058823529411775,0.6909090909090909,0,0,1,0
0.8124999999999922,0.8695652173913001,0.9685863874345549,-0.595588235294118,0.43636363636363634,0,1,0,0
-0.8750000000000067,-0.6956521739130499,0.05759162303664921,0.3235294117647059,0.6363636363636364,0,1,0,0
-0.7187500000000061,-0.7391304347826249,0.6230366492146597,-0.13235294117647095,0.24545454545454545,0,1,0,0
-0.7187500000000061,-0.56521739130435,0.39790575916230364,-0.5294117647058828,-0.33636363636363636,0,1,0,0
0.18749999999999,0.0,0.32460732984293195,0.007352941176470696,-0.23636363636363636,0,1,0,0
-0.18750000000000777,-0.3043478260869748,-0.612565445026178,0.3161764705882352,0.42727272727272725,1,0,0,0
1.1249999999999933,1.1304347826086751,0.5706806282722513,-0.2794117647058828,0.8454545454545455,0,0,1,0
0.0,0.521739130434775,0.23036649214659685,-0.007352941176470696,0.8545454545454545,0,1,0,0
0.46875000000000167,0.2608695652173752,-0.24083769633507854,0.5661764705882352,-0.9090909090909091,0,0,1,0
0.6250000000000022,-0.04347826086957489,0.14659685863874344,-0.15441176470588253,0.4909090909090909,0,0,1,0
-0.5000000000000089,-0.652173913043475,0.09947643979057591,-0.23529411764705913,-0.4909090909090909,0,1,0,0
-0.4375000000000122,-0.08695652173914978,-0.20418848167539266,-0.15441176470588253,-0.3,0,1,0,0
0.12499999999999334,-0.17391304347827483,0.9528795811518325,-0.7867647058823535,0.3,0,0,1,0
1.1249999999999933,1.17391304347825,0.6858638743455497,-0.4632352941176476,-0.4,0,0,1,0
0.3749999999999978,0.3043478260869501,-0.3612565445026178,-0.04411764705882365,-0.8090909090909091,1,0,0,0
-0.4375000000000122,-0.43478260869565005,0.5445026178010471,-0.5441176470588237,-0.9545454545454546,0,1,0,0
1.0312499999999893,0.7391304347826001,0.9947643979057592,-0.8676470588235299,0.6181818181818182,1,0,0,0
-0.28125000000001166,-0.6956521739130499,-0.1518324607329843,0.5220588235294121,0.22727272727272727,0,0,1,0
0.06249999999999667,-0.08695652173914978,0.1256544502617801,0.09558823529411747,-0.9545454545454546,0,1,0,0
-0.031250000000007216,0.5652173913043252,0.6858638743455497,-0.6029411764705886,-0.9727272727272728,0,1,0,0
-0.5000000000000089,-0.34782608695652495,0.5863874345549738,-0.6102941176470591,-0.7636363636363637,0,0,1,0
-0.3437500000000083,-0.5217391304347998,0.12041884816753927,0.07352941176470591,-0.7909090909090909,0,0,1,0
-1.0000000000000178,-0.913043478260875,-0.031413612565445025,0.3455882352941175,-0.45454545454545453,0,0,1,0
0.5624999999999878,0.34782608695650025,-0.9738219895287958,0.8676470588235295,-0.6090909090909091,0,0,1,0
-0.09375000000000389,-0.4782608695652249,0.33507853403141363,-0.29411764705882365,-0.10909090909090909,0,1,0,0
0.8437499999999994,0.34782608695650025,-1.0,0.8897058823529417,-0.6090909090909091,0,1,0,1
0.15625000000000056,0.8260869565217251,-0.5078534031413613,1.1029411764705888,0.2636363636363636,0,1,0,0
-0.3437500000000083,-0.3043478260869748,0.9947643979057592,-0.7352941176470591,-0.20909090909090908,0,1,0,0
0.3749999999999978,0.21739130434782503,-0.6649214659685864,0.5514705882352944,-0.5636363636363636,0,1,0,0
0.3749999999999978,0.13043478260867525,-0.010471204188481676,0.11029411764705888,0.7727272727272727,0,1,0,0
-0.81250000000001,-0.43478260869565005,0.06282722513089005,-0.36764705882352955,0.9636363636363636,0,1,0,0
0.46875000000000167,0.3043478260869501,0.2356020942408377,-0.4338235294117648,0.32727272727272727,0,0,1,0
0.3749999999999978,0.08695652173912506,0.29842931937172773,-0.2794117647058828,0.2,0,1,0,0
-0.9687500000000105,-0.8695652173913001,0.020942408376963352,0.22058823529411775,-0.509090909090909,0,0,1,0
0.7187499999999883,0.13043478260867525,-0.24607329842931938,0.5514705882352944,0.18181818181818182,0,1,0,0
-0.9687500000000105,-1.0,-0.9790575916230366,1.5514705882352948,0.8454545454545455,0,1,0,1
0.0,0.6086956521739002,0.24083769633507854,-0.39705882352941185,0.7454545454545455,0,1,0,0
-0.9375000000000033,-0.913043478260875,-0.8115183246073299,1.3161764705882357,0.5,0,1,0,0
-0.7812500000000028,-0.782608695652175,-0.5392670157068062,0.3088235294117645,-0.5818181818181818,1,0,0,0
0.18749999999999,0.4782608695652002,-0.08900523560209424,0.4926470588235293,-0.4636363636363636,0,1,0,0
-0.6250000000000022,-0.6086956521739249,0.8795811518324608,-0.8308823529411768,-0.6,0,1,0,0
0.6562499999999917,0.5652173913043252,-0.38219895287958117,0.22058823529411775,-0.7090909090909091,0,1,0,0
-0.7187500000000061,-1.1739130434782747,-0.44502617801047123,0.08088235294117661,0.43636363636363634,0,1,0,0
-0.8750000000000067,-0.7391304347826249,-0.06282722513089005,0.47058823529411775,-0.7090909090909091,0,1,0,0
0.6250000000000022,0.6086956521739002,-0.8481675392670157,0.7867647058823529,-0.07272727272727272,0,0,1,0
-0.37500000000001554,-0.13043478260869995,-0.7329842931937173,0.7720588235294121,0.07272727272727272,0,0,1,0
0.12499999999999334,0.6956521739130253,-0.49214659685863876,1.0735294117647065,-0.02727272727272727,0,1,0,0
0.3749999999999978,-0.04347826086957489,0.015706806282722512,0.051470588235293824,-0.8727272727272727,0,1,0,0
0.24999999999998668,0.13043478260867525,0.19895287958115182,-0.07352941176470591,-0.8181818181818182,0,1,0,0
-0.4375000000000122,-0.6956521739130499,-0.7486910994764397,0.9411764705882355,-0.34545454545454546,0,0,1,0
0.031249999999989453,-0.3043478260869748,-0.9109947643979057,0.9926470588235299,0.7181818181818181,0,0,1,0
-0.8437500000000172,-0.7391304347826249,0.41361256544502617,-0.21323529411764705,-0.35454545454545455,0,1,0,0
-0.4375000000000122,-0.13043478260869995,-0.7225130890052356,0.7647058823529413,0.03636363636363636,0,1,0,0
-0.8750000000000067,-0.782608695652175,-0.23036649214659685,1.4338235294117654,0.9090909090909091,0,0,1,1
0.8437499999999994,0.9565217391304252,-0.45549738219895286,0.19117647058823548,1.2181818181818183,0,0,1,0
-0.8437500000000172,-0.39130434782609985,1.0209424083769634,-0.7867647058823535,0.10909090909090909,0,1,0,0
-0.09375000000000389,0.4782608695652002,0.3193717277486911,-0.007352941176470696,0.5909090909090909,0,1,0,0
0.7812500000000028,0.5652173913043252,1.3298429319371727,-0.7794117647058828,0.4,0,0,1,0
-0.5625000000000056,-0.34782608695652495,0.13612565445026178,0.11764705882352956,-0.9272727272727272,1,0,0,0
-0.6875000000000167,-0.9565217391304498,-0.8743455497382199,1.0514705882352944,-0.22727272727272727,0,0,1,0
0.6874999999999989,0.521739130434775,-0.3089005235602094,0.22058823529411775,0.07272727272727272,0,0,1,0
-0.7187500000000061,-1.0,-0.6282722513089005,1.2058823529411768,-0.08181818181818182,0,1,0,0
0.24999999999998668,0.2608695652173752,-0.7382198952879581,0.845588235294118,0.9545454545454546,0,0,1,0
-0.7187500000000061,-0.7391304347826249,0.39790575916230364,-0.2573529411764707,0.4090909090909091,0,0,1,0
-0.09375000000000389,0.39130434782607515,2.329842931937173,-1.477941176470589,0.7090909090909091,0,0,1,0
-0.031250000000007216,-0.4782608695652249,3.513089005235602,-1.7058823529411773,0.045454545454545456,0,1,0,0
0.031249999999989453,-0.34782608695652495,-0.8429319371727748,0.632352941176471,-0.35454545454545455,1,0,0,0
-0.6250000000000022,-0.913043478260875,-0.675392670157068,0.6397058823529411,0.44545454545454544,0,0,1,0
-0.6562500000000094,-0.652173913043475,-0.6649214659685864,1.1470588235294124,0.9727272727272728,0,0,1,0
0.18749999999999,0.6956521739130253,-0.020942408376963352,-0.12500000000000025,0.8909090909090909,0,1,0,0
-0.3437500000000083,-0.4782608695652249,1.5759162303664922,-0.9779411764705886,-0.8181818181818182,0,0,1,0
0.7187499999999883,0.13043478260867525,0.8534031413612565,-0.7647058823529417,0.16363636363636364,0,1,0,0
0.24999999999998668,0.3043478260869501,1.036649214659686,-0.7132352941176475,-0.4727272727272727,0,1,0,0
-0.4375000000000122,-0.08695652173914978,0.6178010471204188,-0.4411764705882355,0.20909090909090908,0,1,0,0
0.593749999999995,-0.13043478260869995,0.1518324607329843,-0.05147058823529435,-0.9545454545454546,0,1,0,0
-0.8437500000000172,-0.6956521739130499,-0.19895287958115182,1.1617647058823533,0.41818181818181815,0,0,1,0
-0.5937500000000128,-0.782608695652175,0.3403141361256545,-0.3014705882352943,-0.13636363636363635,0,1,0,0
0.15625000000000056,-0.2608695652173999,-0.05759162303664921,-0.4485294117647062,0.33636363636363636,0,0,1,0
-1.406250000000005,-1.782608695652175,-0.5602094240837696,0.9044117647058825,-0.9727272727272728,1,0,0,0
-0.1250000000000111,-0.43478260869565005,0.5235602094240838,-0.11764705882352956,0.5727272727272728,0,0,1,0
-0.18750000000000777,-0.4782608695652249,1.036649214659686,-0.845588235294118,-0.08181818181818182,0,0,1,0
-0.09375000000000389,-0.34782608695652495,0.4816753926701571,-0.5882352941176473,0.6909090909090909,1,0,0,0
0.7812500000000028,0.13043478260867525,0.581151832460733,-0.3014705882352943,-0.3,1,0,0,0
0.593749999999995,0.17391304347825012,3.6335078534031413,-1.7867647058823537,0.23636363636363636,0,1,0,0
-0.3437500000000083,0.0,2.8795811518324608,-1.5000000000000009,0.2727272727272727,1,0,0,0
0.5312499999999983,0.21739130434782503,-0.5235602094240838,0.4926470588235293,0.4,0,1,0,0
-0.8750000000000067,-0.8260869565217499,1.3141361256544504,-0.7867647058823535,0.14545454545454545,0,1,0,0
-0.81250000000001,-0.39130434782609985,1.5759162303664922,-0.9338235294117653,0.9818181818181818,0,0,1,0
-0.7500000000000133,-0.6956521739130499,-0.010471204188481676,0.09558823529411747,0.8545454545454545,0,1,0,0
0.5624999999999878,0.2608695652173752,-0.6963350785340314,0.75,-0.7909090909090909,0,1,0,0
-1.406250000000005,-1.7391304347826002,0.6282722513089005,-0.6764705882352946,0.9363636363636364,1,0,0,0
0.18749999999999,-0.2608695652173999,0.19895287958115182,-0.21323529411764705,-0.5363636363636364,0,1,0,0
0.43749999999999445,0.21739130434782503,-0.41361256544502617,0.5073529411764707,-0.7363636363636363,0,0,1,0
0.43749999999999445,0.21739130434782503,-0.5235602094240838,0.5367647058823529,-0.6636363636363637,0,0,1,0
1.2187499999999971,1.2608695652173751,2.6649214659685865,-1.3970588235294124,0.07272727272727272,0,1,0,0
0.593749999999995,0.17391304347825012,0.7120418848167539,-0.5294117647058828,-0.11818181818181818,0,0,1,0
-0.7812500000000028,-0.6086956521739249,-0.7225130890052356,0.7720588235294121,0.32727272727272727,0,1,0,0
-0.09375000000000389,-0.2608695652173999,1.2356020942408377,-0.9264705882352946,0.19090909090909092,0,1,0,0
0.9687499999999928,0.4782608695652002,-0.39790575916230364,0.4044117647058825,-0.7454545454545455,0,1,0,0
0.3749999999999978,-0.04347826086957489,0.8481675392670157,-0.6397058823529417,-0.9727272727272728,0,1,0,0
0.9375000000000033,0.5652173913043252,1.706806282722513,-1.1470588235294124,0.4727272727272727,0,1,0,0
-0.46875000000000167,-0.34782608695652495,0.9109947643979057,-0.6544117647058828,0.6636363636363637,0,1,0,0
-0.37500000000001554,-0.6086956521739249,-0.015706806282722512,0.11029411764705888,0.7272727272727273,1,0,0,0
1.2500000000000044,1.3913043478260751,-0.04712041884816754,-0.08088235294117661,-0.5272727272727272,0,0,1,0
1.093750000000004,0.8695652173913001,2.4293193717277486,-1.4117647058823537,-0.9545454545454546,0,0,1,0
-0.25000000000000444,-0.43478260869565005,1.0471204188481675,-0.6470588235294121,0.11818181818181818,0,0,1,0
0.6250000000000022,0.4782608695652002,0.08376963350785341,-0.058823529411765045,0.43636363636363634,0,1,0,0
0.593749999999995,0.3043478260869501,-0.6282722513089005,0.75,1.1272727272727272,0,1,0,1
0.6562499999999917,0.4782608695652002,-0.8167539267015707,0.7132352941176471,-0.11818181818181818,0,0,1,0
0.593749999999995,0.4782608695652002,-0.44502617801047123,0.6911764705882355,-0.8181818181818182,0,0,1,0
-0.6250000000000022,-0.56521739130435,1.612565445026178,-1.080882352941177,0.36363636363636365,0,0,1,0
-0.218750000000015,-0.43478260869565005,0.743455497382199,-0.845588235294118,-0.45454545454545453,0,1,0,0
0.7187499999999883,0.7826086956521503,-0.33507853403141363,-0.2573529411764707,0.9545454545454546,0,0,1,0
-0.3437500000000083,0.0,-0.17277486910994763,0.01470588235294087,-0.21818181818181817,0,1,0,0
-0.5000000000000089,-0.2608695652173999,0.3036649214659686,-0.3897058823529417,-0.6545454545454545,0,1,0,0
0.34374999999999056,0.21739130434782503,-0.24083769633507854,0.7647058823529413,0.06363636363636363,1,0,0,0
-1.3750000000000155,-1.652173913043475,2.157068062827225,-1.3014705882352948,-0.2545454545454545,0,1,0,0
-0.3125000000000011,-0.782608695652175,-0.3769633507853403,0.8970588235294118,-0.6272727272727273,0,1,0,0
-0.3125000000000011,0.08695652173912506,0.6073298429319371,-0.3602941176470589,1.209090909090909,0,1,0,0
-0.031250000000007216,0.17391304347825012,0.07329842931937172,0.15441176470588253,0.7181818181818181,0,1,0,0
0.12499999999999334,0.652173913043475,-0.6178010471204188,1.0808823529411766,0.6,0,1,0,0
-0.5937500000000128,-0.7391304347826249,-0.6492146596858639,0.22058823529411775,-0.38181818181818183,0,1,0,0
-0.9687500000000105,-0.913043478260875,-0.4973821989528796,0.573529411764706,-0.4818181818181818,0,0,1,0
1.2187499999999971,1.2173913043478004,-0.7329842931937173,1.6470588235294124,0.8454545454545455,0,1,0,1
-0.37500000000001554,0.0,-0.5340314136125655,0.3161764705882352,-0.2818181818181818,0,1,0,0
-0.1250000000000111,-0.43478260869565005,1.1099476439790577,-0.9044117647058828,0.7727272727272727,0,1,0,0
0.21874999999999722,-0.17391304347827483,0.08376963350785341,-0.029411764705882262,-0.8272727272727273,0,0,1,0
-0.031250000000007216,0.04347826086955017,-0.31413612565445026,1.36764705882353,-0.35454545454545455,0,0,1,0
0.09374999999998612,-0.21739130434782503,-0.45549738219895286,0.2352941176470586,-0.37272727272727274,1,0,0,0
-0.1250000000000111,-0.21739130434782503,-0.4397905759162304,0.36764705882352955,0.5727272727272728,0,1,0,0
-0.37500000000001554,0.08695652173912506,0.418848167539267,-0.5514705882352944,1.1181818181818182,0,1,0,0
-0.25000000000000444,-0.56521739130435,0.7591623036649214,-0.8602941176470594,0.7363636363636363,0,0,1,0
0.6562499999999917,0.6086956521739002,1.8848167539267016,-1.0588235294117654,-0.2,0,0,1,0
-0.1250000000000111,0.34782608695650025,-0.13612565445026178,0.022058823529411565,-0.21818181818181817,0,1,0,0
-0.28125000000001166,-0.4782608695652249,0.5863874345549738,-0.47058823529411775,0.7818181818181819,0,1,0,0
-0.8750000000000067,-0.8695652173913001,1.0785340314136125,-0.6985294117647062,0.8090909090909091,0,0,1,0
0.43749999999999445,0.17391304347825012,0.5078534031413613,-0.5367647058823535,0.8909090909090909,0,0,1,0
0.24999999999998668,-0.04347826086957489,0.8795811518324608,-0.9779411764705886,0.8363636363636363,0,1,0,0
-0.18750000000000777,-0.43478260869565005,-0.14136125654450263,0.5661764705882352,1.0545454545454545,0,1,0,0
-0.6250000000000022,-1.1304347826087,-0.5863874345549738,1.2720588235294121,0.4909090909090909,0,1,0,0
0.34374999999999056,-0.08695652173914978,0.9633507853403142,-0.7647058823529417,-0.7,0,1,0,0
0.3125000000000011,0.4782608695652002,0.3193717277486911,-0.22794117647058842,0.5272727272727272,0,1,0,0
-0.3125000000000011,0.17391304347825012,1.2356020942408377,-0.9338235294117653,-0.3181818181818182,0,1,0,0
-0.4375000000000122,-0.6956521739130499,-0.10471204188481675,0.17647058823529407,-0.5545454545454546,0,1,0,0
-0.406250000000005,-0.13043478260869995,0.2513089005235602,-0.2573529411764707,-0.8363636363636363,0,0,1,0
0.18749999999999,-0.17391304347827483,0.4973821989528796,-0.47058823529411775,0.38181818181818183,0,1,0,0
-0.37500000000001554,-0.13043478260869995,4.958115183246074,-1.926470588235295,-0.16363636363636364,0,0,1,0
0.0,-0.21739130434782503,0.7277486910994765,-0.4117647058823532,-0.4909090909090909,0,1,0,0
0.15625000000000056,0.21739130434782503,0.05759162303664921,-0.04411764705882365,-0.18181818181818182,0,1,0,0
-0.37500000000001554,0.21739130434782503,1.1361256544502618,-1.0882352941176476,0.8181818181818182,0,0,1,0
-0.3125000000000011,-0.5217391304347998,-0.18848167539267016,0.5220588235294121,1.009090909090909,0,1,0,0
0.15625000000000056,-0.21739130434782503,2.0157068062827226,-1.441176470588236,0.23636363636363636,1,0,0,0
0.09374999999998612,-0.13043478260869995,-0.9895287958115183,1.691176470588236,0.35454545454545455,0,1,0,0
0.24999999999998668,0.8695652173913001,-0.1518324607329843,0.1691176470588234,0.5818181818181818,0,1,0,0
-0.37500000000001554,-0.43478260869565005,-0.7015706806282722,0.3161764705882352,0.8272727272727273,0,1,0,0
-0.37500000000001554,-0.4782608695652249,2.2041884816753927,-1.2867647058823535,0.7818181818181819,0,0,1,0
0.7187499999999883,0.43478260869565005,0.08900523560209424,0.15441176470588253,0.32727272727272727,0,1,0,0
-0.6875000000000167,-1.086956521739125,0.450261780104712,-0.1691176470588239,0.11818181818181818,0,1,0,0
-0.031250000000007216,0.4782608695652002,0.6596858638743456,-0.6176470588235299,-0.4090909090909091,0,1,0,0
-0.28125000000001166,-0.6956521739130499,-0.8534031413612565,0.7279411764705884,0.33636363636363636,0,1,0,0
-0.46875000000000167,-0.21739130434782503,-0.6073298429319371,1.2867647058823535,-0.5181818181818182,0,1,0,0
1.2187499999999971,1.2608695652173751,4.455497382198953,-1.8455882352941184,0.09090909090909091,0,1,0,0
-0.6875000000000167,-0.43478260869565005,0.005235602094240838,0.21323529411764705,-0.9363636363636364,0,1,0,0
0.21874999999999722,-0.04347826086957489,-0.18324607329842932,0.9264705882352946,0.6454545454545455,0,1,0,0
-0.7812500000000028,-0.652173913043475,0.12041884816753927,0.14705882352941183,-0.45454545454545453,0,1,0,0
-0.9062500000000139,-0.782608695652175,-0.387434554973822,0.13970588235294112,-0.9181818181818182,0,0,1,0
-0.6875000000000167,-0.56521739130435,0.5759162303664922,-0.6397058823529417,-0.45454545454545453,0,1,0,0
0.9062499999999961,0.521739130434775,-0.7225130890052356,1.1838235294117654,0.35454545454545455,0,1,0,1
0.6562499999999917,0.6086956521739002,1.162303664921466,-0.4485294117647062,0.5727272727272728,0,1,0,0
0.43749999999999445,0.2608695652173752,-0.418848167539267,0.286764705882353,1.0454545454545454,0,1,0,0
0.2812499999999939,0.6086956521739002,0.14136125654450263,0.27941176470588225,0.5272727272727272,0,0,1,0
0.9062499999999961,0.4782608695652002,-0.04712041884816754,-0.22794117647058842,-0.36363636363636365,0,1,0,0
-0.3437500000000083,-0.652173913043475,-0.6544502617801047,0.5661764705882352,0.509090909090909,0,1,0,0
0.5624999999999878,0.13043478260867525,1.0732984293193717,-1.1250000000000004,-0.8181818181818182,0,1,0,0
-0.37500000000001554,-0.652173913043475,0.09947643979057591,0.463235294117647,-0.9545454545454546,0,1,0,0
-0.5312500000000161,-0.39130434782609985,0.49214659685863876,-0.48529411764705915,0.08181818181818182,0,0,1,0
1.1562500000000007,1.1304347826086751,-0.2198952879581152,-0.13970588235294112,0.7363636363636363,0,1,0,0
-0.7500000000000133,-0.21739130434782503,0.13612565445026178,-0.3602941176470589,0.41818181818181815,0,1,0,0
1.093750000000004,1.1304347826086751,-0.44502617801047123,0.29411764705882365,0.1,0,1,0,0
-0.7812500000000028,-0.6956521739130499,-0.7486910994764397,0.6250000000000002,-0.2727272727272727,0,0,1,0
0.4999999999999911,0.08695652173912506,1.486910994764398,-0.9852941176470594,-0.6727272727272727,0,0,1,0
-0.6875000000000167,-1.086956521739125,-0.38219895287958117,0.9044117647058825,0.6454545454545455,0,1,0,0
0.21874999999999722,0.21739130434782503,0.8691099476439791,-0.8602941176470594,-0.2545454545454545,0,0,1,0
0.6562499999999917,0.43478260869565005,-0.2931937172774869,0.882352941176471,0.6090909090909091,0,1,0,0
0.12499999999999334,-0.08695652173914978,2.5706806282722514,-1.49264705882353,0.7454545454545455,0,0,1,0
-0.5000000000000089,-0.6086956521739249,-0.2774869109947644,0.27941176470588225,-0.7181818181818181,1,0,0,0
-0.4375000000000122,-0.08695652173914978,0.7905759162303665,-0.808823529411765,0.8,0,0,1,0
-1.0312500000000073,-0.913043478260875,-0.5863874345549738,1.0514705882352944,-0.8181818181818182,0,1,0,0
0.3125000000000011,0.04347826086955017,-0.2513089005235602,1.1176470588235297,-0.8909090909090909,0,1,0,0
0.5312499999999983,0.17391304347825012,0.4712041884816754,-0.38235294117647095,0.2909090909090909,0,1,0,0
0.15625000000000056,0.17391304347825012,0.08376963350785341,-0.22794117647058842,-0.14545454545454545,1,0,0,0
0.593749999999995,0.39130434782607515,0.31413612565445026,-0.286764705882353,-0.9,0,1,0,0
-0.7187500000000061,-0.17391304347827483,-0.8481675392670157,0.6691176470588239,0.9181818181818182,0,1,0,0
-0.406250000000005,-0.13043478260869995,0.031413612565445025,-0.286764705882353,-0.45454545454545453,0,1,0,0
-0.81250000000001,-0.56521739130435,0.4397905759162304,-0.38235294117647095,0.5363636363636364,0,1,0,0
-0.7187500000000061,-1.1739130434782747,-0.07853403141361257,-0.29411764705882365,-0.45454545454545453,0,0,1,0
-0.5937500000000128,-0.4782608695652249,-0.29842931937172773,0.4191176470588234,-0.24545454545454545,0,0,1,0
0.24999999999998668,0.3043478260869501,-0.05235602094240838,0.4191176470588234,-0.45454545454545453,0,1,0,0
-0.8750000000000067,-0.652173913043475,-1.2041884816753927,1.448529411764706,0.6818181818181818,0,1,0,0
0.18749999999999,0.17391304347825012,-0.2879581151832461,-0.13970588235294112,1.009090909090909,0,1,0,0
-0.406250000000005,-0.04347826086957489,-0.5968586387434555,0.6985294117647062,0.38181818181818183,0,1,0,0
-0.8437500000000172,-0.39130434782609985,-0.23036649214659685,-0.16176470588235323,0.7636363636363637,0,1,0,0
-0.37500000000001554,-0.4782608695652249,-0.4869109947643979,1.8823529411764715,0.7636363636363637,0,1,0,1
0.7499999999999956,0.7391304347826001,-0.8795811518324608,0.9264705882352946,0.2545454545454545,0,1,0,0
-0.5937500000000128,-1.0,0.418848167539267,-0.2573529411764707,0.7090909090909091,0,0,1,0
-0.5937500000000128,-0.8260869565217499,-0.29842931937172773,-0.13970588235294112,-0.41818181818181815,0,1,0,0
1.2812499999999938,1.4782608695652002,-0.34554973821989526,0.5220588235294121,-0.045454545454545456,0,0,1,0
0.09374999999998612,0.4782608695652002,-0.3507853403141361,1.2279411764705885,0.6,0,1,0,0
-0.031250000000007216,-0.43478260869565005,1.9842931937172774,-1.1985294117647065,-0.20909090909090908,0,1,0,0
0.24999999999998668,0.04347826086955017,-0.6335078534031413,0.7573529411764707,0.21818181818181817,0,1,0,0
0.7812500000000028,0.8260869565217251,1.455497382198953,-0.8529411764705886,0.8090909090909091,0,1,0,0
-0.28125000000001166,-0.7391304347826249,-0.19895287958115182,-0.3750000000000003,0.8545454545454545,0,1,0,0
0.5312499999999983,0.21739130434782503,-1.6282722513089005,2.1176470588235308,0.2545454545454545,0,1,0,0
-0.8750000000000067,-0.6086956521739249,-0.18848167539267016,-0.24264705882352983,0.990909090909091,0,1,0,0
-0.1250000000000111,-0.21739130434782503,-0.36649214659685864,0.6985294117647062,0.2,1,0,0,0
-1.093750000000004,-1.1739130434782747,0.21465968586387435,0.1617647058823527,0.5727272727272728,0,0,1,0
0.2812499999999939,0.5652173913043252,0.36649214659685864,-0.18382352941176477,-0.03636363636363636,0,1,0,0
-0.8437500000000172,-0.652173913043475,-0.4816753926701571,0.45588235294117635,0.2818181818181818,0,1,0,0
-0.8437500000000172,-0.6086956521739249,-0.6335078534031413,0.7205882352941178,0.4,0,0,1,0
-0.4375000000000122,-0.2608695652173999,0.8900523560209425,-0.683823529411765,0.3090909090909091,0,1,0,0
1.2812499999999938,1.4782608695652002,-0.3403141361256545,0.7352941176470591,-0.06363636363636363,0,1,0,0
0.12499999999999334,-0.34782608695652495,-0.680628272251309,0.6397058823529411,0.9454545454545454,0,1,0,0
0.7187499999999883,0.43478260869565005,-0.09947643979057591,0.4264705882352941,0.5636363636363636,0,1,0,0
-0.6250000000000022,-0.652173913043475,0.1256544502617801,0.007352941176470696,-0.8272727272727273,0,1,0,0
-0.4375000000000122,-0.39130434782609985,-0.34554973821989526,0.4117647058823532,0.8,0,0,1,0
1.0624999999999967,0.9999999999999752,-0.8534031413612565,0.3235294117647059,-0.2818181818181818,0,1,0,0
0.06249999999999667,0.5652173913043252,1.3403141361256545,-1.1250000000000004,-0.6636363636363637,0,1,0,0
-0.09375000000000389,-0.3043478260869748,-0.4973821989528796,0.4044117647058825,0.44545454545454544,0,1,0,0
-0.28125000000001166,-0.6956521739130499,-0.6544502617801047,0.7573529411764707,1.0272727272727273,0,1,0,1
-0.3125000000000011,-0.56521739130435,1.162303664921466,-0.9926470588235299,0.5909090909090909,0,0,1,0
-0.37500000000001554,-0.5217391304347998,-0.2617801047120419,0.051470588235293824,-0.8727272727272727,0,1,0,0
-0.3125000000000011,-0.08695652173914978,-0.31413612565445026,0.01470588235294087,-0.9727272727272728,1,0,0,0
-1.3437500000000084,-1.5217391304347752,0.7382198952879581,-0.3602941176470589,0.07272727272727272,0,1,0,0
-0.5312500000000161,-0.6956521739130499,0.38219895287958117,-0.9338235294117653,-0.4727272727272727,0,0,1,0
0.6250000000000022,0.3043478260869501,0.4869109947643979,-0.22058823529411775,-0.5818181818181818,0,1,0,0
0.21874999999999722,0.9130434782608502,0.8429319371727748,-1.0588235294117654,0.39090909090909093,0,0,1,0
-0.5312500000000161,-0.6086956521739249,-0.8324607329842932,0.9411764705882355,0.20909090909090908,1,0,0,0
-0.7500000000000133,-1.1304347826087,-0.6492146596858639,0.2352941176470586,0.03636363636363636,0,1,0,0
-0.5625000000000056,-0.5217391304347998,-0.8115183246073299,1.132352941176471,-0.045454545454545456,0,1,0,0
0.24999999999998668,0.39130434782607515,-0.3717277486910995,0.5882352941176473,-0.43636363636363634,0,1,0,0
-0.28125000000001166,-0.5217391304347998,0.12041884816753927,-0.16176470588235323,0.6363636363636364,0,1,0,0
0.21874999999999722,0.9565217391304252,-0.35602094240837695,0.3455882352941175,0.24545454545454545,0,1,0,0
1.0312499999999893,0.6956521739130253,0.06282722513089005,0.3014705882352943,0.5545454545454546,0,0,1,0
0.5624999999999878,-0.21739130434782503,-0.4869109947643979,0.6544117647058825,1.0545454545454545,0,1,0,0
-0.5937500000000128,-0.6086956521739249,-0.743455497382199,0.3014705882352943,-0.9727272727272728,0,0,1,0
-0.4375000000000122,0.04347826086955017,-0.3507853403141361,0.5441176470588237,-0.6818181818181818,0,1,0,0
0.7187499999999883,0.5652173913043252,0.16230366492146597,0.0,-0.6,0,0,1,0
0.15625000000000056,0.2608695652173752,0.2094240837696335,-0.036764705882352956,-0.42727272727272725,0,1,0,0
-0.8437500000000172,-0.782608695652175,-0.5654450261780105,0.632352941176471,-0.7818181818181819,0,1,0,0
0.8124999999999922,0.17391304347825012,0.2513089005235602,-0.30882352941176505,-0.9181818181818182,0,1,0,0
1.0312499999999893,1.17391304347825,0.07853403141361257,-0.10294117647058817,-0.03636363636363636,0,0,1,0
-0.5625000000000056,-0.9565217391304498,0.2513089005235602,-0.4632352941176476,-0.3181818181818182,0,1,0,0
-0.6250000000000022,-1.0,0.05759162303664921,0.25,-0.2636363636363636,0,0,1,0
0.12499999999999334,0.8260869565217251,2.5235602094240837,-1.5294117647058831,0.32727272727272727,0,0,1,0
-0.6562500000000094,-0.8695652173913001,-0.3298429319371728,0.2647058823529414,-0.6363636363636364,1,0,0,0
0.593749999999995,0.521739130434775,0.14136125654450263,-0.2720588235294121,-0.7272727272727273,0,0,1,0
-0.5312500000000161,-0.43478260869565005,0.38219895287958117,-0.095588235294118,0.5454545454545454,0,0,1,0
-0.8437500000000172,-0.782608695652175,1.5602094240837696,-0.9705882352941183,-0.8727272727272727,0,1,0,0
-0.5312500000000161,-0.56521739130435,-0.7905759162303665,1.2205882352941182,-0.7545454545454545,0,1,0,0
1.18749999999999,1.1304347826086751,-0.5340314136125655,0.7279411764705884,0.2,1,0,0,0
0.18749999999999,0.04347826086955017,0.7120418848167539,-0.6397058823529417,-0.5363636363636364,0,1,0,0
-0.15625000000000056,0.3043478260869501,-0.02617801047120419,0.5,0.08181818181818182,0,1,0,0
-0.5937500000000128,-0.9565217391304498,1.4764397905759161,-1.227941176470589,0.6727272727272727,0,1,0,0
0.18749999999999,-0.21739130434782503,-0.6020942408376964,0.808823529411765,0.4818181818181818,0,0,1,0
-0.28125000000001166,-0.7391304347826249,-0.14659685863874344,-0.10294117647058817,-0.7727272727272727,0,1,0,0
-0.37500000000001554,-0.04347826086957489,0.08900523560209424,-0.3308823529411766,-0.5363636363636364,0,0,1,0
0.24999999999998668,0.2608695652173752,0.07329842931937172,0.11764705882352956,0.9363636363636364,0,1,0,0
0.40624999999998723,0.39130434782607515,1.036649214659686,-0.8602941176470594,0.18181818181818182,0,1,0,0
0.4999999999999911,0.2608695652173752,0.7225130890052356,-0.6029411764705886,0.7727272727272727,0,1,0,0
-0.25000000000000444,-0.6086956521739249,-0.5759162303664922,1.0367647058823535,-0.24545454545454545,0,1,0,0
-0.6250000000000022,-0.4782608695652249,-0.3403141361256545,0.09558823529411747,-0.42727272727272725,1,0,0,0
-0.3125000000000011,0.0,-0.387434554973822,0.20588235294117635,-0.1,1,0,0,0
0.43749999999999445,0.17391304347825012,0.18324607329842932,0.3088235294117645,-0.5818181818181818,1,0,0,0
-0.8750000000000067,-0.782608695652175,0.015706806282722512,-0.22794117647058842,-0.4818181818181818,1,0,0,0
-0.5625000000000056,-0.21739130434782503,-0.17801047120418848,1.0808823529411766,0.7636363636363637,0,0,1,0
-0.6875000000000167,-1.0,-0.680628272251309,0.7426470588235299,0.20909090909090908,0,1,0,0
-0.6250000000000022,-0.6086956521739249,0.1256544502617801,0.21323529411764705,-0.4636363636363636,0,0,1,0
-1.0312500000000073,-1.1304347826087,-0.17277486910994763,0.4264705882352941,0.22727272727272727,0,0,1,0
0.18749999999999,0.39130434782607515,-0.21465968586387435,0.13235294117647042,0.17272727272727273,0,1,0,0
-0.7187500000000061,-1.1739130434782747,1.3036649214659686,-1.0294117647058827,-0.5,0,0,1,0
-0.7812500000000028,-0.43478260869565005,-0.5706806282722513,0.7279411764705884,-0.4090909090909091,0,1,0,0
-0.46875000000000167,-0.08695652173914978,0.4712041884816754,-0.19852941176470618,-0.5454545454545454,0,1,0,0
-0.6562500000000094,-1.0,-0.05759162303664921,0.007352941176470696,0.8181818181818182,0,0,1,0
-0.4375000000000122,-0.17391304347827483,0.6596858638743456,-0.8970588235294124,0.2636363636363636,0,0,1,0
0.8124999999999922,0.2608695652173752,0.49214659685863876,0.13235294117647042,-0.8363636363636363,0,1,0,0
-0.406250000000005,-0.7391304347826249,-0.15706806282722513,0.07352941176470591,0.19090909090909092,0,1,0,0
-0.28125000000001166,-0.56521739130435,0.0,-0.19852941176470618,0.01818181818181818,0,0,1,0
-0.15625000000000056,0.34782608695650025,-0.1518324607329843,-0.029411764705882262,-0.39090909090909093,0,0,1,0
0.21874999999999722,0.08695652173912506,0.18324607329842932,-0.29411764705882365,0.8272727272727273,0,1,0,0
-0.5312500000000161,-0.39130434782609985,-0.5445026178010471,0.3750000000000003,0.16363636363636364,0,0,1,0
-0.8750000000000067,-0.782608695652175,-0.010471204188481676,-0.13970588235294112,-0.9545454545454546,0,0,1,0
-0.25000000000000444,-0.6086956521739249,-0.23036649214659685,-0.3308823529411766,-0.18181818181818182,0,0,1,0
0.031249999999989453,-0.2608695652173999,1.1832460732984293,-0.8602941176470594,0.21818181818181817,0,1,0,0
-0.8750000000000067,-0.8260869565217499,1.3141361256544504,-0.9779411764705886,0.16363636363636364,0,1,0,0
-0.3437500000000083,-0.04347826086957489,0.8848167539267016,-0.5073529411764707,0.33636363636363636,0,1,0,0
-0.5625000000000056,-0.3043478260869748,1.638743455497382,-1.2867647058823535,0.2818181818181818,0,0,1,0
-0.5625000000000056,-1.086956521739125,2.298429319371728,-1.4338235294117654,0.6272727272727273,0,1,0,0
-0.81250000000001,-0.652173913043475,-0.7905759162303665,0.9191176470588239,-0.8636363636363636,0,1,0,0
-0.3125000000000011,0.13043478260867525,0.24607329842931938,0.27941176470588225,-0.2545454545454545,0,1,0,0
0.6562499999999917,0.6956521739130253,0.38219895287958117,-0.4485294117647062,-0.7181818181818181,0,0,1,0
0.7499999999999956,0.13043478260867525,-0.42408376963350786,0.13235294117647042,0.44545454545454544,1,0,0,0
1.2812499999999938,1.4347826086956252,0.7120418848167539,-0.5441176470588237,-0.4,0,1,0,0
0.15625000000000056,0.7826086956521503,-0.6858638743455497,1.4705882352941182,0.9545454545454546,0,1,0,1
0.4999999999999911,0.17391304347825012,-0.2356020942408377,0.09558823529411747,0.41818181818181815,0,0,1,0
-0.6250000000000022,-0.5217391304347998,-0.9947643979057592,0.7720588235294121,0.00909090909090909,0,1,0,0
-0.7187500000000061,-1.0,0.49214659685863876,-0.13970588235294112,-0.8727272727272727,0,1,0,0
0.24999999999998668,0.34782608695650025,-0.13612565445026178,0.10294117647058817,-0.06363636363636363,0,1,0,0
0.06249999999999667,-0.3043478260869748,-0.17277486910994763,-0.48529411764705915,0.37272727272727274,0,1,0,0
1.1562500000000007,1.086956521739125,0.9476439790575916,-0.7941176470588239,0.5454545454545454,0,0,1,0
-0.406250000000005,-0.17391304347827483,-0.8743455497382199,0.75,-0.5727272727272728,0,1,0,0
0.6562499999999917,0.6086956521739002,-0.4712041884816754,0.25,-0.21818181818181817,0,1,0,0
0.09374999999998612,-0.08695652173914978,-0.35602094240837695,1.0808823529411766,-0.33636363636363636,0,1,0,0
0.7812500000000028,0.08695652173912506,1.1413612565445026,-0.9338235294117653,-0.2545454545454545,1,0,0,0
-0.1250000000000111,0.4782608695652002,-0.7905759162303665,0.882352941176471,0.6272727272727273,0,1,0,0
1.1249999999999933,1.2173913043478004,0.041884816753926704,0.06617647058823521,-0.6727272727272727,0,0,1,0
-0.81250000000001,-0.652173913043475,1.0,-0.9558823529411768,-0.6454545454545455,0,1,0,0
0.6874999999999989,0.0,0.05235602094240838,0.022058823529411565,-0.7727272727272727,0,1,0,0
-0.6562500000000094,-1.0,-0.10471204188481675,0.7941176470588237,-0.7363636363636363,0,0,1,0
0.6874999999999989,0.04347826086955017,-0.5706806282722513,1.1250000000000002,-0.45454545454545453,0,1,0,0
0.43749999999999445,0.17391304347825012,-0.35602094240837695,0.3308823529411766,0.2545454545454545,0,1,0,0
1.2812499999999938,1.4347826086956252,1.2408376963350785,-0.8750000000000006,-0.2636363636363636,0,1,0,0
-1.0000000000000178,-0.9565217391304498,0.643979057591623,-0.7500000000000006,0.6363636363636364,0,1,0,0
1.0312499999999893,1.17391304347825,-0.28272251308900526,0.27941176470588225,-0.11818181818181818,0,1,0,0
-0.3125000000000011,0.13043478260867525,0.1256544502617801,0.286764705882353,0.38181818181818183,0,1,0,0
-0.6250000000000022,-1.0,-0.6492146596858639,0.6617647058823533,0.2545454545454545,0,1,0,0
-1.1562500000000184,-1.1739130434782747,0.04712041884816754,-0.24264705882352983,-0.5545454545454546,0,1,0,0
-1.0312500000000073,-1.1739130434782747,-0.2513089005235602,0.7205882352941178,-0.045454545454545456,0,0,1,0
0.46875000000000167,0.4782608695652002,-0.4607329842931937,0.47058823529411775,-0.22727272727272727,0,0,1,0
-0.031250000000007216,0.6086956521739002,0.8534031413612565,-0.595588235294118,0.19090909090909092,0,1,0,0
0.6562499999999917,0.4782608695652002,0.6649214659685864,-0.3014705882352943,0.5636363636363636,0,1,0,0
-0.7187500000000061,-1.1304347826087,0.6701570680628273,-0.7500000000000006,0.33636363636363636,0,1,0,0
-0.8750000000000067,-1.0,-0.6178010471204188,0.3161764705882352,0.5636363636363636,0,1,0,0
0.0,-0.43478260869565005,1.193717277486911,-0.7132352941176475,-0.13636363636363635,0,0,1,0
0.2812499999999939,-0.21739130434782503,-0.5549738219895288,0.5808823529411766,0.2545454545454545,0,0,1,0
-0.9375000000000033,-0.8695652173913001,-0.7905759162303665,0.3161764705882352,-0.9727272727272728,0,0,1,0
-0.8750000000000067,-0.6086956521739249,0.46596858638743455,-0.41911764705882393,0.4636363636363636,0,1,0,0
-1.2500000000000044,-1.2608695652173998,0.6073298429319371,-0.7647058823529417,-0.8181818181818182,0,0,1,0
0.40624999999998723,0.39130434782607515,-0.17277486910994763,0.036764705882352956,-0.19090909090909092,0,1,0,0
0.15625000000000056,-0.13043478260869995,0.6596858638743456,-0.18382352941176477,0.5,0,1,0,0
0.46875000000000167,0.13043478260867525,0.3036649214659686,-0.3529411764705887,0.44545454545454544,0,1,0,0
-0.406250000000005,-0.13043478260869995,2.136125654450262,-1.3602941176470593,0.17272727272727273,1,0,0,0
-0.4375000000000122,-0.21739130434782503,-0.6335078534031413,0.5882352941176473,0.7181818181818181,0,0,1,0
0.43749999999999445,0.21739130434782503,-0.7643979057591623,0.14705882352941183,0.9545454545454546,0,1,0,0
0.15625000000000056,-0.3043478260869748,-0.16753926701570682,0.29411764705882365,1.2454545454545454,0,1,0,0
-0.46875000000000167,-0.08695652173914978,-0.2198952879581152,0.4117647058823532,-0.5272727272727272,0,1,0,0
1.1249999999999933,1.1304347826086751,-0.18324607329842932,0.2352941176470586,0.5545454545454546,0,1,0,0
-0.3125000000000011,0.21739130434782503,0.518324607329843,-0.029411764705882262,0.33636363636363636,0,1,0,0
0.593749999999995,0.13043478260867525,0.4607329842931937,-0.757352941176471,-0.01818181818181818,0,1,0,0
-1.0000000000000178,-0.913043478260875,-0.9685863874345549,0.9852941176470591,-0.17272727272727273,1,0,0,0
0.21874999999999722,-0.08695652173914978,-0.3089005235602094,0.4338235294117648,0.6636363636363637,0,0,1,0
1.2500000000000044,1.3478260869565002,-0.39790575916230364,0.5,0.14545454545454545,0,0,1,0
1.0,0.7391304347826001,-0.07329842931937172,0.6838235294117648,-0.39090909090909093,0,0,1,0
0.5312499999999983,0.521739130434775,0.2513089005235602,-0.3161764705882357,-0.41818181818181815,0,1,0,0
0.21874999999999722,0.21739130434782503,0.387434554973822,-0.16176470588235323,1.0909090909090908,0,1,0,1
-0.7500000000000133,-0.2608695652173999,2.743455497382199,-1.49264705882353,-0.6181818181818182,0,0,1,0
-0.25000000000000444,-0.652173913043475,-0.6230366492146597,0.9926470588235299,1.009090909090909,0,1,0,1
0.24999999999998668,0.34782608695650025,1.3193717277486912,-0.8970588235294124,0.37272727272727274,0,1,0,0
-0.25000000000000444,-0.6956521739130499,-0.49214659685863876,0.3455882352941175,-0.14545454545454545,0,1,0,0
-0.6562500000000094,-0.652173913043475,-0.11518324607329843,0.17647058823529407,-0.4818181818181818,0,1,0,0
-0.406250000000005,-0.13043478260869995,0.5026178010471204,-0.4779411764705884,0.21818181818181817,0,1,0,0
0.18749999999999,-0.21739130434782503,0.010471204188481676,-0.38235294117647095,-0.9090909090909091,0,1,0,0
-0.6250000000000022,-1.086956521739125,-0.7277486910994765,1.0073529411764708,0.2,0,1,0,0
0.7187499999999883,0.0,0.49214659685863876,-0.8235294117647064,0.6545454545454545,1,0,0,0
-0.218750000000015,-0.04347826086957489,0.04712041884816754,0.22794117647058842,-0.5454545454545454,0,0,1,0
-0.406250000000005,-0.652173913043475,-0.08900523560209424,0.13235294117647042,-0.13636363636363635,0,0,1,0
0.7499999999999956,0.652173913043475,-0.5392670157068062,1.0220588235294121,0.8090909090909091,0,1,0,0
0.06249999999999667,0.08695652173912506,1.0523560209424083,-0.7794117647058828,-0.9727272727272728,0,1,0,0
0.7187499999999883,0.5652173913043252,0.3193717277486911,-0.3750000000000003,0.13636363636363635,0,1,0,0
-0.7812500000000028,-0.3043478260869748,-0.9267015706806283,0.7132352941176471,0.8363636363636363,0,1,0,0
-0.8437500000000172,-0.7391304347826249,-0.3612565445026178,-0.014705882352941391,-0.9545454545454546,0,1,0,0
0.09374999999998612,-0.13043478260869995,-0.5654450261780105,0.5882352941176473,0.8545454545454545,0,1,0,0
-0.06250000000001443,-0.2608695652173999,1.4083769633507854,-1.2205882352941182,0.5454545454545454,0,1,0,0
0.6250000000000022,0.0,1.3089005235602094,-0.8235294117647064,0.6272727272727273,0,1,0,0
0.9062499999999961,1.1304347826086751,2.7277486910994764,-1.4852941176470598,-0.045454545454545456,0,1,0,0
0.593749999999995,0.4782608695652002,1.7905759162303665,-0.9411764705882357,-0.5636363636363636,0,1,0,0
-0.3437500000000083,0.04347826086955017,0.6544502617801047,-0.3161764705882357,-0.39090909090909093,0,0,1,0
0.031249999999989453,-0.2608695652173999,0.3193717277486911,-0.4926470588235298,0.6909090909090909,0,0,1,0
0.18749999999999,0.08695652173912506,0.15706806282722513,-0.3308823529411766,0.8272727272727273,0,1,0,0
0.09374999999998612,-0.04347826086957489,-1.1570680628272252,1.9117647058823533,-0.6090909090909091,0,1,0,0
-0.15625000000000056,-0.39130434782609985,1.905759162303665,-1.227941176470589,1.0727272727272728,0,0,1,1
-0.5312500000000161,-0.652173913043475,0.4607329842931937,-0.25,0.13636363636363635,0,1,0,0
1.1562500000000007,1.04347826086955,-0.7068062827225131,0.9191176470588239,0.14545454545454545,0,1,0,0
0.24999999999998668,0.2608695652173752,-0.7905759162303665,0.463235294117647,0.9545454545454546,0,1,0,0
-0.37500000000001554,-0.08695652173914978,-0.680628272251309,0.882352941176471,0.00909090909090909,0,1,0,0
0.7499999999999956,0.13043478260867525,-0.39790575916230364,0.4926470588235293,0.6545454545454545,0,1,0,0
1.2187499999999971,1.2173913043478004,-0.041884816753926704,0.4779411764705884,-0.9727272727272728,1,0,0,0
0.7812500000000028,0.13043478260867525,-0.27225130890052357,0.22058823529411775,-0.6545454545454545,0,0,1,0
1.2812499999999938,1.5217391304347752,0.04712041884816754,-0.4926470588235298,0.35454545454545455,0,0,1,0
-0.37500000000001554,-0.08695652173914978,0.12041884816753927,-0.345588235294118,-0.1,0,1,0,0
-0.6875000000000167,-1.043478260869575,0.45549738219895286,-0.4044117647058825,-0.45454545454545453,0,1,0,0
0.7499999999999956,0.43478260869565005,1.8167539267015707,-1.2352941176470593,0.8727272727272727,1,0,0,0
1.0624999999999967,0.8260869565217251,1.324607329842932,-0.7647058823529417,-0.7181818181818181,0,1,0,0
1.312500000000001,1.5217391304347752,-0.07329842931937172,0.01470588235294087,0.8090909090909091,0,0,1,0
0.8124999999999922,0.9130434782608502,-0.33507853403141363,0.17647058823529407,0.5181818181818182,0,0,1,0
1.18749999999999,1.30434782608695,-0.837696335078534,1.5661764705882357,-0.8454545454545455,0,0,1,0
-0.28125000000001166,-0.43478260869565005,-0.8272251308900523,1.514705882352942,0.7636363636363637,0,1,0,1
-0.18750000000000777,-0.39130434782609985,-0.9895287958115183,1.595588235294118,-0.5636363636363636,0,0,1,0
0.09374999999998612,0.7826086956521503,-0.8795811518324608,1.3382352941176474,-0.8909090909090909,0,0,1,0
1.312500000000001,1.4782608695652002,-0.20418848167539266,-0.25,0.7909090909090909,0,1,0,0
0.6874999999999989,0.5652173913043252,-0.6858638743455497,0.4338235294117648,-0.19090909090909092,1,0,0,0
1.3437499999999905,1.5652173913043252,0.5445026178010471,-0.48529411764705915,-0.9272727272727272,0,1,0,0
1.2812499999999938,1.4347826086956252,1.2408376963350785,-1.205882352941177,-0.19090909090909092,0,1,0,0
-0.5937500000000128,-0.7391304347826249,0.8534031413612565,-0.4044117647058825,-0.3,0,1,0,0
-0.5000000000000089,-0.8260869565217499,-1.057591623036649,1.9264705882352946,-0.5909090909090909,0,1,0,1
0.18749999999999,0.08695652173912506,-0.2356020942408377,-0.007352941176470696,0.9090909090909091,0,1,0,0
0.43749999999999445,0.0,-0.18324607329842932,0.051470588235293824,-0.6818181818181818,0,0,1,0
-1.1875000000000078,-1.1739130434782747,1.3455497382198953,-0.8602941176470594,-0.4636363636363636,0,1,0,0
-1.125000000000011,-1.1739130434782747,-0.8010471204188482,1.1397058823529416,-0.34545454545454546,0,0,1,0
-0.7812500000000028,-0.21739130434782503,0.8691099476439791,-0.5882352941176473,0.43636363636363634,1,0,0,0
0.2812499999999939,0.521739130434775,0.49214659685863876,-0.06617647058823521,-0.37272727272727274,1,0,0,0
-0.4375000000000122,-0.04347826086957489,0.7015706806282722,-0.6102941176470591,-0.5909090909090909,0,1,0,0
-0.6250000000000022,-0.8260869565217499,-0.8429319371727748,0.5882352941176473,-0.4818181818181818,0,0,1,0
0.43749999999999445,0.3043478260869501,0.6544502617801047,-0.2720588235294121,0.5454545454545454,0,0,1,0
0.24999999999998668,0.13043478260867525,-0.6701570680628273,0.3382352941176473,-0.18181818181818182,0,0,1,0
0.21874999999999722,0.8260869565217251,-0.6335078534031413,0.676470588235294,0.6363636363636364,0,1,0,0
-0.5312500000000161,-0.21739130434782503,0.7958115183246073,-0.7279411764705886,0.35454545454545455,0,1,0,0
-0.5937500000000128,-0.5217391304347998,-0.3089005235602094,0.9558823529411768,-0.21818181818181817,0,1,0,0
0.21874999999999722,-0.2608695652173999,-0.11518324607329843,0.3235294117647059,-0.5272727272727272,0,0,1,0
-0.5937500000000128,-0.56521739130435,-0.17277486910994763,0.2352941176470586,-0.41818181818181815,1,0,0,0
-0.46875000000000167,-0.7391304347826249,-0.5549738219895288,0.463235294117647,-0.6454545454545455,0,1,0,0
-0.81250000000001,-0.3043478260869748,0.0,0.036764705882352956,0.33636363636363636,0,1,0,0
-0.46875000000000167,-0.3043478260869748,-0.20418848167539266,-0.23529411764705913,0.6545454545454545,0,0,1,0
-0.25000000000000444,-0.39130434782609985,0.041884816753926704,-0.21323529411764705,0.2,0,1,0,0
-0.218750000000015,0.3043478260869501,0.6544502617801047,0.007352941176470696,0.03636363636363636,0,0,1,0
-0.5937500000000128,-0.4782608695652249,0.3089005235602094,-0.17647058823529407,-0.6454545454545455,1,0,0,0
-0.406250000000005,-0.43478260869565005,-0.5759162303664922,0.9191176470588239,0.5454545454545454,0,1,0,0
-0.3437500000000083,0.0,-0.45549738219895286,0.4264705882352941,-0.5454545454545454,0,1,0,0
0.40624999999998723,0.43478260869565005,-0.04712041884816754,0.13235294117647042,0.3181818181818182,0,1,0,0
-0.6875000000000167,-1.0,0.8481675392670157,-0.45588235294117685,-0.045454545454545456,0,1,0,0
0.18749999999999,0.21739130434782503,0.010471204188481676,0.036764705882352956,0.6545454545454545,1,0,0,0
-0.3437500000000083,-0.2608695652173999,1.87434554973822,-1.2352941176470593,-0.3090909090909091,0,1,0,0
1.0312499999999893,0.7826086956521503,0.03664921465968586,0.15441176470588253,-0.6454545454545455,0,0,1,0
-1.093750000000004,-1.086956521739125,1.6020942408376964,-1.1029411764705888,-0.19090909090909092,0,1,0,0
-0.6250000000000022,-0.6956521739130499,0.8481675392670157,-0.7720588235294121,-0.7909090909090909,0,1,0,0
1.093750000000004,1.1304347826086751,1.0261780104712042,-0.632352941176471,-0.01818181818181818,0,0,1,0
1.2187499999999971,1.30434782608695,-0.6020942408376964,0.9632352941176475,-0.14545454545454545,1,0,0,0
-0.46875000000000167,-0.782608695652175,0.450261780104712,-0.4411764705882355,0.6090909090909091,0,0,1,0
-0.7812500000000028,-0.7391304347826249,1.0471204188481675,-0.6397058823529417,0.8909090909090909,1,0,0,0
-0.031250000000007216,0.5652173913043252,0.9895287958115183,-0.8161764705882357,0.990909090909091,0,0,1,1
0.031249999999989453,0.652173913043475,-0.03664921465968586,0.07352941176470591,-0.42727272727272725,1,0,0,0
-0.7500000000000133,-0.8695652173913001,3.5916230366492146,-1.8014705882352948,0.7181818181818181,0,0,1,0
0.5312499999999983,0.3043478260869501,-0.7225130890052356,0.595588235294118,0.8363636363636363,0,0,1,0
0.0,0.21739130434782503,1.6020942408376964,-1.1617647058823535,-0.09090909090909091,0,1,0,0
-0.1250000000000111,-0.34782608695652495,-0.3612565445026178,-0.11764705882352956,0.18181818181818182,0,1,0,0
-0.06250000000001443,-0.3043478260869748,-0.18848167539267016,0.08088235294117661,-0.7909090909090909,0,1,0,0
-1.0312500000000073,-1.0,1.0,-0.5220588235294121,0.07272727272727272,0,0,1,0
0.12499999999999334,0.6956521739130253,-0.3036649214659686,0.3455882352941175,-0.21818181818181817,0,1,0,0
-0.031250000000007216,0.521739130434775,1.0471204188481675,-0.7132352941176475,-0.2,0,1,0,0
0.031249999999989453,0.652173913043475,-0.6858638743455497,0.6691176470588239,0.8,0,1,0,0
-0.406250000000005,-0.652173913043475,1.931937172774869,-1.2941176470588243,-0.22727272727272727,0,1,0,0
-0.09375000000000389,-0.2608695652173999,-0.041884816753926704,-0.036764705882352956,-0.8818181818181818,0,1,0,0
-0.5000000000000089,-0.6086956521739249,0.5549738219895288,-0.3529411764705887,0.09090909090909091,0,1,0,0
0.2812499999999939,0.3043478260869501,2.4712041884816753,-1.5000000000000009,-0.8181818181818182,0,1,0,0
0.6250000000000022,0.17391304347825012,-0.5968586387434555,0.6985294117647062,0.5636363636363636,0,1,0,0
0.6874999999999989,0.5652173913043252,-0.8272251308900523,0.5514705882352944,-0.36363636363636365,0,0,1,0
-0.5000000000000089,-0.21739130434782503,0.3612565445026178,-0.5220588235294121,0.18181818181818182,0,0,1,0
0.18749999999999,0.39130434782607515,-0.6596858638743456,0.7205882352941178,0.15454545454545454,0,1,0,0
0.06249999999999667,0.08695652173912506,-0.8272251308900523,0.45588235294117635,-0.5181818181818182,0,1,0,0
-1.0000000000000178,-1.0,-0.13612565445026178,-0.21323529411764705,0.4818181818181818,0,0,1,0
0.3749999999999978,0.21739130434782503,0.1256544502617801,0.286764705882353,0.06363636363636363,1,0,0,0
0.7187499999999883,0.08695652173912506,0.08900523560209424,-0.6250000000000002,0.12727272727272726,0,1,0,0
0.24999999999998668,0.9130434782608502,1.612565445026178,-1.24264705882353,-0.3181818181818182,0,1,0,0
1.2812499999999938,1.3913043478260751,-0.4869109947643979,0.845588235294118,-0.5454545454545454,0,1,0,0
0.593749999999995,0.6086956521739002,-0.7172774869109948,0.8970588235294118,-0.4818181818181818,0,0,1,0
-0.6562500000000094,-0.4782608695652249,0.3089005235602094,-0.06617647058823521,0.43636363636363634,0,0,1,0
-0.9062500000000139,-0.913043478260875,-0.35602094240837695,0.21323529411764705,0.8636363636363636,1,0,0,0
0.09374999999998612,0.7391304347826001,0.5130890052356021,-0.29411764705882365,-0.9727272727272728,0,1,0,0
-0.3437500000000083,-0.652173913043475,0.7853403141361257,-0.6176470588235299,-0.06363636363636363,0,1,0,0
0.0,0.17391304347825012,-0.04712041884816754,0.3014705882352943,0.09090909090909091,0,1,0,0
0.3749999999999978,0.21739130434782503,0.09424083769633508,-0.2794117647058828,0.5363636363636364,0,1,0,0
-0.8750000000000067,-0.6086956521739249,0.24083769633507854,-0.29411764705882365,1.009090909090909,0,1,0,0
1.0624999999999967,1.086956521739125,-0.5130890052356021,0.845588235294118,-0.4090909090909091,0,0,1,0
-0.1250000000000111,-0.39130434782609985,0.49214659685863876,-0.5294117647058828,0.2545454545454545,0,0,1,0
-0.1250000000000111,-0.43478260869565005,-0.450261780104712,0.7352941176470591,0.7272727272727273,0,1,0,0
-0.8750000000000067,-0.6086956521739249,-0.193717277486911,-0.12500000000000025,-0.7272727272727273,0,0,1,0
-0.7187500000000061,-0.56521739130435,0.2356020942408377,-0.23529411764705913,-0.39090909090909093,0,1,0,0
0.18749999999999,0.3043478260869501,0.31413612565445026,-0.4632352941176476,-0.02727272727272727,0,1,0,0
-0.25000000000000444,-0.43478260869565005,0.25654450261780104,0.04411764705882365,0.11818181818181818,1,0,0,0
-0.9375000000000033,-0.8695652173913001,0.680628272251309,-0.5000000000000006,0.7727272727272727,0,1,0,0
0.8437499999999994,0.9130434782608502,0.93717277486911,-0.6764705882352946,-0.44545454545454544,0,1,0,0
0.43749999999999445,0.17391304347825012,0.2513089005235602,-0.4264705882352946,0.5363636363636364,1,0,0,0
-1.406250000000005,-1.782608695652175,-0.6963350785340314,0.9044117647058825,0.07272727272727272,0,1,0,0
-0.7812500000000028,-0.21739130434782503,-0.010471204188481676,0.7132352941176471,1.0454545454545454,0,1,0,1
-0.6875000000000167,-1.086956521739125,0.0,0.04411764705882365,0.15454545454545454,0,1,0,0
0.12499999999999334,-0.34782608695652495,0.3717277486910995,-0.48529411764705915,-0.05454545454545454,0,1,0,0
0.09374999999998612,0.521739130434775,0.5497382198952879,-0.36764705882352955,0.06363636363636363,0,1,0,0
-0.6562500000000094,-0.39130434782609985,0.08900523560209424,-0.16176470588235323,-0.16363636363636364,1,0,0,0
1.093750000000004,1.086956521739125,-0.02617801047120419,0.007352941176470696,0.43636363636363634,1,0,0,0
-0.6562500000000094,-1.043478260869575,0.13612565445026178,-0.4411764705882355,-0.8727272727272727,0,1,0,0
-0.7812500000000028,-0.652173913043475,-1.3036649214659686,0.4191176470588234,-0.6909090909090909,0,0,1,0
0.18749999999999,0.43478260869565005,-0.3403141361256545,0.4779411764705884,-0.03636363636363636,0,0,1,0
-0.28125000000001166,-0.4782608695652249,0.19895287958115182,-0.2794117647058828,-0.02727272727272727,0,0,1,0
-0.09375000000000389,-0.21739130434782503,-0.3612565445026178,0.5808823529411766,-0.22727272727272727,0,0,1,0
0.15625000000000056,0.7391304347826001,-0.16753926701570682,0.09558823529411747,-0.6181818181818182,0,1,0,0
0.06249999999999667,-0.39130434782609985,-0.5497382198952879,1.0514705882352944,0.8272727272727273,0,1,0,0
-0.3125000000000011,0.08695652173912506,-0.32460732984293195,0.27941176470588225,-0.11818181818181818,0,0,1,0
-0.5937500000000128,-0.43478260869565005,-0.387434554973822,0.6176470588235295,0.5181818181818182,0,1,0,0
0.09374999999998612,-0.34782608695652495,-0.4712041884816754,0.75,-0.05454545454545454,0,1,0,0
-0.4375000000000122,-0.39130434782609985,-0.4869109947643979,0.4044117647058825,-0.5454545454545454,0,0,1,0
-0.7812500000000028,-0.56521739130435,-0.14659685863874344,0.21323529411764705,0.10909090909090909,0,1,0,0
0.34374999999999056,-0.08695652173914978,-0.28272251308900526,0.39705882352941185,-0.7636363636363637,0,1,0,0
-0.6250000000000022,-1.043478260869575,0.10471204188481675,-0.17647058823529407,-0.24545454545454545,0,1,0,0
0.43749999999999445,0.21739130434782503,-0.675392670157068,0.48529411764705915,-0.6818181818181818,0,1,0,0
-0.7812500000000028,-0.782608695652175,0.4816753926701571,-0.4264705882352946,-0.6,0,1,0,0
-1.0312500000000073,-1.086956521739125,0.05235602094240838,-0.007352941176470696,0.20909090909090908,0,1,0,0
-0.8437500000000172,-0.6956521739130499,-0.4869109947643979,0.27941176470588225,-0.5454545454545454,0,1,0,0
-0.4375000000000122,0.04347826086955017,-0.518324607329843,0.75,-0.4818181818181818,0,1,0,0
0.18749999999999,0.34782608695650025,-0.18324607329842932,0.12499999999999974,0.045454545454545456,0,0,1,0
-0.9062500000000139,-0.782608695652175,0.38219895287958117,-0.3529411764705887,0.05454545454545454,0,1,0,0
-0.6875000000000167,-0.4782608695652249,0.1518324607329843,-0.18382352941176477,-0.5454545454545454,0,1,0,0
-0.5937500000000128,-0.9565217391304498,0.2513089005235602,-0.3014705882352943,0.7181818181818181,0,1,0,0
-0.4375000000000122,-0.21739130434782503,-0.7277486910994765,0.35294117647058815,-0.00909090909090909,0,1,0,0
-0.8750000000000067,-0.8695652173913001,0.3403141361256545,-0.41911764705882393,0.7909090909090909,0,1,0,0
-0.15625000000000056,-0.43478260869565005,0.29842931937172773,-0.22058823529411775,-0.3090909090909091,0,0,1,0
1.2812499999999938,1.30434782608695,0.5497382198952879,-0.6617647058823533,-0.7909090909090909,0,0,1,0
0.3749999999999978,0.3043478260869501,0.14659685863874344,0.9779411764705884,-0.45454545454545453,0,1,0,0
-0.5312500000000161,-0.08695652173914978,1.162303664921466,-0.9044117647058828,-0.7818181818181819,0,1,0,0
-0.6562500000000094,-0.56521739130435,1.3298429319371727,-0.808823529411765,-0.32727272727272727,0,1,0,0
0.06249999999999667,0.652173913043475,-0.39790575916230364,1.1838235294117654,-0.9,1,0,0,0
0.09374999999998612,0.17391304347825012,0.193717277486911,-0.4926470588235298,-0.6818181818181818,0,0,1,0
-0.6250000000000022,-0.5217391304347998,-0.1256544502617801,0.2426470588235293,-0.01818181818181818,0,0,1,0
-0.8437500000000172,-0.7391304347826249,0.612565445026178,-0.3161764705882357,0.9818181818181818,0,0,1,0
-0.8437500000000172,-0.8695652173913001,1.1832460732984293,-0.6176470588235299,0.8818181818181818,0,1,0,0
-0.6562500000000094,-0.4782608695652249,-0.49214659685863876,0.6617647058823533,-0.2,0,0,1,0
-0.6250000000000022,-0.6086956521739249,0.4083769633507853,0.5367647058823529,-0.509090909090909,0,0,1,0
0.593749999999995,0.43478260869565005,-0.5287958115183246,0.5661764705882352,0.6818181818181818,0,1,0,0
-0.5312500000000161,-0.5217391304347998,0.7068062827225131,-0.5661764705882357,0.01818181818181818,0,1,0,0
0.24999999999998668,0.43478260869565005,-0.9319371727748691,1.5661764705882357,-0.17272727272727273,0,0,1,0
0.6562499999999917,0.0,-0.7068062827225131,0.845588235294118,-0.8636363636363636,0,0,1,1
0.3749999999999978,0.3043478260869501,-0.2774869109947644,0.5,-0.43636363636363634,0,1,0,0
0.15625000000000056,0.8260869565217251,-0.11518324607329843,0.058823529411764525,0.22727272727272727,0,1,0,0
-0.5312500000000161,-0.8695652173913001,-0.6701570680628273,0.7867647058823529,-0.11818181818181818,0,1,0,0
-1.0312500000000073,-0.9565217391304498,0.5654450261780105,-0.345588235294118,-0.3181818181818182,0,1,0,0
-0.5000000000000089,-0.8260869565217499,0.31413612565445026,0.3308823529411766,0.509090909090909,1,0,0,0
-0.9375000000000033,-0.7391304347826249,0.13612565445026178,0.022058823529411565,0.5272727272727272,0,1,0,0
0.40624999999998723,0.2608695652173752,0.42408376963350786,-0.5808823529411766,-0.8181818181818182,0,1,0,0
-0.218750000000015,-0.39130434782609985,0.5445026178010471,-0.6176470588235299,0.34545454545454546,0,1,0,0
1.0,0.8695652173913001,-0.44502617801047123,0.3382352941176473,-0.21818181818181817,0,1,0,0
0.06249999999999667,0.7391304347826001,0.33507853403141363,-0.17647058823529407,0.6636363636363637,0,1,0,0
-0.25000000000000444,-0.43478260869565005,0.35602094240837695,-0.13235294117647095,-0.43636363636363634,0,0,1,0
-0.3125000000000011,-0.5217391304347998,-0.14136125654450263,0.19117647058823548,1.0727272727272728,0,0,1,0
-0.6875000000000167,-1.086956521739125,0.010471204188481676,0.0,0.5363636363636364,0,0,1,0
1.1562500000000007,1.2608695652173751,-0.020942408376963352,0.1617647058823527,-0.6272727272727273,0,1,0,0
-0.406250000000005,-0.08695652173914978,-0.32460732984293195,0.11029411764705888,-0.4090909090909091,0,1,0,0
0.7812500000000028,0.13043478260867525,0.7643979057591623,-0.7352941176470591,-0.4090909090909091,1,0,0,0
1.18749999999999,1.30434782608695,0.8481675392670157,-0.7720588235294121,-0.9727272727272728,0,1,0,0
0.24999999999998668,0.39130434782607515,-0.3403141361256545,0.6544117647058825,-0.41818181818181815,0,1,0,0
0.6874999999999989,0.7391304347826001,0.28272251308900526,-0.4411764705882355,0.7090909090909091,0,0,1,0
0.15625000000000056,0.2608695652173752,1.057591623036649,-0.6544117647058828,0.6727272727272727,0,0,1,0
-0.25000000000000444,-0.652173913043475,-0.02617801047120419,-0.04411764705882365,-0.5454545454545454,1,0,0,0
-0.81250000000001,-0.6956521739130499,0.17277486910994763,-0.23529411764705913,0.00909090909090909,0,1,0,0
-1.1562500000000184,-1.2608695652173998,1.2827225130890052,-1.0882352941176476,0.33636363636363636,0,1,0,0
0.18749999999999,0.34782608695650025,-0.7696335078534031,1.8529411764705888,-0.37272727272727274,0,1,0,1
0.18749999999999,0.39130434782607515,2.5026178010471205,-1.4852941176470598,-0.07272727272727272,1,0,0,0
-0.25000000000000444,-0.04347826086957489,-0.680628272251309,0.3455882352941175,1.0363636363636364,1,0,0,0
-0.6875000000000167,-1.086956521739125,0.08376963350785341,0.286764705882353,-0.6363636363636364,0,0,1,0
-0.28125000000001166,-0.6086956521739249,-0.5340314136125655,0.5073529411764707,0.8272727272727273,0,0,1,0
0.09374999999998612,0.8260869565217251,-0.7172774869109948,0.21323529411764705,0.09090909090909091,0,1,0,0
0.6250000000000022,0.3043478260869501,0.6230366492146597,-0.24264705882352983,-0.5636363636363636,0,1,0,0
-0.6250000000000022,-1.1739130434782747,-0.7329842931937173,1.4705882352941182,0.7272727272727273,0,0,1,0
1.093750000000004,0.9999999999999752,-0.225130890052356,1.0000000000000004,0.9727272727272728,1,0,0,0
-0.9687500000000105,-1.0,0.5549738219895288,-0.3308823529411766,0.7818181818181819,0,1,0,0
0.4999999999999911,0.43478260869565005,-0.5445026178010471,1.1029411764705888,0.44545454545454544,0,1,0,0
0.3125000000000011,0.43478260869565005,-0.17277486910994763,0.036764705882352956,0.4727272727272727,0,0,1,0
-0.3125000000000011,0.13043478260867525,-0.2670157068062827,-0.029411764705882262,0.4,0,1,0,0
0.46875000000000167,0.3043478260869501,1.1675392670157068,-0.9852941176470594,0.39090909090909093,0,1,0,0
-0.81250000000001,-0.5217391304347998,-0.39790575916230364,0.7573529411764707,-0.8181818181818182,0,1,0,0
0.24999999999998668,0.521739130434775,2.356020942408377,-1.5220588235294126,0.0,0,1,0,0
-0.6875000000000167,-1.1304347826087,0.3036649214659686,-0.17647058823529407,-0.8272727272727273,0,1,0,0
0.7812500000000028,0.8695652173913001,-0.005235602094240838,0.5294117647058822,0.5818181818181818,0,1,0,0
0.12499999999999334,0.8260869565217251,-0.6701570680628273,0.22794117647058842,0.00909090909090909,1,0,0,0
-0.09375000000000389,0.21739130434782503,0.3717277486910995,-0.6102941176470591,0.05454545454545454,0,0,1,0
-0.7812500000000028,-0.4782608695652249,-0.06282722513089005,0.22794117647058842,-0.9090909090909091,0,1,0,0
0.21874999999999722,-0.17391304347827483,0.9267015706806283,-0.8750000000000006,0.7454545454545455,0,0,1,0
-0.5000000000000089,-0.2608695652173999,-0.6178010471204188,0.45588235294117635,0.8727272727272727,0,1,0,1
-1.0000000000000178,-0.913043478260875,0.8115183246073299,0.06617647058823521,-0.3,0,1,0,0
0.031249999999989453,-0.13043478260869995,1.256544502617801,-1.1764705882352946,-0.8090909090909091,0,0,1,0
-0.6875000000000167,-1.1739130434782747,0.5602094240837696,-0.4044117647058825,1.018181818181818,0,0,1,0
-0.06250000000001443,-0.21739130434782503,-1.3036649214659686,1.558823529411765,0.15454545454545454,0,1,0,0
-0.6250000000000022,-0.8260869565217499,-0.5916230366492147,0.5441176470588237,-0.6727272727272727,0,1,0,0
-1.093750000000004,-1.1739130434782747,-0.5078534031413613,0.10294117647058817,0.7454545454545455,1,0,0,0
0.8124999999999922,0.7391304347826001,-0.2198952879581152,0.4411764705882355,-0.8818181818181818,0,1,0,0
-0.6875000000000167,-0.6956521739130499,0.9424083769633508,-0.8529411764705886,-0.4,0,1,0,0
-0.031250000000007216,-0.08695652173914978,0.14136125654450263,-0.4117647058823532,-0.32727272727272727,0,0,1,0
-0.5312500000000161,-0.17391304347827483,0.4083769633507853,-0.4044117647058825,0.39090909090909093,0,1,0,0
-0.3125000000000011,-0.782608695652175,0.1099476439790576,-0.4411764705882355,0.19090909090909092,0,1,0,0
-1.406250000000005,-1.7391304347826002,-0.5968586387434555,0.4485294117647062,0.05454545454545454,0,1,0,0
-1.1875000000000078,-1.217391304347825,0.3298429319371728,-0.3161764705882357,0.6181818181818182,0,1,0,0
0.6562499999999917,0.5652173913043252,-0.13612565445026178,0.11764705882352956,-0.8363636363636363,0,1,0,0
0.031249999999989453,-0.3043478260869748,-0.23036649214659685,0.27941176470588225,-0.6181818181818182,0,0,1,0
0.5624999999999878,0.34782608695650025,4.198952879581152,-1.764705882352942,-0.5909090909090909,0,0,1,0
-0.406250000000005,-0.2608695652173999,-0.7068062827225131,0.3382352941176473,0.36363636363636365,0,1,0,0
-0.4375000000000122,-0.652173913043475,-0.020942408376963352,0.25,-0.20909090909090908,1,0,0,0
-0.15625000000000056,0.3043478260869501,-0.5392670157068062,0.051470588235293824,0.1,0,1,0,0
-0.9062500000000139,-0.6956521739130499,0.44502617801047123,0.022058823529411565,0.7545454545454545,0,1,0,0
-0.09375000000000389,-0.21739130434782503,-0.2931937172774869,0.22058823529411775,-0.8636363636363636,0,1,0,0
0.06249999999999667,-0.21739130434782503,-0.07853403141361257,0.08823529411764679,0.5909090909090909,0,0,1,0
-0.7187500000000061,-1.217391304347825,0.06806282722513089,0.0,0.5363636363636364,1,0,0,0
-0.5625000000000056,-0.5217391304347998,1.0732984293193717,-0.8897058823529417,-0.5909090909090909,0,1,0,0
-0.18750000000000777,-0.56521739130435,2.005235602094241,-1.4117647058823537,0.09090909090909091,0,0,1,0
-0.28125000000001166,-0.4782608695652249,1.9790575916230366,-1.191176470588236,0.2727272727272727,0,0,1,0
0.18749999999999,0.2608695652173752,-0.9895287958115183,0.1691176470588234,0.8272727272727273,0,1,0,0
0.593749999999995,0.2608695652173752,3.424083769633508,-1.639705882352942,-0.8181818181818182,0,0,1,0
-0.406250000000005,-0.43478260869565005,-0.44502617801047123,0.45588235294117635,0.23636363636363636,0,1,0,0
-0.81250000000001,-0.34782608695652495,0.900523560209424,-0.757352941176471,-0.3181818181818182,0,1,0,0
-0.406250000000005,0.04347826086955017,0.4816753926701571,-0.5147058823529413,-0.6636363636363637,0,0,1,0
0.21874999999999722,-0.3043478260869748,2.319371727748691,-1.441176470588236,0.03636363636363636,0,1,0,0
-0.406250000000005,-0.39130434782609985,-0.6858638743455497,0.6176470588235295,0.11818181818181818,1,0,0,0
-0.3437500000000083,0.13043478260867525,0.32460732984293195,-0.29411764705882365,0.18181818181818182,0,1,0,0
-0.5937500000000128,-0.7391304347826249,-0.6178010471204188,0.15441176470588253,-0.08181818181818182,1,0,0,0
-0.8750000000000067,-0.56521739130435,-0.2931937172774869,1.2720588235294121,0.24545454545454545,0,0,1,0
-0.09375000000000389,0.521739130434775,1.4764397905759161,-1.080882352941177,0.2909090909090909,1,0,0,0
-0.5000000000000089,-0.4782608695652249,-0.2774869109947644,0.029411764705882262,0.8363636363636363,0,1,0,0
-0.37500000000001554,0.21739130434782503,0.4293193717277487,-0.14705882352941183,-0.9090909090909091,0,1,0,0
-0.5937500000000128,-0.5217391304347998,0.04712041884816754,-0.11764705882352956,-0.7181818181818181,0,0,1,0
0.0,-0.17391304347827483,-0.4869109947643979,0.6029411764705882,0.1,0,1,0,0
-0.9062500000000139,-0.6956521739130499,0.1099476439790576,0.09558823529411747,0.7727272727272727,1,0,0,0
-0.218750000000015,0.34782608695650025,-0.29842931937172773,0.5294117647058822,-0.8636363636363636,0,0,1,0
0.6562499999999917,0.5652173913043252,0.7277486910994765,-0.5882352941176473,-0.5909090909090909,0,0,1,0
-0.5937500000000128,-0.8260869565217499,0.8586387434554974,-0.6985294117647062,-0.43636363636363634,0,1,0,0
-0.06250000000001443,-0.04347826086957489,-0.5287958115183246,0.3382352941176473,0.8818181818181818,0,1,0,0
-1.0625000000000144,-1.086956521739125,-0.1518324607329843,0.11764705882352956,0.37272727272727274,0,1,0,0
0.24999999999998668,-0.2608695652173999,0.5706806282722513,-0.3602941176470589,0.15454545454545454,0,1,0,0
0.15625000000000056,0.652173913043475,0.8691099476439791,-0.8014705882352946,0.8454545454545455,0,0,1,0
0.0,-0.17391304347827483,-0.09424083769633508,0.4264705882352941,-0.06363636363636363,0,1,0,0
0.6874999999999989,0.6956521739130253,-0.8481675392670157,0.45588235294117635,0.7909090909090909,0,0,1,0
1.1562500000000007,1.1304347826086751,1.7539267015706805,-0.9044117647058828,0.6727272727272727,0,1,0,0
-0.81250000000001,-0.34782608695652495,-0.1256544502617801,-0.05147058823529435,-0.7727272727272727,0,1,0,0
0.34374999999999056,0.2608695652173752,0.7382198952879581,-0.6250000000000002,0.5363636363636364,0,1,0,0
0.9062499999999961,0.4782608695652002,-0.675392670157068,0.595588235294118,-0.38181818181818183,0,1,0,1
0.4999999999999911,0.43478260869565005,-0.17801047120418848,-0.21323529411764705,0.19090909090909092,0,1,0,0
0.2812499999999939,0.17391304347825012,-0.6544502617801047,0.3161764705882352,-0.21818181818181817,0,1,0,0
0.09374999999998612,0.521739130434775,-0.8010471204188482,1.2058823529411768,-0.6909090909090909,0,0,1,0
0.593749999999995,0.08695652173912506,0.7591623036649214,-0.7720588235294121,0.45454545454545453,0,1,0,0
0.7812500000000028,0.13043478260867525,-0.4607329842931937,0.882352941176471,-0.8636363636363636,0,1,0,0
-0.25000000000000444,-0.6956521739130499,-0.42408376963350786,0.22058823529411775,0.7181818181818181,0,0,1,0
-0.8437500000000172,-0.6086956521739249,-0.806282722513089,0.6470588235294118,0.11818181818181818,1,0,0,0
0.2812499999999939,0.8260869565217251,0.07853403141361257,-0.058823529411765045,0.8090909090909091,0,1,0,0
-0.406250000000005,0.08695652173912506,-0.7172774869109948,1.3897058823529416,-0.11818181818181818,0,0,1,0
-0.81250000000001,-0.6956521739130499,-0.23036649214659685,-0.029411764705882262,-0.34545454545454546,0,1,0,0
-1.0000000000000178,-1.1304347826087,-0.7801047120418848,0.3161764705882352,-0.8272727272727273,0,1,0,0
-0.8437500000000172,-0.56521739130435,0.6544502617801047,-0.19852941176470618,0.33636363636363636,0,0,1,0
-1.0000000000000178,-0.913043478260875,-0.45549738219895286,0.5,-0.01818181818181818,1,0,0,0
0.8437499999999994,0.9999999999999752,0.774869109947644,-0.9632352941176475,0.8454545454545455,0,1,0,0
-0.3125000000000011,-0.652173913043475,0.5654450261780105,-0.6397058823529417,0.4909090909090909,0,1,0,0
-0.6562500000000094,-1.086956521739125,0.2356020942408377,0.4191176470588234,0.03636363636363636,0,1,0,0
-0.46875000000000167,-0.2608695652173999,-0.9319371727748691,0.8897058823529417,0.18181818181818182,0,1,0,0
0.9687499999999928,0.5652173913043252,-1.387434554973822,1.0661764705882357,1.0818181818181818,0,1,0,1
-0.3437500000000083,-0.5217391304347998,0.041884816753926704,-0.30882352941176505,-0.8272727272727273,0,1,0,0
1.2500000000000044,1.4347826086956252,1.0104712041884816,-0.7720588235294121,-0.38181818181818183,1,0,0,0
0.3749999999999978,0.4782608695652002,-0.24083769633507854,0.3235294117647059,-0.8454545454545455,0,1,0,0
-0.81250000000001,-0.5217391304347998,-0.39790575916230364,0.3382352941176473,0.2545454545454545,0,1,0,0
0.24999999999998668,0.8260869565217251,-0.6701570680628273,1.1764705882352946,0.6818181818181818,0,0,1,0
-0.9375000000000033,-0.6956521739130499,0.39267015706806285,-0.3308823529411766,-0.5545454545454546,0,1,0,0
0.40624999999998723,0.13043478260867525,-0.03664921465968586,-0.3602941176470589,0.41818181818181815,0,1,0,0
0.12499999999999334,0.17391304347825012,-0.5235602094240838,0.558823529411765,-0.7545454545454545,1,0,0,0
0.06249999999999667,-0.39130434782609985,-0.47643979057591623,0.3455882352941175,0.8454545454545455,0,1,0,0
1.2500000000000044,1.3478260869565002,-0.18324607329842932,-0.05147058823529435,0.37272727272727274,0,1,0,0
-0.5937500000000128,-0.782608695652175,-0.14136125654450263,0.25,0.2,0,0,1,0
-0.46875000000000167,-0.21739130434782503,-0.418848167539267,0.19117647058823548,-0.22727272727272727,0,1,0,0
-1.2812500000000118,-1.4782608695652248,-0.45549738219895286,0.3014705882352943,-0.5545454545454546,0,1,0,0
0.12499999999999334,0.652173913043475,0.8272251308900523,-0.7426470588235299,0.4636363636363636,0,1,0,0
-0.3437500000000083,-0.8695652173913001,-1.3664921465968587,1.5294117647058827,0.09090909090909091,0,1,0,0
0.43749999999999445,0.34782608695650025,2.031413612565445,-1.24264705882353,0.13636363636363635,0,1,0,0
0.15625000000000056,-0.34782608695652495,0.03664921465968586,0.4338235294117648,-0.18181818181818182,0,0,1,0
-0.81250000000001,-0.6086956521739249,-0.31413612565445026,0.4485294117647062,0.02727272727272727,0,1,0,0
0.06249999999999667,0.652173913043475,0.4816753926701571,-0.095588235294118,0.42727272727272725,0,1,0,0
0.18749999999999,0.9130434782608502,0.45549738219895286,-0.11764705882352956,0.37272727272727274,0,1,0,0
0.6562499999999917,0.6086956521739002,-0.1099476439790576,0.4044117647058825,-0.18181818181818182,0,1,0,0
0.21874999999999722,0.08695652173912506,1.4345549738219896,-0.7352941176470591,-0.6272727272727273,1,0,0,0
-0.5312500000000161,-0.913043478260875,0.02617801047120419,0.573529411764706,-0.7454545454545455,0,1,0,0
0.6250000000000022,0.39130434782607515,1.0890052356020943,-0.8382352941176475,-0.21818181818181817,0,0,1,0
-0.9062500000000139,-0.6956521739130499,3.554973821989529,-1.7352941176470598,0.18181818181818182,0,1,0,0
-0.4375000000000122,-0.6956521739130499,0.8219895287958116,-0.9632352941176475,-0.5181818181818182,0,0,1,0
-0.81250000000001,-0.56521739130435,1.6806282722513088,-1.1838235294117654,0.6545454545454545,1,0,0,0
0.24999999999998668,0.8260869565217251,0.15706806282722513,0.286764705882353,0.5,0,1,0,0
-0.8750000000000067,-0.7391304347826249,-0.6963350785340314,0.7647058823529413,-0.32727272727272727,0,0,1,0
1.093750000000004,0.7391304347826001,0.6492146596858639,-0.683823529411765,-0.02727272727272727,0,0,1,0
-0.6250000000000022,-1.0,0.193717277486911,-0.1691176470588239,0.8727272727272727,0,1,0,0
-0.5625000000000056,-0.6956521739130499,0.5392670157068062,-0.4779411764705884,-0.36363636363636365,0,1,0,0
-0.5312500000000161,-0.34782608695652495,0.2198952879581152,-0.23529411764705913,-0.9454545454545454,0,1,0,0
0.0,0.5652173913043252,0.5968586387434555,-0.058823529411765045,-0.5454545454545454,0,0,1,0
-0.031250000000007216,-0.13043478260869995,-0.6858638743455497,-0.036764705882352956,-0.01818181818181818,0,1,0,0
-1.3750000000000155,-1.652173913043475,0.9528795811518325,-0.38235294117647095,-0.20909090909090908,0,0,1,0
0.15625000000000056,0.7826086956521503,-0.4083769633507853,0.35294117647058815,1.0636363636363637,0,1,0,0
-0.7187500000000061,-0.4782608695652249,0.38219895287958117,0.3602941176470589,-0.8181818181818182,0,0,1,0
0.7187499999999883,0.0,-0.7591623036649214,1.0661764705882357,-0.41818181818181815,0,0,1,1
-0.218750000000015,-0.56521739130435,0.6492146596858639,-0.5514705882352944,0.15454545454545454,0,1,0,0
0.5312499999999983,0.2608695652173752,-0.32460732984293195,0.676470588235294,-0.44545454545454544,0,1,0,0
0.09374999999998612,-0.34782608695652495,0.8795811518324608,-0.3750000000000003,0.9272727272727272,0,1,0,0
0.593749999999995,-0.13043478260869995,-0.12041884816753927,-0.007352941176470696,0.8363636363636363,0,1,0,0
0.12499999999999334,-0.13043478260869995,-0.4293193717277487,0.6985294117647062,0.9454545454545454,0,1,0,0
0.031249999999989453,0.652173913043475,-0.19895287958115182,0.09558823529411747,-0.2636363636363636,0,0,1,0
0.7812500000000028,0.6086956521739002,2.0,-0.9264705882352946,0.36363636363636365,0,1,0,0
-0.28125000000001166,-0.7391304347826249,-0.612565445026178,1.0294117647058827,-0.7363636363636363,0,1,0,0
0.031249999999989453,0.7391304347826001,-0.20418848167539266,0.3235294117647059,0.6545454545454545,0,1,0,0
0.5312499999999983,0.21739130434782503,0.25654450261780104,-0.30882352941176505,-0.09090909090909091,0,0,1,0
-0.7500000000000133,-0.56521739130435,3.068062827225131,-1.5441176470588243,0.03636363636363636,0,0,1,0
0.6250000000000022,0.521739130434775,-0.4607329842931937,0.29411764705882365,-0.5818181818181818,0,1,0,0
-0.406250000000005,-0.08695652173914978,-0.041884816753926704,-0.3602941176470589,-0.42727272727272725,0,0,1,0
-0.37500000000001554,0.0,-0.32460732984293195,0.08088235294117661,0.7454545454545455,0,0,1,0
0.40624999999998723,-0.08695652173914978,-0.225130890052356,0.5220588235294121,-0.7727272727272727,1,0,0,0
-0.5937500000000128,-0.43478260869565005,-0.24083769633507854,0.6544117647058825,-0.2727272727272727,0,0,1,0
-0.4375000000000122,-0.08695652173914978,-0.4816753926701571,0.36764705882352955,-0.509090909090909,0,0,1,0
-0.81250000000001,-0.652173913043475,-1.544502617801047,1.632352941176471,-0.7181818181818181,0,1,0,0
0.9375000000000033,1.086956521739125,0.33507853403141363,-0.5294117647058828,0.22727272727272727,0,0,1,0
-0.4375000000000122,0.08695652173912506,-0.11518324607329843,0.10294117647058817,-0.21818181818181817,0,0,1,0
-0.4375000000000122,-0.652173913043475,-1.0785340314136125,1.1176470588235297,0.37272727272727274,0,1,0,0
-0.8437500000000172,-0.652173913043475,-0.3612565445026178,0.3161764705882352,0.7818181818181819,0,0,1,0
0.9062499999999961,0.4782608695652002,1.3193717277486912,-0.7132352941176475,0.8909090909090909,0,1,0,0
-0.25000000000000444,0.21739130434782503,-0.24083769633507854,0.14705882352941183,-0.02727272727272727,0,0,1,0
0.593749999999995,-0.13043478260869995,1.036649214659686,-0.9485294117647064,-0.9363636363636364,0,1,0,0
0.09374999999998612,-0.13043478260869995,-0.35602094240837695,0.2573529411764707,0.8727272727272727,0,0,1,0
0.24999999999998668,0.17391304347825012,0.32460732984293195,-0.30882352941176505,-0.23636363636363636,0,1,0,0
0.24999999999998668,0.13043478260867525,0.3036649214659686,-0.5441176470588237,-0.36363636363636365,0,1,0,0
0.6250000000000022,0.43478260869565005,0.5340314136125655,-0.18382352941176477,0.5818181818181818,0,0,1,0
0.031249999999989453,0.652173913043475,-0.18848167539267016,0.04411764705882365,-0.7636363636363637,0,0,1,0
0.06249999999999667,0.521739130434775,0.11518324607329843,0.04411764705882365,-0.01818181818181818,0,1,0,0
-0.81250000000001,-0.652173913043475,-0.3298429319371728,0.4411764705882355,-0.20909090909090908,1,0,0,0
0.7812500000000028,0.9565217391304252,-0.9528795811518325,0.9779411764705884,-0.5909090909090909,0,1,0,0
-0.6250000000000022,-1.043478260869575,0.17801047120418848,0.051470588235293824,0.5636363636363636,0,1,0,0
-0.25000000000000444,-0.56521739130435,1.4083769633507854,-1.0955882352941182,-0.16363636363636364,0,1,0,0
0.9375000000000033,0.521739130434775,1.801047120418848,-1.1323529411764712,0.9545454545454546,0,0,1,0
-1.0000000000000178,-0.8695652173913001,-0.7643979057591623,0.12499999999999974,0.18181818181818182,0,0,1,0
-0.8437500000000172,-0.6086956521739249,-0.11518324607329843,0.5808823529411766,0.09090909090909091,0,0,1,0
-0.81250000000001,-0.3043478260869748,0.07329842931937172,-0.25,1.1454545454545455,0,1,0,0
-1.4687500000000195,-1.8695652173913,-0.5026178010471204,0.7794117647058828,0.7727272727272727,0,1,0,0
0.7812500000000028,0.9565217391304252,0.3298429319371728,-0.2573529411764707,-0.5545454545454546,0,0,1,0
0.7499999999999956,0.7826086956521503,-0.34554973821989526,0.48529411764705915,-0.38181818181818183,0,1,0,0
-0.7500000000000133,-0.7391304347826249,-0.44502617801047123,0.8676470588235295,-0.2727272727272727,1,0,0,0
0.0,-0.39130434782609985,-0.3403141361256545,0.8014705882352944,0.9454545454545454,0,0,1,0
0.43749999999999445,0.13043478260867525,-0.9109947643979057,0.4779411764705884,-0.7545454545454545,0,1,0,0
-0.81250000000001,-0.8260869565217499,0.31413612565445026,-0.13970588235294112,-0.8363636363636363,0,1,0,0
0.2812499999999939,0.17391304347825012,2.2460732984293195,-1.352941176470589,-0.2545454545454545,0,1,0,0
0.12499999999999334,-0.34782608695652495,-0.17277486910994763,0.051470588235293824,1.018181818181818,0,1,0,0
0.46875000000000167,0.3043478260869501,-1.1151832460732984,1.8529411764705888,-0.4,0,0,1,0
0.7499999999999956,0.652173913043475,0.4816753926701571,-0.7794117647058828,-0.6545454545454545,0,1,0,0
-0.6250000000000022,-0.9565217391304498,0.8324607329842932,-0.8235294117647064,-0.2818181818181818,0,0,1,0
-0.09375000000000389,-0.3043478260869748,1.2984293193717278,-0.9632352941176475,0.6,0,0,1,0
-0.06250000000001443,-0.3043478260869748,-0.08376963350785341,0.15441176470588253,0.8272727272727273,0,0,1,0
-0.46875000000000167,-0.21739130434782503,0.4712041884816754,-0.5000000000000006,-0.10909090909090909,1,0,0,0
-0.031250000000007216,0.4782608695652002,-0.7958115183246073,0.29411764705882365,0.9,0,1,0,0
0.21874999999999722,0.34782608695650025,0.28272251308900526,-0.6250000000000002,-0.5,0,0,1,0
0.09374999999998612,0.17391304347825012,1.649214659685864,-1.1029411764705888,-0.8454545454545455,0,1,0,0
1.0312499999999893,1.17391304347825,0.45549738219895286,-0.2794117647058828,0.05454545454545454,0,0,1,0
0.34374999999999056,0.3043478260869501,-0.2198952879581152,0.036764705882352956,-0.5454545454545454,0,1,0,0
0.0,0.521739130434775,0.10471204188481675,-0.4411764705882355,0.2545454545454545,0,0,1,0
0.0,-0.3043478260869748,-0.3612565445026178,0.5294117647058822,0.18181818181818182,0,1,0,0
-1.0625000000000144,-1.0,-0.18324607329842932,-0.06617647058823521,-0.6545454545454545,0,1,0,0
-0.5625000000000056,-0.9565217391304498,0.5549738219895288,-0.5661764705882357,0.4,0,0,1,0
-0.5937500000000128,-0.6086956521739249,1.450261780104712,-0.8970588235294124,-0.6545454545454545,0,1,0,0
0.7499999999999956,0.5652173913043252,-0.49214659685863876,0.9558823529411768,0.17272727272727273,0,1,0,0
0.7812500000000028,0.39130434782607515,0.17801047120418848,-0.3382352941176473,-0.14545454545454545,0,1,0,0
0.3749999999999978,0.2608695652173752,-0.5863874345549738,0.9117647058823533,-0.41818181818181815,0,0,1,0
0.0,-0.34782608695652495,-0.31413612565445026,0.75,0.8090909090909091,0,0,1,0
-0.4375000000000122,-0.17391304347827483,0.5130890052356021,-0.3235294117647059,0.6272727272727273,0,1,0,0
-0.81250000000001,-0.3043478260869748,-0.031413612565445025,-0.3161764705882357,-0.5727272727272728,0,1,0,0
-0.5625000000000056,-0.4782608695652249,0.806282722513089,-0.5808823529411766,0.6545454545454545,0,1,0,0
-0.218750000000015,-0.4782608695652249,-0.5863874345549738,1.330882352941177,0.2545454545454545,0,1,0,0
-0.06250000000001443,-0.3043478260869748,-0.8115183246073299,0.9338235294117648,-0.6909090909090909,0,1,0,0
-0.5625000000000056,-0.8260869565217499,0.16230366492146597,-0.5073529411764707,-0.2909090909090909,1,0,0,0
0.12499999999999334,-0.34782608695652495,0.13089005235602094,-0.22794117647058842,1.0363636363636364,0,1,0,0
-0.7812500000000028,-1.2608695652173998,-0.17277486910994763,0.18382352941176477,-0.5727272727272728,0,0,1,0
-0.06250000000001443,0.521739130434775,-0.3036649214659686,0.08088235294117661,0.5636363636363636,0,0,1,0
-0.28125000000001166,0.17391304347825012,-0.5863874345549738,0.4191176470588234,-0.6272727272727273,0,1,0,0
0.46875000000000167,0.04347826086955017,-0.6230366492146597,1.2500000000000004,-0.35454545454545455,0,1,0,0
-0.09375000000000389,0.3043478260869501,0.14136125654450263,-0.3602941176470589,0.509090909090909,0,0,1,0
-0.6875000000000167,-1.1739130434782747,-0.35602094240837695,0.20588235294117635,-0.8090909090909091,0,0,1,0
-0.81250000000001,-0.6956521739130499,1.094240837696335,-0.9779411764705886,0.2636363636363636,0,1,0,0
0.6562499999999917,0.5652173913043252,2.5340314136125652,-1.4852941176470598,0.8454545454545455,0,1,0,0
-0.46875000000000167,-0.17391304347827483,0.900523560209424,-0.8602941176470594,0.07272727272727272,0,0,1,0
0.9062499999999961,0.4782608695652002,-0.6282722513089005,0.3308823529411766,0.8272727272727273,0,1,0,0
-0.7500000000000133,-0.4782608695652249,-0.36649214659685864,0.12499999999999974,-0.8272727272727273,0,0,1,0
-0.81250000000001,-0.3043478260869748,-0.7643979057591623,0.7352941176470591,0.2727272727272727,0,1,0,0
-0.15625000000000056,-0.4782608695652249,-0.6858638743455497,1.4926470588235299,0.38181818181818183,0,1,0,0
-0.81250000000001,-0.652173913043475,-0.031413612565445025,0.27941176470588225,-0.14545454545454545,0,1,0,0
0.18749999999999,0.3043478260869501,-0.08900523560209424,-0.22058823529411775,0.7181818181818181,0,1,0,0
0.4999999999999911,0.34782608695650025,0.28272251308900526,-0.05147058823529435,-0.9545454545454546,0,1,0,0
-0.8750000000000067,-0.7391304347826249,-0.450261780104712,0.5661764705882352,-0.6909090909090909,0,1,0,0
0.09374999999998612,-0.3043478260869748,-0.08376963350785341,-0.0882352941176473,0.7090909090909091,1,0,0,0
-0.031250000000007216,-0.21739130434782503,-0.7277486910994765,0.4264705882352941,-0.8272727272727273,0,1,0,0
0.09374999999998612,0.08695652173912506,0.17801047120418848,-0.3750000000000003,-0.6727272727272727,0,0,1,0
-0.5312500000000161,-0.9565217391304498,2.5026178010471205,-1.24264705882353,-0.8272727272727273,0,1,0,0
0.7812500000000028,0.13043478260867525,1.256544502617801,-1.0147058823529416,0.7636363636363637,0,1,0,0
0.6874999999999989,0.3043478260869501,-0.3403141361256545,0.2720588235294116,0.10909090909090909,1,0,0,0
0.8749999999999889,0.4782608695652002,-0.18848167539267016,-0.17647058823529407,-0.3090909090909091,0,0,1,0
-0.06250000000001443,-0.3043478260869748,-0.9476439790575916,1.0147058823529413,-0.6727272727272727,0,1,0,0
1.2812499999999938,1.3478260869565002,-0.5602094240837696,0.7647058823529413,-0.8727272727272727,0,0,1,0
-0.5312500000000161,-0.652173913043475,-1.0418848167539267,0.3602941176470589,0.4636363636363636,0,1,0,0
-0.7500000000000133,-0.43478260869565005,-0.1256544502617801,0.14705882352941183,-0.44545454545454544,0,1,0,0
0.593749999999995,0.43478260869565005,1.3926701570680629,-1.0367647058823535,-0.8818181818181818,0,0,1,0
-0.3125000000000011,0.04347826086955017,0.34554973821989526,-0.13970588235294112,0.43636363636363634,0,1,0,0
0.031249999999989453,-0.2608695652173999,0.6649214659685864,-0.8676470588235299,-0.509090909090909,0,0,1,0
0.7812500000000028,0.5652173913043252,1.12565445026178,-0.6544117647058828,0.42727272727272725,0,0,1,0
0.6562499999999917,0.6956521739130253,0.42408376963350786,-0.286764705882353,-0.4,0,0,1,0
0.8437499999999994,0.9130434782608502,-0.36649214659685864,0.7279411764705884,0.990909090909091,0,1,0,0
0.43749999999999445,0.17391304347825012,0.16230366492146597,-0.058823529411765045,0.10909090909090909,0,1,0,0
1.093750000000004,1.2173913043478004,-0.12041884816753927,0.09558823529411747,0.2545454545454545,0,1,0,0
-0.5625000000000056,-0.3043478260869748,0.8638743455497382,-0.9558823529411768,0.2636363636363636,0,1,0,0
-0.37500000000001554,-0.04347826086957489,1.5078534031413613,-0.9191176470588239,0.5363636363636364,0,1,0,0
0.0,-0.13043478260869995,0.1518324607329843,-0.02205882352941209,0.07272727272727272,0,1,0,0
-0.8437500000000172,-0.39130434782609985,0.42408376963350786,0.19852941176470565,0.7181818181818181,0,1,0,0
0.15625000000000056,-0.2608695652173999,-0.041884816753926704,-0.2647058823529414,-0.2545454545454545,1,0,0,0
-0.406250000000005,-0.652173913043475,1.1884816753926701,-1.0441176470588243,-0.43636363636363634,0,1,0,0
-0.4375000000000122,-0.6956521739130499,0.3612565445026178,-0.3308823529411766,0.8636363636363636,1,0,0,0
-0.6875000000000167,-1.043478260869575,0.07329842931937172,-0.04411764705882365,-0.34545454545454546,0,0,1,0
0.15625000000000056,0.17391304347825012,0.7382198952879581,-0.4632352941176476,0.37272727272727274,0,1,0,0
0.6562499999999917,0.34782608695650025,-0.2670157068062827,0.1617647058823527,-0.4636363636363636,0,1,0,0
-0.25000000000000444,-0.782608695652175,0.774869109947644,-0.8897058823529417,-0.9181818181818182,0,1,0,0
-0.6250000000000022,-1.086956521739125,-0.07853403141361257,-0.05147058823529435,0.45454545454545453,0,1,0,0
-0.8750000000000067,-0.8695652173913001,0.3298429319371728,-0.3235294117647059,0.44545454545454544,0,1,0,0
-0.031250000000007216,-0.3043478260869748,-0.020942408376963352,-0.3235294117647059,-0.5545454545454546,0,1,0,0
-0.5312500000000161,-0.8260869565217499,0.6020942408376964,-0.5220588235294121,-0.41818181818181815,0,1,0,0
0.4999999999999911,0.3043478260869501,0.2931937172774869,0.3235294117647059,0.2545454545454545,0,1,0,0
-0.8437500000000172,-0.913043478260875,-0.7696335078534031,0.8676470588235295,0.7,0,1,0,0
0.18749999999999,0.21739130434782503,-1.12565445026178,0.5220588235294121,0.990909090909091,0,1,0,0
0.3749999999999978,-0.08695652173914978,-0.010471204188481676,-0.04411764705882365,-0.7272727272727273,0,0,1,0
1.0312499999999893,0.7826086956521503,-0.6596858638743456,0.11029411764705888,-0.6636363636363637,0,1,0,1
0.5312499999999983,0.43478260869565005,-0.4712041884816754,0.15441176470588253,-0.8909090909090909,0,0,1,0
-0.3125000000000011,-0.4782608695652249,-0.5130890052356021,1.0073529411764708,-0.8090909090909091,0,1,0,0
0.6250000000000022,0.39130434782607515,0.43455497382198954,-0.36764705882352955,0.3181818181818182,0,1,0,0
0.18749999999999,0.6956521739130253,0.1099476439790576,0.25,1.0454545454545454,0,1,0,0
-0.25000000000000444,0.13043478260867525,1.162303664921466,-0.9779411764705886,0.5454545454545454,0,1,0,0
-0.15625000000000056,-0.3043478260869748,0.5340314136125655,-0.757352941176471,0.3181818181818182,0,0,1,0
-0.28125000000001166,0.21739130434782503,-0.6963350785340314,1.6029411764705888,-0.5909090909090909,0,1,0,0
0.7812500000000028,0.04347826086955017,3.424083769633508,-1.6838235294117656,-0.11818181818181818,0,0,1,0
0.18749999999999,-0.21739130434782503,-0.15706806282722513,0.5882352941176473,-0.18181818181818182,0,0,1,0
-0.25000000000000444,-0.5217391304347998,-1.2827225130890052,2.1544117647058836,0.10909090909090909,0,1,0,1
-0.031250000000007216,-0.43478260869565005,-0.07329842931937172,0.01470588235294087,-0.9090909090909091,0,1,0,0
-0.8437500000000172,-0.6956521739130499,-0.16753926701570682,0.27941176470588225,-0.5636363636363636,0,1,0,0
-0.4375000000000122,-0.13043478260869995,-0.837696335078534,0.9926470588235299,0.24545454545454545,0,0,1,0
-0.6250000000000022,-0.04347826086957489,0.16230366492146597,-0.47058823529411775,-0.5454545454545454,0,1,0,0
-0.37500000000001554,-0.21739130434782503,-0.7225130890052356,0.7941176470588237,0.6909090909090909,0,1,0,0
0.6562499999999917,0.521739130434775,-0.5968586387434555,0.5,-0.00909090909090909,0,1,0,0
0.9375000000000033,1.086956521739125,2.0523560209424083,-1.2205882352941182,0.2,0,0,1,0
-0.5312500000000161,-0.5217391304347998,-0.5287958115183246,0.3455882352941175,0.8545454545454545,0,1,0,0
0.8437499999999994,0.9999999999999752,-0.7068062827225131,0.6911764705882355,-0.8818181818181818,0,1,0,0
-0.8750000000000067,-0.56521739130435,0.2670157068062827,-0.29411764705882365,-0.33636363636363636,0,1,0,0
-0.46875000000000167,-0.8260869565217499,0.27225130890052357,-0.24264705882352983,-0.6454545454545455,1,0,0,0
0.46875000000000167,0.521739130434775,1.0628272251308901,-0.7500000000000006,-0.12727272727272726,0,1,0,0
0.18749999999999,0.43478260869565005,0.5497382198952879,-0.3529411764705887,0.5454545454545454,0,0,1,0
1.1562500000000007,1.04347826086955,-0.6858638743455497,0.4117647058823532,0.6636363636363637,0,1,0,0
0.43749999999999445,0.17391304347825012,1.418848167539267,-1.0735294117647065,0.12727272727272726,0,0,1,0
0.40624999999998723,0.4782608695652002,-0.774869109947644,0.7720588235294121,-0.6363636363636364,0,1,0,0
0.06249999999999667,0.6086956521739002,-0.5392670157068062,0.2720588235294116,-0.9727272727272728,0,0,1,0
-0.6875000000000167,-0.8695652173913001,0.4293193717277487,-0.48529411764705915,0.9545454545454546,0,1,0,0
0.5624999999999878,0.34782608695650025,-1.0157068062827226,0.5808823529411766,0.15454545454545454,0,1,0,0
-0.8437500000000172,-0.7391304347826249,0.14659685863874344,0.10294117647058817,0.9636363636363636,0,1,0,0
-1.093750000000004,-1.086956521739125,0.20418848167539266,-0.19852941176470618,-0.17272727272727273,0,1,0,0
-0.6250000000000022,-0.782608695652175,-1.057591623036649,1.1691176470588238,-0.4,0,1,0,0
0.15625000000000056,0.8695652173913001,-1.0994764397905759,0.8970588235294118,-0.5272727272727272,0,0,1,0
-0.8437500000000172,-0.34782608695652495,-0.8952879581151832,0.9632352941176475,0.07272727272727272,0,1,0,0
-0.09375000000000389,0.21739130434782503,1.068062827225131,-0.558823529411765,0.15454545454545454,0,1,0,0
-0.09375000000000389,-0.3043478260869748,-0.47643979057591623,0.5661764705882352,0.20909090909090908,0,0,1,0
0.6874999999999989,0.43478260869565005,0.6649214659685864,-0.3308823529411766,0.6909090909090909,0,1,0,0
0.8749999999999889,0.9130434782608502,1.2670157068062826,-1.0735294117647065,-0.08181818181818182,0,0,1,0
0.6874999999999989,0.43478260869565005,-1.0890052356020943,1.2500000000000004,0.35454545454545455,0,0,1,0
-0.5000000000000089,-0.34782608695652495,0.9895287958115183,-0.9852941176470594,0.1,0,0,1,0
1.093750000000004,0.9999999999999752,-0.7329842931937173,0.9558823529411768,-0.9090909090909091,0,1,0,0
0.15625000000000056,-0.2608695652173999,0.38219895287958117,-0.095588235294118,0.15454545454545454,0,1,0,0
-0.5937500000000128,-0.6086956521739249,-1.225130890052356,1.5294117647058827,0.509090909090909,0,0,1,0
-0.5937500000000128,-1.0,-0.774869109947644,0.823529411764706,-0.33636363636363636,0,1,0,0
0.4999999999999911,0.3043478260869501,0.6230366492146597,-0.1691176470588239,-0.9727272727272728,0,1,0,0
1.2812499999999938,1.4782608695652002,0.9476439790575916,-0.757352941176471,0.44545454545454544,1,0,0,0
-0.1250000000000111,-0.34782608695652495,0.46596858638743455,-0.4338235294117648,-0.9,0,1,0,0
-0.1250000000000111,-0.39130434782609985,-0.42408376963350786,0.022058823529411565,0.3,0,1,0,0
-0.25000000000000444,-0.6086956521739249,-0.4973821989528796,0.632352941176471,-0.2,0,1,0,0
-0.8750000000000067,-0.782608695652175,2.261780104712042,-1.5294117647058831,-0.7545454545454545,1,0,0,0
-0.6250000000000022,-0.21739130434782503,0.24083769633507854,-0.10294117647058817,-0.5818181818181818,0,0,1,0
-0.5000000000000089,-0.21739130434782503,1.1570680628272252,-1.0073529411764712,-0.06363636363636363,0,1,0,0
-0.8750000000000067,-0.6086956521739249,-0.38219895287958117,0.19852941176470565,0.41818181818181815,1,0,0,0
0.21874999999999722,1.04347826086955,-0.3612565445026178,0.7794117647058828,0.12727272727272726,0,1,0,0
-1.0000000000000178,-0.9565217391304498,2.492146596858639,-1.4485294117647067,-0.35454545454545455,0,0,1,0
-0.5625000000000056,-0.913043478260875,-0.27225130890052357,0.5147058823529413,0.8090909090909091,0,1,0,0
-0.18750000000000777,-0.04347826086957489,-0.005235602094240838,-0.11764705882352956,-0.5,0,1,0,0
-0.3125000000000011,0.13043478260867525,-0.39267015706806285,0.5,-0.18181818181818182,0,1,0,0
-0.1250000000000111,0.39130434782607515,1.6963350785340314,-1.080882352941177,0.7909090909090909,0,1,0,0
-0.37500000000001554,-0.6956521739130499,-0.23036649214659685,0.22058823529411775,0.36363636363636365,0,1,0,0
0.18749999999999,0.9999999999999752,-0.24083769633507854,0.5220588235294121,-0.3,1,0,0,0
-0.6562500000000094,-0.8260869565217499,-0.17801047120418848,0.39705882352941185,0.9727272727272728,0,1,0,0
-0.6250000000000022,-0.08695652173914978,0.6858638743455497,-0.7426470588235299,-0.4909090909090909,0,1,0,0
0.2812499999999939,0.521739130434775,-0.806282722513089,0.5073529411764707,-0.32727272727272727,0,1,0,0
0.5624999999999878,0.13043478260867525,-0.6649214659685864,1.0882352941176474,0.17272727272727273,0,1,0,1
-0.5625000000000056,-0.6956521739130499,-0.7382198952879581,1.0073529411764708,0.5181818181818182,0,1,0,0
-0.8437500000000172,-0.4782608695652249,0.9528795811518325,-0.6911764705882357,0.6363636363636364,0,0,1,0
0.6874999999999989,0.521739130434775,0.6178010471204188,-0.6250000000000002,0.2545454545454545,0,1,0,0
-0.4375000000000122,-0.39130434782609985,0.43455497382198954,-0.6397058823529417,0.6636363636363637,0,1,0,0
-0.5625000000000056,-0.652173913043475,-0.2931937172774869,-0.14705882352941183,0.35454545454545455,0,1,0,0
0.6874999999999989,0.7391304347826001,-0.7329842931937173,1.0220588235294121,0.10909090909090909,0,0,1,1
-0.09375000000000389,-0.3043478260869748,0.27225130890052357,-0.3897058823529417,0.13636363636363635,0,1,0,0
-0.8750000000000067,-0.782608695652175,0.18324607329842932,-0.11764705882352956,-0.5454545454545454,0,1,0,0
-0.09375000000000389,-0.43478260869565005,-0.774869109947644,1.2205882352941182,-0.9090909090909091,0,0,1,0
0.43749999999999445,0.2608695652173752,-0.4031413612565445,0.4411764705882355,-0.23636363636363636,0,1,0,0
0.5312499999999983,-0.04347826086957489,1.455497382198953,-1.191176470588236,0.8272727272727273,0,0,1,0
0.15625000000000056,0.08695652173912506,0.581151832460733,-0.5441176470588237,-0.9727272727272728,0,0,1,0
-0.6250000000000022,-0.4782608695652249,0.8272251308900523,-0.13970588235294112,-0.22727272727272727,0,0,1,0
-0.7812500000000028,-0.43478260869565005,0.0,-0.0882352941176473,0.45454545454545453,0,1,0,0
0.593749999999995,0.13043478260867525,0.3403141361256545,-0.06617647058823521,0.045454545454545456,0,1,0,0
-0.37500000000001554,0.0,0.35602094240837695,-0.24264705882352983,-0.2636363636363636,0,1,0,0
-0.3437500000000083,-0.56521739130435,-1.0104712041884816,0.7794117647058828,0.045454545454545456,0,1,0,0
0.24999999999998668,0.13043478260867525,0.5863874345549738,-0.6764705882352946,0.8454545454545455,0,1,0,0
0.3749999999999978,0.39130434782607515,0.41361256544502617,-0.3308823529411766,0.8636363636363636,0,1,0,0
0.6874999999999989,0.34782608695650025,0.4869109947643979,-0.48529411764705915,-0.02727272727272727,0,1,0,0
-0.031250000000007216,0.521739130434775,-0.09947643979057591,0.9632352941176475,0.4636363636363636,0,1,0,0
0.031249999999989453,0.652173913043475,0.13612565445026178,-0.3382352941176473,-0.7818181818181819,0,1,0,0
-1.0625000000000144,-1.0,-0.5392670157068062,0.5441176470588237,-0.9454545454545454,0,1,0,0
0.7499999999999956,0.08695652173912506,0.24083769633507854,0.058823529411764525,0.5727272727272728,0,1,0,0
-0.81250000000001,-0.652173913043475,0.25654450261780104,0.35294117647058815,-0.2727272727272727,0,1,0,0
-0.031250000000007216,-0.34782608695652495,2.4554973821989527,-1.330882352941177,0.6181818181818182,0,1,0,0
-0.9687500000000105,-0.8695652173913001,-0.7382198952879581,0.9117647058823533,0.9636363636363636,0,1,0,1
-0.06250000000001443,0.4782608695652002,-0.7277486910994765,0.6985294117647062,-0.5181818181818182,1,0,0,0
0.6874999999999989,0.34782608695650025,-0.5235602094240838,0.5220588235294121,0.6,0,1,0,0
-0.9375000000000033,-0.7391304347826249,1.1675392670157068,-0.8602941176470594,0.8636363636363636,0,1,0,0
0.7499999999999956,0.04347826086955017,-0.25654450261780104,0.21323529411764705,0.00909090909090909,0,1,0,0
0.3125000000000011,0.39130434782607515,2.1727748691099475,-1.352941176470589,-0.7181818181818181,0,1,0,0
0.593749999999995,0.17391304347825012,-0.4083769633507853,0.3382352941176473,-0.2818181818181818,0,0,1,0
-0.7812500000000028,-0.782608695652175,-0.13089005235602094,0.1617647058823527,0.7818181818181819,0,1,0,0
0.7812500000000028,0.21739130434782503,0.24083769633507854,-0.19117647058823548,0.8363636363636363,0,1,0,0
0.6874999999999989,0.5652173913043252,1.8429319371727748,-1.191176470588236,-0.5818181818181818,0,0,1,0
0.24999999999998668,0.521739130434775,1.5602094240837696,-1.1397058823529416,-0.06363636363636363,0,0,1,0
0.5312499999999983,0.43478260869565005,0.2094240837696335,-0.2720588235294121,0.11818181818181818,1,0,0,0
-1.1875000000000078,-1.217391304347825,-0.6858638743455497,1.2941176470588243,-0.6727272727272727,0,1,0,0
0.8437499999999994,0.9999999999999752,-0.6649214659685864,1.2500000000000004,-0.9,0,1,0,0
-0.6562500000000094,-1.1304347826087,-0.3769633507853403,0.9411764705882355,-0.13636363636363635,0,0,1,0
-0.5312500000000161,-0.04347826086957489,0.2670157068062827,-0.20588235294117688,-0.03636363636363636,0,1,0,0
0.21874999999999722,0.6956521739130253,1.3089005235602094,-0.8161764705882357,-0.9,0,1,0,0
0.6562499999999917,0.43478260869565005,0.2617801047120419,-0.4411764705882355,-0.16363636363636364,1,0,0,0
0.3749999999999978,0.4782608695652002,0.8638743455497382,-0.7352941176470591,-0.8090909090909091,0,1,0,0
0.0,-0.3043478260869748,-0.20418848167539266,0.11764705882352956,-0.7,0,1,0,0
-0.28125000000001166,-0.08695652173914978,0.06806282722513089,0.09558823529411747,1.018181818181818,0,1,0,0
-0.7812500000000028,-0.4782608695652249,0.13089005235602094,-0.4632352941176476,-0.7727272727272727,0,1,0,0
0.2812499999999939,0.9565217391304252,-0.41361256544502617,0.25,0.2636363636363636,0,1,0,0
-0.218750000000015,0.17391304347825012,1.287958115183246,-0.882352941176471,0.6545454545454545,0,1,0,0
-0.37500000000001554,-0.43478260869565005,-0.2670157068062827,0.39705882352941185,0.8090909090909091,0,1,0,0
0.15625000000000056,-0.13043478260869995,-0.005235602094240838,0.1691176470588234,0.23636363636363636,0,1,0,0
-0.5625000000000056,-0.5217391304347998,1.0732984293193717,-0.9411764705882357,0.5727272727272728,0,1,0,0
0.4999999999999911,0.39130434782607515,0.010471204188481676,-0.22058823529411775,0.7545454545454545,0,0,1,0
1.0624999999999967,0.652173913043475,0.3089005235602094,-0.4338235294117648,0.0,0,0,1,0
-0.3437500000000083,-0.08695652173914978,0.2356020942408377,-0.4117647058823532,0.9727272727272728,0,1,0,0
-0.406250000000005,-0.5217391304347998,-0.5287958115183246,-0.16176470588235323,-0.9545454545454546,0,1,0,0
0.031249999999989453,0.6956521739130253,0.2617801047120419,0.08823529411764679,-0.5727272727272728,0,1,0,0
1.0312499999999893,0.6956521739130253,-0.5078534031413613,0.5147058823529413,0.9636363636363636,0,1,0,0
0.6874999999999989,0.3043478260869501,0.5654450261780105,-0.6102941176470591,0.5636363636363636,0,0,1,0
-0.6875000000000167,-0.43478260869565005,-0.3193717277486911,0.75,-0.7545454545454545,0,1,0,0
0.9062499999999961,0.9565217391304252,2.2460732984293195,-1.3382352941176479,0.22727272727272727,0,1,0,0
-0.8750000000000067,-0.782608695652175,-0.04712041884816754,-0.13970588235294112,-0.8454545454545455,0,1,0,0
0.031249999999989453,-0.3043478260869748,-0.010471204188481676,-0.007352941176470696,-0.5363636363636364,0,0,1,0
-0.7812500000000028,-0.782608695652175,-0.3403141361256545,0.5661764705882352,-0.20909090909090908,0,1,0,0
0.4999999999999911,0.3043478260869501,-0.6178010471204188,0.7794117647058828,0.23636363636363636,0,1,0,0
-0.5625000000000056,-0.43478260869565005,-0.4293193717277487,0.5367647058823529,-0.6727272727272727,0,1,0,0
-1.0312500000000073,-1.086956521739125,-0.5497382198952879,0.48529411764705915,0.33636363636363636,0,1,0,0
-0.28125000000001166,-0.5217391304347998,0.44502617801047123,0.10294117647058817,0.39090909090909093,0,1,0,0
0.6562499999999917,0.21739130434782503,0.675392670157068,-0.7058823529411768,0.13636363636363635,0,1,0,0
-0.18750000000000777,-0.34782608695652495,-0.42408376963350786,0.6691176470588239,0.6545454545454545,0,1,0,0
0.3749999999999978,0.21739130434782503,-0.45549738219895286,0.3750000000000003,-0.17272727272727273,0,1,0,0
-0.6875000000000167,-1.1304347826087,0.7277486910994765,-0.5661764705882357,0.17272727272727273,0,0,1,0
1.2187499999999971,1.30434782608695,0.3193717277486911,0.7941176470588237,0.10909090909090909,0,1,0,0
-0.6250000000000022,-0.6956521739130499,-0.02617801047120419,0.6838235294117648,-0.9272727272727272,0,1,0,0
0.12499999999999334,0.8260869565217251,-0.2617801047120419,0.36764705882352955,0.4,0,1,0,0
1.0,0.9130434782608502,0.015706806282722512,-0.007352941176470696,-0.5181818181818182,0,1,0,0
0.24999999999998668,0.21739130434782503,0.9581151832460733,-0.9117647058823535,0.6272727272727273,1,0,0,0
0.6874999999999989,0.43478260869565005,0.225130890052356,-0.5147058823529413,0.44545454545454544,0,1,0,0
-0.7812500000000028,-0.39130434782609985,-0.3193717277486911,0.5882352941176473,-0.9727272727272728,0,0,1,0
0.5624999999999878,-0.13043478260869995,0.020942408376963352,0.3382352941176473,0.21818181818181817,0,1,0,0
0.7187499999999883,0.17391304347825012,-0.6858638743455497,0.4117647058823532,0.33636363636363636,0,0,1,1
0.24999999999998668,0.4782608695652002,0.07853403141361257,-0.3750000000000003,-0.15454545454545454,1,0,0,0
1.2500000000000044,1.4782608695652002,0.4397905759162304,-0.4779411764705884,0.00909090909090909,0,0,1,0
-0.81250000000001,-0.6956521739130499,-0.8534031413612565,1.2720588235294121,0.32727272727272727,0,1,0,0
0.12499999999999334,0.6086956521739002,-0.6963350785340314,1.1764705882352946,-0.9090909090909091,0,0,1,0
-1.406250000000005,-1.69565217391305,-1.256544502617801,1.595588235294118,-0.7272727272727273,0,1,0,0
-0.406250000000005,0.08695652173912506,0.36649214659685864,0.12499999999999974,-0.14545454545454545,0,0,1,0
0.40624999999998723,0.2608695652173752,-0.3507853403141361,1.0294117647058827,-0.15454545454545454,0,1,0,0
0.24999999999998668,0.8695652173913001,-1.0785340314136125,0.6250000000000002,-0.2818181818181818,0,0,1,0
0.15625000000000056,-0.2608695652173999,2.7329842931937174,-1.3750000000000009,-0.39090909090909093,0,1,0,0
-0.3437500000000083,-0.4782608695652249,-0.7958115183246073,0.8897058823529417,-0.5727272727272728,0,0,1,0
-0.6250000000000022,-0.08695652173914978,0.31413612565445026,-0.5367647058823535,-0.509090909090909,0,1,0,0
0.3749999999999978,0.43478260869565005,-0.25654450261780104,0.01470588235294087,0.7636363636363637,0,1,0,0
-0.81250000000001,-0.7391304347826249,-0.06806282722513089,-0.029411764705882262,-0.6636363636363637,1,0,0,0
-0.9687500000000105,-0.9565217391304498,-0.47643979057591623,0.5367647058823529,0.045454545454545456,0,0,1,0
0.40624999999998723,0.21739130434782503,0.8952879581151832,-0.4779411764705884,-0.5272727272727272,1,0,0,0
1.1562500000000007,1.2608695652173751,-0.39790575916230364,0.21323529411764705,-0.9727272727272728,0,1,0,0
0.031249999999989453,0.7391304347826001,-0.3507853403141361,0.595588235294118,0.6181818181818182,0,1,0,0
0.031249999999989453,-0.08695652173914978,2.1099476439790577,-1.264705882352942,0.5272727272727272,1,0,0,0
-0.7812500000000028,-0.652173913043475,-0.46596858638743455,0.3897058823529411,0.2818181818181818,0,0,1,0
0.8749999999999889,0.43478260869565005,0.27225130890052357,-0.45588235294117685,-0.1,0,1,0,0
1.2812499999999938,1.5652173913043252,3.193717277486911,-1.5955882352941184,0.2909090909090909,0,0,1,0
0.6562499999999917,0.43478260869565005,-0.14136125654450263,-0.036764705882352956,-0.1,1,0,0,0
-0.406250000000005,-0.13043478260869995,0.837696335078534,-0.8750000000000006,-0.36363636363636365,0,1,0,0
0.15625000000000056,0.521739130434775,0.14659685863874344,-0.11764705882352956,-0.9727272727272728,0,1,0,0
-1.406250000000005,-1.7391304347826002,-0.21465968586387435,0.6691176470588239,0.4636363636363636,0,0,1,0
-0.031250000000007216,-0.17391304347827483,0.13612565445026178,0.1691176470588234,0.0,1,0,0,0
0.43749999999999445,0.2608695652173752,-0.8743455497382199,1.8750000000000002,-0.9727272727272728,0,0,1,1
0.6250000000000022,0.4782608695652002,-0.42408376963350786,0.75,0.35454545454545455,0,1,0,0
0.3749999999999978,0.34782608695650025,3.4659685863874348,-1.6691176470588245,0.32727272727272727,0,1,0,0
-0.5000000000000089,-0.4782608695652249,2.18848167539267,-1.330882352941177,0.8090909090909091,0,0,1,0
-0.8437500000000172,-0.652173913043475,-1.1884816753926701,0.9926470588235299,-0.03636363636363636,0,1,0,0
-0.09375000000000389,-0.43478260869565005,-0.24607329842931938,-0.05147058823529435,0.9272727272727272,0,0,1,0
0.43749999999999445,0.17391304347825012,-0.7958115183246073,0.9411764705882355,0.08181818181818182,0,1,0,0
-0.8437500000000172,-0.913043478260875,0.5130890052356021,-0.4044117647058825,0.6727272727272727,0,0,1,0
-0.6250000000000022,-1.043478260869575,5.570680628272251,-2.0073529411764715,0.16363636363636364,0,1,0,1
-0.37500000000001554,-0.04347826086957489,-0.42408376963350786,0.2573529411764707,-0.2636363636363636,0,1,0,0
-0.406250000000005,-0.13043478260869995,-0.8848167539267016,0.676470588235294,-0.5909090909090909,0,1,0,0
-0.406250000000005,-0.17391304347827483,0.010471204188481676,-0.08088235294117661,0.21818181818181817,0,1,0,0
0.7187499999999883,0.8695652173913001,-0.2513089005235602,0.022058823529411565,-0.7181818181818181,0,1,0,0
-0.4375000000000122,0.08695652173912506,-0.041884816753926704,-0.10294117647058817,-0.17272727272727273,0,0,1,0
-0.031250000000007216,0.0,-0.13612565445026178,-0.4044117647058825,0.8,0,1,0,0
-0.5312500000000161,-0.913043478260875,0.12041884816753927,0.07352941176470591,0.5,0,1,0,0
-0.8437500000000172,-0.7391304347826249,-0.13089005235602094,0.4485294117647062,-0.10909090909090909,0,0,1,0
0.43749999999999445,0.39130434782607515,0.387434554973822,-0.029411764705882262,0.1,0,0,1,0
0.09374999999998612,-0.3043478260869748,0.14136125654450263,0.022058823529411565,0.045454545454545456,1,0,0,0
0.6874999999999989,0.2608695652173752,0.5706806282722513,-0.4926470588235298,0.2909090909090909,0,1,0,0
-0.5937500000000128,-0.8695652173913001,-0.6335078534031413,0.25,-0.6363636363636364,0,1,0,0
0.4999999999999911,-0.08695652173914978,-0.3612565445026178,0.573529411764706,0.7454545454545455,0,0,1,0
0.4999999999999911,0.34782608695650025,0.6963350785340314,-0.6470588235294121,-0.5909090909090909,0,1,0,0
-0.7500000000000133,-0.43478260869565005,-0.13612565445026178,-0.13235294117647095,-0.42727272727272725,0,1,0,0
-0.09375000000000389,-0.43478260869565005,0.225130890052356,-0.3308823529411766,-0.12727272727272726,0,1,0,0
0.6562499999999917,0.39130434782607515,-0.2094240837696335,0.4926470588235293,0.39090909090909093,0,1,0,0
-0.9375000000000033,-0.9565217391304498,0.8324607329842932,-0.9705882352941183,0.6909090909090909,0,0,1,0
0.6250000000000022,0.43478260869565005,-0.2774869109947644,0.845588235294118,-0.19090909090909092,0,0,1,0
-0.28125000000001166,-0.6956521739130499,-0.675392670157068,0.9926470588235299,0.32727272727272727,0,1,0,0
-0.5312500000000161,-0.6086956521739249,-0.612565445026178,0.35294117647058815,0.2545454545454545,0,1,0,0
0.43749999999999445,0.17391304347825012,1.225130890052356,-0.7941176470588239,0.06363636363636363,0,0,1,0
-0.5312500000000161,-0.39130434782609985,-0.4083769633507853,0.39705882352941185,-0.8727272727272727,0,1,0,0
-0.28125000000001166,-0.6086956521739249,-0.2879581151832461,0.8308823529411766,0.6,1,0,0,0
-0.3437500000000083,-0.6086956521739249,-0.4031413612565445,-0.11029411764705888,-0.8272727272727273,0,1,0,0
-1.0312500000000073,-1.1739130434782747,-0.16230366492146597,0.27941176470588225,-0.7,0,0,1,0
0.5624999999999878,0.34782608695650025,0.3717277486910995,-0.6397058823529417,-0.7272727272727273,0,1,0,0
0.06249999999999667,0.2608695652173752,0.18848167539267016,-0.5735294117647064,0.14545454545454545,0,1,0,0
-0.3437500000000083,0.04347826086955017,-0.06806282722513089,0.07352941176470591,-0.4818181818181818,0,1,0,0
0.5624999999999878,0.08695652173912506,-0.09424083769633508,0.45588235294117635,-0.7545454545454545,0,1,0,0
0.40624999999998723,0.43478260869565005,-0.16230366492146597,0.3235294117647059,0.4727272727272727,0,1,0,0
0.24999999999998668,0.3043478260869501,-0.2670157068062827,0.2573529411764707,0.7090909090909091,0,0,1,0
-0.4375000000000122,-0.2608695652173999,-0.2617801047120419,0.022058823529411565,0.00909090909090909,1,0,0,0
0.15625000000000056,0.21739130434782503,-0.25654450261780104,-0.029411764705882262,-0.36363636363636365,0,1,0,0
-0.406250000000005,-0.17391304347827483,-0.23036649214659685,0.5294117647058822,0.3090909090909091,0,0,1,0
0.7499999999999956,0.08695652173912506,1.0837696335078535,-0.9411764705882357,0.7181818181818181,0,0,1,0
-1.0000000000000178,-1.1304347826087,-0.5549738219895288,0.6029411764705882,-0.7727272727272727,1,0,0,0
0.6250000000000022,0.2608695652173752,0.5497382198952879,-0.720588235294118,-0.23636363636363636,0,0,1,0
0.7499999999999956,0.6086956521739002,0.643979057591623,-0.3014705882352943,-0.5727272727272728,1,0,0,0
-0.3437500000000083,0.0,0.6020942408376964,-0.8014705882352946,-0.4090909090909091,0,1,0,0
0.6562499999999917,0.21739130434782503,-0.8848167539267016,0.9632352941176475,0.4727272727272727,0,1,0,1
0.0,0.0,-0.31413612565445026,0.676470588235294,-0.41818181818181815,0,0,1,0
-1.125000000000011,-1.217391304347825,-0.010471204188481676,0.14705882352941183,0.5,0,1,0,0
-0.5625000000000056,-0.782608695652175,-0.3717277486910995,0.5,-0.38181818181818183,0,1,0,0
-0.8437500000000172,-0.6956521739130499,-0.17801047120418848,0.36764705882352955,-0.4,1,0,0,0
0.7812500000000028,0.6086956521739002,0.6596858638743456,-0.41911764705882393,1.1,1,0,0,1
-0.5625000000000056,-0.7391304347826249,0.18848167539267016,0.2426470588235293,-0.34545454545454546,0,0,1,0
-0.031250000000007216,-0.43478260869565005,0.6335078534031413,-0.683823529411765,0.43636363636363634,0,0,1,0
-0.3437500000000083,-0.6086956521739249,0.17801047120418848,0.19852941176470565,0.8636363636363636,0,1,0,0
-0.37500000000001554,-0.6086956521739249,-0.5287958115183246,0.7132352941176471,0.5454545454545454,0,0,1,0
-0.6250000000000022,-0.913043478260875,-0.4031413612565445,0.4338235294117648,-0.41818181818181815,0,1,0,0
-0.6562500000000094,-0.6086956521739249,0.041884816753926704,0.4191176470588234,0.06363636363636363,0,1,0,0
-1.406250000000005,-1.69565217391305,-0.35602094240837695,0.845588235294118,0.17272727272727273,0,0,1,0
0.46875000000000167,0.2608695652173752,1.5078534031413613,-1.1985294117647065,-0.23636363636363636,0,0,1,0
0.15625000000000056,0.7826086956521503,0.6596858638743456,-0.3529411764705887,-0.9727272727272728,0,0,1,0
1.1562500000000007,1.2173913043478004,0.05759162303664921,-0.4264705882352946,0.6636363636363637,0,1,0,0
0.593749999999995,0.17391304347825012,2.486910994764398,-1.330882352941177,-0.00909090909090909,0,1,0,0
-0.46875000000000167,-0.17391304347827483,0.6910994764397905,-0.5808823529411766,0.02727272727272727,0,0,1,0
-0.6875000000000167,-0.8695652173913001,0.6492146596858639,-0.6397058823529417,0.9272727272727272,0,0,1,0
1.0312499999999893,0.7391304347826001,0.3193717277486911,-0.30882352941176505,0.5818181818181818,0,1,0,0
-0.3125000000000011,0.0,-0.35602094240837695,0.6397058823529411,1.1090909090909091,0,1,0,1
0.09374999999998612,-0.34782608695652495,-0.5602094240837696,0.8161764705882357,-0.4818181818181818,1,0,0,0
0.3125000000000011,0.13043478260867525,1.942408376963351,-1.1250000000000004,-0.5454545454545454,0,1,0,0
-0.6562500000000094,-0.913043478260875,-0.36649214659685864,-0.06617647058823521,-0.18181818181818182,0,1,0,0
-0.031250000000007216,-0.34782608695652495,-0.5026178010471204,0.27941176470588225,0.2818181818181818,0,0,1,0
0.6874999999999989,0.7391304347826001,-0.14659685863874344,0.5808823529411766,0.6636363636363637,0,0,1,0
0.8437499999999994,0.3043478260869501,0.06806282722513089,-0.04411764705882365,-0.7636363636363637,0,1,0,0
-0.3125000000000011,-0.782608695652175,0.2931937172774869,-0.47058823529411775,-0.7,0,1,0,0
-0.3437500000000083,-0.04347826086957489,-0.8691099476439791,1.2720588235294121,0.35454545454545455,0,0,1,0
0.12499999999999334,0.5652173913043252,-0.5916230366492147,0.8676470588235295,-0.35454545454545455,0,0,1,0
1.1249999999999933,0.9999999999999752,0.193717277486911,-0.19852941176470618,0.35454545454545455,0,0,1,0
0.8437499999999994,0.9565217391304252,-0.3717277486910995,0.6544117647058825,1.009090909090909,0,0,1,0
0.6874999999999989,0.0,0.31413612565445026,-0.1691176470588239,-0.6909090909090909,0,0,1,0
0.6562499999999917,0.39130434782607515,-0.3507853403141361,0.5073529411764707,0.7272727272727273,0,0,1,0
-0.6250000000000022,-0.4782608695652249,-0.031413612565445025,0.029411764705882262,-0.44545454545454544,0,1,0,0
-0.8750000000000067,-0.9565217391304498,0.39790575916230364,-0.41911764705882393,0.7818181818181819,0,1,0,0
0.7812500000000028,0.13043478260867525,0.7068062827225131,-0.286764705882353,-0.20909090909090908,0,1,0,0
0.6250000000000022,0.39130434782607515,-0.7277486910994765,0.7279411764705884,0.8909090909090909,0,1,0,0
0.2812499999999939,0.4782608695652002,-0.47643979057591623,0.14705882352941183,-0.39090909090909093,0,1,0,0
-1.0000000000000178,-1.1304347826087,0.2774869109947644,-0.6544117647058828,0.08181818181818182,0,0,1,0
-0.5937500000000128,-0.5217391304347998,-0.4973821989528796,-0.095588235294118,-0.7909090909090909,0,0,1,0
-0.9375000000000033,-0.782608695652175,-0.05759162303664921,0.10294117647058817,0.3090909090909091,1,0,0,0
0.6874999999999989,0.5652173913043252,0.3507853403141361,-0.21323529411764705,-0.8363636363636363,0,1,0,0
-0.37500000000001554,-0.08695652173914978,-0.015706806282722512,0.3014705882352943,0.07272727272727272,0,1,0,0
-0.5000000000000089,-0.3043478260869748,2.136125654450262,-1.36764705882353,0.5181818181818182,0,1,0,0
-0.37500000000001554,0.0,2.3089005235602094,-1.227941176470589,0.7727272727272727,0,1,0,0
0.12499999999999334,0.652173913043475,0.3769633507853403,-0.558823529411765,0.5545454545454546,0,1,0,0
0.5624999999999878,0.17391304347825012,-0.8534031413612565,1.1470588235294124,0.8818181818181818,0,1,0,1
-0.5625000000000056,-0.43478260869565005,-0.38219895287958117,0.058823529411764525,0.5,1,0,0,0
1.1562500000000007,1.04347826086955,1.2827225130890052,-1.1029411764705888,0.6181818181818182,1,0,0,0
-0.6875000000000167,-1.043478260869575,0.225130890052356,-0.18382352941176477,-0.3181818181818182,0,1,0,0
0.24999999999998668,0.2608695652173752,-0.18324607329842932,-0.286764705882353,0.9181818181818182,0,1,0,0
-0.406250000000005,-0.6956521739130499,-0.29842931937172773,-0.22794117647058842,-0.8727272727272727,0,1,0,0
0.24999999999998668,0.3043478260869501,-0.14136125654450263,-0.08088235294117661,-0.8818181818181818,0,1,0,0
0.9062499999999961,1.04347826086955,-0.2198952879581152,0.007352941176470696,0.18181818181818182,0,1,0,0
1.2187499999999971,1.30434782608695,-0.4973821989528796,-0.02205882352941209,0.22727272727272727,1,0,0,0
0.43749999999999445,0.43478260869565005,3.0,-1.5735294117647067,-0.03636363636363636,0,1,0,0
0.15625000000000056,0.652173913043475,-0.15706806282722513,-0.632352941176471,-0.34545454545454546,0,0,1,0
-0.9062500000000139,-0.652173913043475,-0.518324607329843,0.2647058823529414,0.4818181818181818,0,0,1,0
1.1562500000000007,1.1304347826086751,-0.7277486910994765,0.676470588235294,0.5454545454545454,0,0,1,0
-0.81250000000001,-0.6086956521739249,-0.2617801047120419,-0.18382352941176477,0.045454545454545456,0,1,0,0
1.0312499999999893,0.9565217391304252,0.193717277486911,-0.10294117647058817,-0.1,0,1,0,0
-1.218750000000015,-1.2608695652173998,-0.7696335078534031,0.2573529411764707,-0.7727272727272727,0,1,0,0
0.12499999999999334,-0.13043478260869995,-0.3036649214659686,0.27941176470588225,0.5181818181818182,0,1,0,0
-0.9375000000000033,-0.6956521739130499,0.27225130890052357,-0.286764705882353,-0.9727272727272728,0,1,0,0
-0.7812500000000028,-0.2608695652173999,0.6282722513089005,-0.5147058823529413,1.0636363636363637,1,0,0,0
0.15625000000000056,-0.13043478260869995,0.8167539267015707,-0.8235294117647064,0.18181818181818182,0,0,1,0
-1.093750000000004,-1.043478260869575,0.7905759162303665,-0.6691176470588239,-0.14545454545454545,1,0,0,0
0.21874999999999722,0.34782608695650025,0.09947643979057591,0.4485294117647062,-0.4636363636363636,0,0,1,0
-0.18750000000000777,-0.6086956521739249,-0.9528795811518325,0.8676470588235295,0.06363636363636363,0,0,1,0
1.0624999999999967,0.7391304347826001,-0.27225130890052357,0.3750000000000003,0.6,0,1,0,0
0.9687499999999928,0.5652173913043252,0.5602094240837696,-0.3382352941176473,-0.4,0,1,0,0
-0.6250000000000022,-0.5217391304347998,-0.7853403141361257,0.4485294117647062,0.6,0,0,1,0
-0.6875000000000167,-1.086956521739125,0.24607329842931938,-0.08088235294117661,-0.6545454545454545,0,1,0,0
0.34374999999999056,0.13043478260867525,-0.6335078534031413,0.11029411764705888,0.09090909090909091,0,0,1,0
0.40624999999998723,0.4782608695652002,0.19895287958115182,-0.2794117647058828,-0.7181818181818181,0,0,1,0
0.7812500000000028,0.6956521739130253,0.20418848167539266,-0.4411764705882355,0.2727272727272727,0,1,0,0
0.7812500000000028,0.39130434782607515,2.607329842931937,-1.4264705882352948,0.2727272727272727,0,1,0,0
0.24999999999998668,0.39130434782607515,0.2774869109947644,-0.095588235294118,0.18181818181818182,0,0,1,0
1.1249999999999933,1.086956521739125,-0.387434554973822,0.2352941176470586,0.7454545454545455,0,0,1,0
-0.9062500000000139,-0.9565217391304498,1.2774869109947644,-0.8161764705882357,0.7363636363636363,0,0,1,0
0.9062499999999961,0.9130434782608502,-1.287958115183246,2.2941176470588243,0.13636363636363635,0,0,1,1
-0.09375000000000389,-0.17391304347827483,-0.3769633507853403,0.01470588235294087,-0.05454545454545454,0,1,0,0
0.24999999999998668,0.21739130434782503,1.0785340314136125,-0.8014705882352946,0.4636363636363636,0,0,1,0
1.1249999999999933,1.2173913043478004,-0.225130890052356,0.7132352941176471,-0.9545454545454546,1,0,0,0
-0.81250000000001,-0.5217391304347998,-0.31413612565445026,0.25,-0.9727272727272728,0,1,0,0
0.06249999999999667,0.7391304347826001,0.02617801047120419,0.22058823529411775,-0.45454545454545453,0,1,0,0
-0.8750000000000067,-0.782608695652175,0.806282722513089,-0.6617647058823533,-0.9,0,0,1,0
-0.81250000000001,-0.782608695652175,0.21465968586387435,0.051470588235293824,-0.6363636363636364,0,1,0,0
-0.8750000000000067,-0.7391304347826249,-0.23036649214659685,-0.05147058823529435,-0.43636363636363634,0,1,0,0
-0.3125000000000011,-0.04347826086957489,-0.5706806282722513,0.4779411764705884,-0.7272727272727273,0,1,0,0
-0.1250000000000111,-0.21739130434782503,0.2617801047120419,0.06617647058823521,0.6545454545454545,1,0,0,0
0.34374999999999056,0.3043478260869501,1.0890052356020943,-0.8235294117647064,-0.6272727272727273,0,1,0,0
-1.1562500000000184,-1.217391304347825,-0.08376963350785341,-0.19117647058823548,-0.21818181818181817,0,1,0,0
0.34374999999999056,0.4782608695652002,0.2879581151832461,-0.4411764705882355,0.8818181818181818,0,1,0,0
0.8749999999999889,0.9999999999999752,0.3036649214659686,-0.3897058823529417,0.39090909090909093,0,1,0,0
-0.3125000000000011,-0.56521739130435,-0.387434554973822,0.7352941176470591,-0.20909090909090908,0,1,0,0
0.12499999999999334,0.652173913043475,-0.2931937172774869,0.3897058823529411,0.8818181818181818,0,1,0,0
0.6562499999999917,0.34782608695650025,-1.0523560209424083,0.9779411764705884,-0.44545454545454544,0,0,1,0
0.5312499999999983,0.34782608695650025,-0.28272251308900526,-0.2647058823529414,-0.6727272727272727,0,1,0,0
1.2812499999999938,1.4347826086956252,-0.24083769633507854,0.6838235294117648,-0.1,0,1,0,0
-0.1250000000000111,0.17391304347825012,0.47643979057591623,-0.345588235294118,0.24545454545454545,0,0,1,0
0.46875000000000167,0.21739130434782503,0.2617801047120419,-0.0882352941176473,-0.9727272727272728,0,0,1,0
-0.1250000000000111,-0.3043478260869748,0.7696335078534031,-0.757352941176471,-0.12727272727272726,0,1,0,0
-0.5000000000000089,-0.3043478260869748,0.09947643979057591,0.5367647058823529,-0.7909090909090909,0,0,1,0
0.4999999999999911,0.34782608695650025,-0.35602094240837695,0.5808823529411766,-0.37272727272727274,0,0,1,0
0.7499999999999956,0.17391304347825012,0.020942408376963352,-0.04411764705882365,0.36363636363636365,0,1,0,0
-0.1250000000000111,-0.21739130434782503,0.193717277486911,-0.41911764705882393,-0.14545454545454545,0,0,1,0
-0.46875000000000167,-0.17391304347827483,-0.2094240837696335,-0.07352941176470591,-0.37272727272727274,1,0,0,0
-0.09375000000000389,-0.17391304347827483,0.6335078534031413,-0.4338235294117648,-0.1,0,1,0,0
-0.3437500000000083,0.13043478260867525,-0.6910994764397905,1.0073529411764708,1.1,0,1,0,1
1.18749999999999,1.3913043478260751,0.020942408376963352,-0.4264705882352946,0.4909090909090909,0,0,1,0
1.093750000000004,0.9565217391304252,1.0209424083769634,-0.6470588235294121,-0.06363636363636363,0,0,1,0
0.43749999999999445,0.43478260869565005,0.020942408376963352,-0.11029411764705888,0.38181818181818183,0,0,1,0
-0.8750000000000067,-0.652173913043475,-0.7591623036649214,0.5514705882352944,0.02727272727272727,0,1,0,0
0.031249999999989453,0.652173913043475,1.382198952879581,-1.0073529411764712,-0.7909090909090909,0,1,0,0
-0.7500000000000133,-0.56521739130435,2.0575916230366493,-1.1470588235294124,0.7181818181818181,0,1,0,0
-0.8437500000000172,-0.43478260869565005,-0.643979057591623,0.07352941176470591,0.4090909090909091,0,1,0,0
-0.4375000000000122,-0.04347826086957489,0.27225130890052357,-0.5514705882352944,0.8181818181818182,0,1,0,0
-0.406250000000005,0.0,-0.11518324607329843,0.5367647058823529,0.7272727272727273,0,1,0,0
0.6874999999999989,0.6086956521739002,1.5235602094240839,-1.0294117647058827,-0.9090909090909091,0,1,0,0
-0.406250000000005,-0.6086956521739249,-0.02617801047120419,-0.04411764705882365,-0.16363636363636364,0,0,1,0
-0.28125000000001166,0.08695652173912506,-0.3298429319371728,0.5073529411764707,-0.7818181818181819,0,1,0,0
0.8437499999999994,0.9565217391304252,1.3664921465968587,-0.7500000000000006,0.5,0,1,0,0
-0.406250000000005,-0.3043478260869748,-0.6073298429319371,1.0294117647058827,0.5818181818181818,0,1,0,0
-0.37500000000001554,0.08695652173912506,0.2513089005235602,-0.3602941176470589,-0.5181818181818182,0,0,1,0
0.7187499999999883,0.7391304347826001,0.7591623036649214,-0.7426470588235299,0.13636363636363635,0,1,0,0
1.0,0.6956521739130253,0.18848167539267016,-0.11764705882352956,1.0363636363636364,0,1,0,0
-0.15625000000000056,0.0,2.900523560209424,-1.4485294117647067,-0.42727272727272725,0,1,0,0
0.24999999999998668,0.3043478260869501,1.1832460732984293,-0.7279411764705886,-0.4909090909090909,0,1,0,0
0.4999999999999911,0.34782608695650025,0.5497382198952879,-0.5220588235294121,0.4818181818181818,0,1,0,0
-0.46875000000000167,-0.21739130434782503,0.31413612565445026,-0.3750000000000003,-0.7818181818181819,0,1,0,0
-0.6250000000000022,-1.1304347826087,-0.05235602094240838,0.2647058823529414,0.41818181818181815,0,1,0,0
-0.37500000000001554,-0.652173913043475,0.07329842931937172,-0.02205882352941209,0.06363636363636363,0,0,1,0
-0.8750000000000067,-0.9565217391304498,1.5392670157068062,-1.1323529411764712,-0.2909090909090909,0,1,0,0
-0.6875000000000167,-0.17391304347827483,3.6178010471204187,-1.7132352941176479,-0.7272727272727273,0,1,0,0
0.15625000000000056,-0.17391304347827483,0.5968586387434555,-0.5073529411764707,0.7090909090909091,0,1,0,0
0.2812499999999939,0.652173913043475,0.5549738219895288,-0.3161764705882357,0.44545454545454544,0,0,1,0
0.09374999999998612,0.13043478260867525,0.21465968586387435,-0.2794117647058828,-0.7818181818181819,0,0,1,0
-0.5000000000000089,-0.6086956521739249,0.8324607329842932,-0.8676470588235299,-0.8363636363636363,0,0,1,0
0.09374999999998612,-0.17391304347827483,0.9895287958115183,-0.9338235294117653,0.07272727272727272,0,1,0,0
0.7812500000000028,0.7826086956521503,0.680628272251309,-0.6764705882352946,-0.16363636363636364,0,1,0,0
-0.8437500000000172,-0.652173913043475,-0.93717277486911,1.3970588235294124,0.1,0,1,0,0
0.6562499999999917,0.6086956521739002,0.2094240837696335,-0.11764705882352956,-0.6363636363636364,0,1,0,0
1.0624999999999967,0.9130434782608502,1.649214659685864,-1.2132352941176476,0.01818181818181818,0,0,1,0
0.21874999999999722,0.7826086956521503,0.6178010471204188,-0.8676470588235299,0.9454545454545454,0,0,1,0
0.40624999999998723,0.21739130434782503,-0.3036649214659686,0.27941176470588225,0.9363636363636364,0,1,0,0
0.8437499999999994,0.9999999999999752,0.45549738219895286,-0.41911764705882393,-0.39090909090909093,0,1,0,0
-0.9375000000000033,-0.652173913043475,-0.3193717277486911,-0.22058823529411775,-0.43636363636363634,0,1,0,0
-0.3437500000000083,0.08695652173912506,1.9109947643979057,-1.1838235294117654,1.0363636363636364,0,1,0,0
1.18749999999999,1.30434782608695,-0.4083769633507853,0.676470588235294,0.8363636363636363,0,1,0,0
0.8749999999999889,1.086956521739125,-0.9162303664921466,1.4558823529411768,-0.7545454545454545,0,1,0,0
0.3125000000000011,0.5652173913043252,0.14659685863874344,-0.10294117647058817,-0.4727272727272727,0,1,0,0
1.093750000000004,1.1304347826086751,0.7015706806282722,-0.5294117647058828,-0.8,0,1,0,0
0.06249999999999667,-0.21739130434782503,0.5078534031413613,-0.4044117647058825,0.6363636363636364,0,1,0,0
0.031249999999989453,0.08695652173912506,-0.2879581151832461,0.0,0.9272727272727272,0,0,1,0
-0.15625000000000056,0.04347826086955017,1.256544502617801,-1.1250000000000004,-0.07272727272727272,0,1,0,0
1.2812499999999938,1.6086956521739002,-0.5340314136125655,1.0147058823529413,0.3181818181818182,0,1,0,0
-0.81250000000001,-0.7391304347826249,0.9528795811518325,-0.882352941176471,-0.8363636363636363,0,0,1,0
0.21874999999999722,0.0,-0.5130890052356021,1.5514705882352948,0.7454545454545455,0,1,0,1
-0.37500000000001554,-0.04347826086957489,0.9947643979057592,-0.8308823529411768,-0.4636363636363636,0,1,0,0
-0.37500000000001554,0.04347826086955017,1.0628272251308901,-0.9191176470588239,-0.03636363636363636,0,1,0,0
-0.5000000000000089,-0.6086956521739249,0.3769633507853403,-0.45588235294117685,0.19090909090909092,0,1,0,0
0.2812499999999939,0.08695652173912506,0.5968586387434555,-0.4117647058823532,0.17272727272727273,0,1,0,0
0.3749999999999978,0.08695652173912506,-0.225130890052356,0.10294117647058817,0.8181818181818182,0,1,0,0
-0.81250000000001,-0.56521739130435,-1.0157068062827226,1.2647058823529413,-0.9727272727272728,0,1,0,0
0.2812499999999939,0.652173913043475,-0.7905759162303665,1.7205882352941182,0.32727272727272727,0,1,0,0
0.6562499999999917,0.34782608695650025,-0.07853403141361257,0.3014705882352943,-0.45454545454545453,0,0,1,0
0.6250000000000022,0.34782608695650025,0.8115183246073299,-0.720588235294118,0.7181818181818181,0,1,0,0
-0.406250000000005,-0.04347826086957489,0.17801047120418848,-0.014705882352941391,0.7545454545454545,0,1,0,0
0.0,0.6086956521739002,-0.8848167539267016,1.0220588235294121,-0.7363636363636363,0,1,0,0
0.0,-0.21739130434782503,-0.010471204188481676,-0.15441176470588253,0.45454545454545453,0,0,1,0
0.12499999999999334,-0.3043478260869748,0.7277486910994765,-0.286764705882353,-0.03636363636363636,1,0,0,0
-1.3437500000000084,-1.652173913043475,-1.4031413612565444,2.6544117647058836,-0.16363636363636364,0,0,1,1
0.7499999999999956,0.6086956521739002,0.5235602094240838,-0.5661764705882357,0.7909090909090909,0,1,0,0
-1.5000000000000089,-1.913043478260875,-0.14659685863874344,0.8014705882352944,0.7272727272727273,0,1,0,0
0.4999999999999911,0.4782608695652002,-0.44502617801047123,-0.15441176470588253,0.5363636363636364,0,1,0,0
-0.81250000000001,-0.3043478260869748,1.7172774869109948,-0.9926470588235299,-0.01818181818181818,0,0,1,0
-0.5000000000000089,-0.782608695652175,-0.3298429319371728,0.2573529411764707,-0.9272727272727272,0,0,1,0
0.40624999999998723,0.3043478260869501,-1.1413612565445026,1.6544117647058831,0.6909090909090909,0,1,0,1
0.6562499999999917,0.652173913043475,-0.612565445026178,0.7647058823529413,-0.34545454545454546,0,0,1,0
0.15625000000000056,0.6956521739130253,0.13089005235602094,0.27941176470588225,0.7090909090909091,0,1,0,0
-0.7500000000000133,-0.34782608695652495,-0.5392670157068062,0.6470588235294118,0.36363636363636365,1,0,0,0
-1.3750000000000155,-1.7391304347826002,-0.4973821989528796,0.573529411764706,0.09090909090909091,0,1,0,0
-1.3125000000000189,-1.5217391304347752,0.1518324607329843,-0.11029411764705888,-0.02727272727272727,0,0,1,0
-0.9062500000000139,-0.8695652173913001,1.094240837696335,-0.6764705882352946,0.8818181818181818,0,1,0,0
-0.218750000000015,0.17391304347825012,0.05759162303664921,-0.29411764705882365,0.5636363636363636,0,1,0,0
0.3125000000000011,0.4782608695652002,1.418848167539267,-0.7720588235294121,0.7181818181818181,0,1,0,0
-0.5937500000000128,-0.5217391304347998,-1.1780104712041886,1.0220588235294121,-0.8090909090909091,0,1,0,0
0.43749999999999445,0.3043478260869501,-0.6335078534031413,0.9044117647058825,0.5272727272727272,0,1,0,0
-0.28125000000001166,0.21739130434782503,-0.31413612565445026,0.7941176470588237,-0.2,0,0,1,0
-1.0000000000000178,-0.8695652173913001,0.27225130890052357,-0.47058823529411775,1.1090909090909091,0,1,0,0
0.9687499999999928,0.521739130434775,-0.5759162303664922,0.9411764705882355,-0.8636363636363636,0,1,0,0
1.0,0.5652173913043252,0.6649214659685864,-0.558823529411765,-0.9545454545454546,0,1,0,0
-0.8750000000000067,-0.6086956521739249,-0.13089005235602094,0.5514705882352944,-0.08181818181818182,1,0,0,0
-1.0312500000000073,-0.913043478260875,0.900523560209424,-0.7647058823529417,-0.5545454545454546,0,1,0,0
-0.46875000000000167,-0.21739130434782503,-0.612565445026178,0.6250000000000002,-0.7454545454545455,0,1,0,0
0.7812500000000028,0.8695652173913001,0.8638743455497382,-0.8382352941176475,0.6636363636363637,0,1,0,0
0.0,-0.39130434782609985,-0.24083769633507854,0.3088235294117645,-0.08181818181818182,0,0,1,0
0.9375000000000033,0.4782608695652002,0.9214659685863874,-0.3897058823529417,-0.7454545454545455,0,1,0,0
-0.8750000000000067,-0.6086956521739249,0.4397905759162304,-0.3161764705882357,0.37272727272727274,0,1,0,0
1.1562500000000007,1.30434782608695,-0.2356020942408377,0.15441176470588253,-0.7454545454545455,0,1,0,0
0.43749999999999445,0.21739130434782503,4.863874345549738,-1.9044117647058834,0.17272727272727273,0,0,1,0
0.7187499999999883,0.7391304347826001,-0.45549738219895286,0.4411764705882355,0.8636363636363636,0,1,0,0
0.7812500000000028,0.8695652173913001,-1.12565445026178,2.0882352941176476,-0.9727272727272728,0,1,0,1
1.1249999999999933,0.8260869565217251,-0.5287958115183246,0.6250000000000002,-0.2818181818181818,0,0,1,0
0.21874999999999722,-0.17391304347827483,-0.1099476439790576,-0.08088235294117661,0.5818181818181818,0,0,1,0
0.0,-0.21739130434782503,0.7643979057591623,-0.4779411764705884,0.5545454545454546,0,1,0,0
-0.7500000000000133,-0.6956521739130499,-0.2617801047120419,0.39705882352941185,-0.19090909090909092,0,1,0,0
0.5624999999999878,0.34782608695650025,-0.10471204188481675,-0.22794117647058842,-0.6545454545454545,0,0,1,0
0.18749999999999,-0.21739130434782503,0.17277486910994763,-0.21323529411764705,-0.8,0,0,1,0
-0.218750000000015,-0.6086956521739249,0.005235602094240838,-0.1691176470588239,0.045454545454545456,0,1,0,0
1.3437499999999905,1.5217391304347752,0.03664921465968586,-0.0882352941176473,0.8363636363636363,0,0,1,0
-0.46875000000000167,-0.08695652173914978,0.8638743455497382,-0.5735294117647064,-0.9181818181818182,0,0,1,0
-0.81250000000001,-0.652173913043475,-0.643979057591623,0.9852941176470591,0.7727272727272727,0,1,0,0
0.2812499999999939,0.43478260869565005,-1.3979057591623036,1.786764705882354,0.6363636363636364,0,1,0,1
0.46875000000000167,0.21739130434782503,1.6649214659685865,-1.0220588235294124,0.5818181818181818,1,0,0,0
0.9062499999999961,0.4782608695652002,-0.24607329842931938,0.286764705882353,0.3181818181818182,0,1,0,0
0.15625000000000056,0.21739130434782503,2.2408376963350785,-1.330882352941177,-0.7545454545454545,0,1,0,0
-0.5000000000000089,-0.5217391304347998,1.162303664921466,-0.6029411764705886,0.8909090909090909,0,1,0,0
0.21874999999999722,0.9999999999999752,-0.19895287958115182,0.2647058823529414,0.2909090909090909,0,0,1,0
0.18749999999999,0.2608695652173752,0.19895287958115182,0.08823529411764679,-0.22727272727272727,0,1,0,0
-0.218750000000015,-0.4782608695652249,-0.4607329842931937,0.8529411764705886,-0.4090909090909091,1,0,0,0
0.18749999999999,0.521739130434775,0.3089005235602094,-0.22058823529411775,-0.44545454545454544,0,0,1,0
-0.3437500000000083,0.08695652173912506,-0.2931937172774869,-0.014705882352941391,-0.2636363636363636,0,0,1,0
0.46875000000000167,0.34782608695650025,-0.6178010471204188,0.8161764705882357,0.22727272727272727,0,1,0,0
-0.5312500000000161,-0.782608695652175,-0.2670157068062827,0.6176470588235295,-0.3090909090909091,0,1,0,0
-0.7187500000000061,-0.7391304347826249,1.1047120418848169,-0.5073529411764707,0.6363636363636364,0,1,0,0
-0.7812500000000028,-0.652173913043475,-0.06282722513089005,-0.14705882352941183,0.4090909090909091,0,1,0,0
-0.9062500000000139,-0.6956521739130499,-0.2931937172774869,0.573529411764706,0.7363636363636363,0,1,0,0
0.3749999999999978,0.13043478260867525,-0.010471204188481676,-0.02205882352941209,0.7272727272727273,0,0,1,0
-0.81250000000001,-0.56521739130435,-0.7486910994764397,0.7794117647058828,0.7545454545454545,0,1,0,0
0.15625000000000056,-0.04347826086957489,0.6910994764397905,-0.6691176470588239,0.0,0,1,0,0
0.15625000000000056,-0.13043478260869995,0.19895287958115182,-0.286764705882353,0.5363636363636364,1,0,0,0
0.7187499999999883,0.39130434782607515,-0.06806282722513089,-0.22058823529411775,0.5545454545454546,0,0,1,0
0.24999999999998668,0.8260869565217251,-0.5287958115183246,0.7794117647058828,0.7090909090909091,0,0,1,0
-0.5937500000000128,-0.652173913043475,-0.36649214659685864,-0.04411764705882365,-0.9090909090909091,0,1,0,0
-0.09375000000000389,-0.13043478260869995,-0.39790575916230364,0.3750000000000003,-0.00909090909090909,0,0,1,0
0.24999999999998668,0.2608695652173752,0.031413612565445025,-0.19117647058823548,-0.8636363636363636,0,1,0,0
-0.46875000000000167,-0.34782608695652495,0.03664921465968586,0.051470588235293824,0.6363636363636364,0,0,1,0
0.18749999999999,0.04347826086955017,-0.05235602094240838,-0.30882352941176505,-0.8818181818181818,0,1,0,0
1.1249999999999933,1.04347826086955,0.7225130890052356,-0.3014705882352943,0.16363636363636364,0,1,0,0
0.6250000000000022,0.21739130434782503,-0.6178010471204188,0.9926470588235299,-0.9272727272727272,0,1,0,0
0.24999999999998668,0.5652173913043252,-0.3612565445026178,0.3897058823529411,0.1,0,0,1,0
0.8124999999999922,0.8695652173913001,0.2094240837696335,-0.19117647058823548,-0.6727272727272727,0,1,0,0
0.43749999999999445,0.21739130434782503,0.11518324607329843,0.13235294117647042,0.8818181818181818,0,1,0,0
0.09374999999998612,0.04347826086955017,-0.643979057591623,0.5294117647058822,-0.9272727272727272,0,0,1,0
0.21874999999999722,0.3043478260869501,1.2460732984293195,-0.9558823529411768,-0.6181818181818182,0,1,0,0
0.5312499999999983,0.3043478260869501,0.02617801047120419,-0.095588235294118,-0.1,0,0,1,0
1.18749999999999,1.30434782608695,-0.3298429319371728,0.07352941176470591,-0.8636363636363636,0,1,0,0
1.2187499999999971,1.2608695652173751,-0.25654450261780104,0.4926470588235293,-0.7,0,0,1,0
0.18749999999999,0.39130434782607515,-0.5235602094240838,0.6029411764705882,-0.33636363636363636,0,1,0,0
0.18749999999999,0.39130434782607515,-0.4712041884816754,0.3088235294117645,-0.3181818181818182,0,0,1,0
0.031249999999989453,-0.13043478260869995,-0.38219895287958117,1.095588235294118,-0.045454545454545456,0,1,0,0
0.43749999999999445,0.2608695652173752,0.4869109947643979,-0.345588235294118,0.39090909090909093,0,1,0,0
0.6874999999999989,0.3043478260869501,1.356020942408377,-0.9044117647058828,0.18181818181818182,0,0,1,0
0.06249999999999667,0.43478260869565005,0.5392670157068062,-0.6764705882352946,0.44545454545454544,0,1,0,0
0.34374999999999056,0.13043478260867525,0.06806282722513089,0.3161764705882352,-0.4909090909090909,0,1,0,0
-0.6875000000000167,-0.8695652173913001,0.14659685863874344,0.051470588235293824,-0.9545454545454546,0,1,0,0
-0.46875000000000167,-0.3043478260869748,-0.225130890052356,0.2720588235294116,0.2818181818181818,0,0,1,0
0.12499999999999334,-0.21739130434782503,-0.7172774869109948,0.7426470588235299,1.018181818181818,0,1,0,0
-0.9687500000000105,-1.043478260869575,-0.9842931937172775,1.4705882352941182,0.19090909090909092,0,1,0,0
1.0624999999999967,0.8260869565217251,-0.3507853403141361,0.36764705882352955,-0.6818181818181818,0,1,0,0
0.15625000000000056,-0.04347826086957489,0.010471204188481676,-0.30882352941176505,-0.10909090909090909,0,1,0,0
-0.81250000000001,-0.34782608695652495,1.198952879581152,-0.7500000000000006,-0.6818181818181818,0,1,0,0
0.18749999999999,0.39130434782607515,-0.4712041884816754,0.8750000000000002,-0.14545454545454545,0,1,0,0
-1.0000000000000178,-0.9565217391304498,-0.7539267015706806,1.2058823529411768,0.02727272727272727,0,1,0,0
0.18749999999999,0.4782608695652002,-0.5445026178010471,0.573529411764706,-0.24545454545454545,0,1,0,0
-0.3437500000000083,-0.7391304347826249,0.35602094240837695,-0.11029411764705888,-0.9272727272727272,0,1,0,0
0.6250000000000022,0.5652173913043252,-0.18848167539267016,0.2426470588235293,-0.6727272727272727,0,0,1,0
0.18749999999999,0.6086956521739002,-0.32460732984293195,0.036764705882352956,-0.6727272727272727,0,0,1,0
0.7812500000000028,0.39130434782607515,-0.9109947643979057,0.6250000000000002,0.03636363636363636,0,0,1,1
-0.8750000000000067,-0.652173913043475,-0.16753926701570682,0.7794117647058828,0.45454545454545453,0,0,1,0
0.06249999999999667,-0.34782608695652495,-0.5863874345549738,1.308823529411765,0.8818181818181818,0,0,1,0
0.7812500000000028,0.6086956521739002,-0.39790575916230364,-0.0882352941176473,0.9636363636363636,0,1,0,0
-0.3125000000000011,-0.04347826086957489,0.4031413612565445,-0.3014705882352943,0.8,0,0,1,0
-0.3437500000000083,0.04347826086955017,0.3769633507853403,-0.1691176470588239,-0.5909090909090909,0,1,0,0
0.8124999999999922,0.43478260869565005,-0.44502617801047123,0.2426470588235293,0.20909090909090908,1,0,0,0
0.9375000000000033,0.521739130434775,-0.1518324607329843,-0.3897058823529417,0.9818181818181818,0,1,0,0
0.18749999999999,0.39130434782607515,-0.6544502617801047,0.845588235294118,0.20909090909090908,0,0,1,0
1.2500000000000044,1.4347826086956252,-0.675392670157068,1.2132352941176476,0.07272727272727272,0,1,0,0
-0.406250000000005,-0.4782608695652249,0.8272251308900523,-0.7794117647058828,0.5,0,0,1,0
0.21874999999999722,0.5652173913043252,-0.9476439790575916,1.9926470588235303,-0.8090909090909091,0,1,0,1
-0.7812500000000028,-0.5217391304347998,-0.36649214659685864,0.22794117647058842,0.9,0,0,1,0
-0.3437500000000083,-0.652173913043475,0.8272251308900523,-0.5808823529411766,-0.00909090909090909,0,1,0,0
0.09374999999998612,0.652173913043475,-0.5340314136125655,0.7205882352941178,-0.2545454545454545,0,0,1,0
-0.5937500000000128,-0.3043478260869748,-0.4973821989528796,0.47058823529411775,-0.2818181818181818,0,0,1,0
-0.06250000000001443,-0.21739130434782503,-0.7277486910994765,0.3161764705882352,-0.7909090909090909,0,0,1,0
-0.1250000000000111,-0.4782608695652249,0.5340314136125655,-0.5220588235294121,0.4,0,1,0,0
-0.1250000000000111,-0.21739130434782503,0.16230366492146597,-0.07352941176470591,0.6272727272727273,0,0,1,0
0.24999999999998668,0.8260869565217251,3.277486910994764,-1.639705882352942,0.6,1,0,0,0
0.9375000000000033,0.43478260869565005,1.837696335078534,-1.2867647058823535,-0.8,0,1,0,0
0.15625000000000056,-0.13043478260869995,0.9685863874345549,-0.845588235294118,0.2545454545454545,0,1,0,0
-0.37500000000001554,-0.6086956521739249,1.4083769633507854,-0.8602941176470594,0.6363636363636364,0,0,1,0
0.34374999999999056,0.6956521739130253,-0.36649214659685864,0.676470588235294,0.9,0,1,0,0
-0.3437500000000083,0.04347826086955017,0.6387434554973822,-0.6102941176470591,-0.16363636363636364,0,0,1,0
0.6250000000000022,0.3043478260869501,1.4816753926701571,-1.0588235294117654,-0.5454545454545454,0,1,0,0
-0.1250000000000111,-0.43478260869565005,1.8219895287958114,-1.1323529411764712,0.7454545454545455,0,0,1,0
-0.37500000000001554,-0.782608695652175,0.8219895287958116,-0.41911764705882393,-0.8909090909090909,0,1,0,0
-0.37500000000001554,-0.08695652173914978,-0.6649214659685864,0.8014705882352944,-0.6818181818181818,1,0,0,0
-0.5000000000000089,-0.56521739130435,0.450261780104712,-0.6985294117647062,-0.8727272727272727,0,1,0,0
0.6250000000000022,0.17391304347825012,0.2931937172774869,-0.3014705882352943,0.15454545454545454,0,1,0,0
-0.4375000000000122,0.0,1.4816753926701571,-0.9117647058823535,0.06363636363636363,0,1,0,0
1.0312499999999893,0.6956521739130253,2.554973821989529,-1.5514705882352948,-0.4909090909090909,1,0,0,0
-0.5937500000000128,-0.56521739130435,0.5916230366492147,-0.47058823529411775,-0.8272727272727273,0,1,0,0
0.46875000000000167,0.4782608695652002,0.11518324607329843,0.2647058823529414,-0.14545454545454545,0,1,0,0
0.6562499999999917,0.6956521739130253,-0.9057591623036649,1.0661764705882357,0.42727272727272725,0,1,0,0
-0.5625000000000056,-0.6086956521739249,0.8586387434554974,-0.845588235294118,-0.8090909090909091,0,0,1,0
1.0312499999999893,0.9565217391304252,-0.1256544502617801,0.19852941176470565,-0.13636363636363635,0,1,0,0
-0.3437500000000083,-0.3043478260869748,1.3350785340314135,-1.0588235294117654,-0.35454545454545455,0,1,0,0
0.12499999999999334,0.4782608695652002,-1.219895287958115,2.014705882352942,0.9181818181818182,0,1,0,1
-0.5000000000000089,-0.43478260869565005,-0.1518324607329843,0.08823529411764679,0.7454545454545455,0,1,0,0
0.5312499999999983,0.521739130434775,0.6335078534031413,-0.6250000000000002,0.34545454545454546,0,0,1,0
0.21874999999999722,0.5652173913043252,-0.2617801047120419,0.3308823529411766,-0.6272727272727273,1,0,0,0
0.18749999999999,-0.2608695652173999,0.46596858638743455,-0.8161764705882357,-0.8181818181818182,0,1,0,0
0.18749999999999,-0.21739130434782503,-0.015706806282722512,0.29411764705882365,0.13636363636363635,0,1,0,0
0.8124999999999922,0.17391304347825012,-0.29842931937172773,0.058823529411764525,0.9454545454545454,0,1,0,1
0.3749999999999978,0.43478260869565005,-0.05759162303664921,0.08088235294117661,1.0545454545454545,0,0,1,0
-0.5312500000000161,-0.39130434782609985,0.774869109947644,-0.8529411764705886,0.3090909090909091,0,1,0,0
0.15625000000000056,0.43478260869565005,-0.2670157068062827,0.007352941176470696,-0.7181818181818181,1,0,0,0
1.312500000000001,1.5217391304347752,-0.49214659685863876,1.1691176470588238,-0.8,0,1,0,0
0.031249999999989453,-0.17391304347827483,0.8010471204188482,-0.4264705882352946,0.11818181818181818,0,1,0,0
-0.06250000000001443,0.5652173913043252,-0.12041884816753927,0.35294117647058815,0.00909090909090909,0,0,1,0
-0.06250000000001443,-0.08695652173914978,0.7120418848167539,0.14705882352941183,0.4727272727272727,0,0,1,0
0.3749999999999978,0.08695652173912506,0.643979057591623,-0.6470588235294121,0.6636363636363637,0,1,0,0
1.0624999999999967,0.9999999999999752,-0.5916230366492147,0.5294117647058822,0.5181818181818182,0,1,0,0
0.15625000000000056,0.13043478260867525,-0.29842931937172773,0.7058823529411768,0.43636363636363634,0,1,0,0
-0.46875000000000167,0.04347826086955017,0.8638743455497382,-0.632352941176471,-0.9090909090909091,0,0,1,0
-0.4375000000000122,-0.17391304347827483,1.9109947643979057,-1.1985294117647065,0.1,0,0,1,0
0.0,0.6086956521739002,-0.42408376963350786,0.4485294117647062,0.24545454545454545,1,0,0,0
-0.46875000000000167,-0.21739130434782503,-0.06282722513089005,-0.23529411764705913,0.7727272727272727,0,1,0,0
0.09374999999998612,-0.3043478260869748,1.9476439790575917,-1.191176470588236,0.43636363636363634,0,0,1,0
-1.3437500000000084,-1.56521739130435,0.05759162303664921,-0.17647058823529407,-0.42727272727272725,0,0,1,0
1.1249999999999933,1.17391304347825,-0.07853403141361257,0.19852941176470565,-0.4818181818181818,1,0,0,0
-0.3437500000000083,-0.6086956521739249,-0.28272251308900526,-0.0882352941176473,-0.8090909090909091,0,1,0,0
-0.37500000000001554,-0.04347826086957489,3.81151832460733,-1.6691176470588245,0.4,0,1,0,0
-0.406250000000005,-0.17391304347827483,-0.13612565445026178,0.6176470588235295,0.2818181818181818,0,0,1,0
0.3749999999999978,0.39130434782607515,-0.8115183246073299,0.3235294117647059,-0.2636363636363636,0,1,0,0
1.093750000000004,1.17391304347825,1.0837696335078535,-0.9485294117647064,-0.8454545454545455,0,1,0,0
0.0,-0.17391304347827483,0.7225130890052356,-0.7132352941176475,-0.6,0,1,0,0
0.6562499999999917,0.5652173913043252,-0.5549738219895288,0.9485294117647062,-0.8181818181818182,0,1,0,0
-0.3437500000000083,0.0,0.14659685863874344,-0.3014705882352943,-0.45454545454545453,0,1,0,0
-0.18750000000000777,-0.43478260869565005,-0.005235602094240838,0.3308823529411766,-0.8545454545454545,0,1,0,0
1.1249999999999933,1.2173913043478004,-0.2198952879581152,0.7352941176470591,-0.6909090909090909,0,1,0,0
0.09374999999998612,-0.17391304347827483,-0.18848167539267016,-0.23529411764705913,0.21818181818181817,0,1,0,0
-0.7812500000000028,-0.2608695652173999,0.3717277486910995,-0.6764705882352946,0.4,0,1,0,0
-0.3125000000000011,0.0,2.0471204188481678,-1.1691176470588243,-0.7727272727272727,0,1,0,0
0.15625000000000056,0.04347826086955017,-0.07329842931937172,0.5661764705882352,-0.7818181818181819,0,1,0,0
-0.5937500000000128,-0.7391304347826249,-0.2670157068062827,0.25,0.4636363636363636,0,1,0,0
0.9062499999999961,1.04347826086955,0.1099476439790576,0.14705882352941183,-0.2818181818181818,0,0,1,0
-0.7812500000000028,-0.6086956521739249,-0.4397905759162304,0.11764705882352956,-0.23636363636363636,0,0,1,0
-0.8437500000000172,-0.6086956521739249,-0.36649214659685864,0.2426470588235293,0.08181818181818182,0,1,0,0
-0.5625000000000056,-0.913043478260875,-0.7329842931937173,0.7352941176470591,-0.1,0,1,0,0
0.4999999999999911,-0.13043478260869995,-0.5497382198952879,0.4338235294117648,0.01818181818181818,0,1,0,0
0.12499999999999334,-0.34782608695652495,1.9790575916230366,-1.0735294117647065,-0.08181818181818182,0,0,1,0
0.21874999999999722,0.7826086956521503,-0.08900523560209424,0.36764705882352955,-0.7,0,1,0,0
0.6874999999999989,0.652173913043475,-1.0157068062827226,1.2867647058823535,-0.2727272727272727,0,1,0,0
1.0624999999999967,0.9999999999999752,0.5392670157068062,-0.6176470588235299,-0.7727272727272727,0,0,1,0
0.18749999999999,0.04347826086955017,1.5916230366492146,-1.1691176470588243,-0.2727272727272727,0,1,0,0
0.9687499999999928,0.5652173913043252,3.136125654450262,-1.5514705882352948,-0.9272727272727272,0,0,1,0
0.8124999999999922,0.17391304347825012,1.162303664921466,-0.8161764705882357,0.9272727272727272,0,1,0,0
-0.8750000000000067,-0.6956521739130499,0.6387434554973822,-0.5367647058823535,-0.13636363636363635,0,0,1,0
0.7499999999999956,0.13043478260867525,0.5340314136125655,-0.3014705882352943,-0.34545454545454546,0,0,1,0
0.24999999999998668,0.3043478260869501,-0.06806282722513089,-0.14705882352941183,0.16363636363636364,0,1,0,0
-0.9375000000000033,-1.0,0.9319371727748691,-0.9191176470588239,0.6727272727272727,0,1,0,0
-0.5625000000000056,-0.4782608695652249,-0.16753926701570682,0.6029411764705882,-0.14545454545454545,0,1,0,0
-0.406250000000005,-0.17391304347827483,-0.581151832460733,0.632352941176471,0.23636363636363636,0,0,1,0
-0.7812500000000028,-0.21739130434782503,0.14136125654450263,-0.20588235294117688,-0.8818181818181818,0,0,1,0
0.2812499999999939,0.34782608695650025,0.2670157068062827,-0.5441176470588237,-0.43636363636363634,0,0,1,0
-1.406250000000005,-1.782608695652175,2.3350785340314135,-1.3382352941176479,-0.9272727272727272,0,1,0,0
0.6874999999999989,0.5652173913043252,0.16753926701570682,0.12499999999999974,-0.2727272727272727,0,1,0,0
-0.81250000000001,-0.8260869565217499,0.6335078534031413,-0.6764705882352946,0.7181818181818181,0,0,1,0
-0.7812500000000028,-0.17391304347827483,0.19895287958115182,-0.47058823529411775,0.5272727272727272,0,0,1,0
-0.031250000000007216,0.0,-0.9895287958115183,0.9852941176470591,0.8363636363636363,0,0,1,0
-0.1250000000000111,0.21739130434782503,0.5916230366492147,-0.36764705882352955,0.3181818181818182,0,1,0,0
0.5624999999999878,0.3043478260869501,0.7696335078534031,-0.757352941176471,-0.11818181818181818,0,1,0,0
-0.28125000000001166,0.04347826086955017,-0.2356020942408377,0.5073529411764707,0.6909090909090909,0,1,0,0
-0.5937500000000128,-0.913043478260875,-0.4816753926701571,0.5220588235294121,0.5545454545454546,0,0,1,0
0.031249999999989453,0.6086956521739002,0.23036649214659685,0.058823529411764525,-0.37272727272727274,0,0,1,0
-0.7500000000000133,-0.6086956521739249,0.9685863874345549,-0.9485294117647064,0.16363636363636364,0,1,0,0
0.09374999999998612,-0.08695652173914978,0.9319371727748691,-0.845588235294118,0.9,0,1,0,0
0.6874999999999989,0.43478260869565005,0.450261780104712,-0.7500000000000006,0.3090909090909091,0,1,0,0
0.031249999999989453,0.0,0.6073298429319371,-0.6470588235294121,-0.6272727272727273,0,0,1,0
-0.25000000000000444,-0.652173913043475,0.5340314136125655,-0.22794117647058842,-0.2636363636363636,0,1,0,0
0.5312499999999983,0.2608695652173752,-0.6282722513089005,0.4117647058823532,-0.5727272727272728,0,0,1,0
0.9375000000000033,0.9999999999999752,-0.518324607329843,1.5735294117647065,0.18181818181818182,0,1,0,1
0.12499999999999334,0.7391304347826001,0.4869109947643979,-0.3897058823529417,-0.18181818181818182,0,1,0,0
-0.09375000000000389,0.4782608695652002,0.15706806282722513,-0.30882352941176505,0.2727272727272727,0,1,0,0
0.43749999999999445,0.21739130434782503,-0.05759162303664921,0.21323529411764705,-0.06363636363636363,0,0,1,0
-0.28125000000001166,-0.782608695652175,1.3193717277486912,-1.0073529411764712,-0.8,0,0,1,0
-0.218750000000015,-0.5217391304347998,0.24607329842931938,-0.47058823529411775,0.6090909090909091,0,1,0,0
-0.218750000000015,-0.39130434782609985,-0.36649214659685864,0.14705882352941183,-0.7727272727272727,0,1,0,0
0.06249999999999667,0.5652173913043252,0.21465968586387435,0.11029411764705888,-0.09090909090909091,0,1,0,0
-0.81250000000001,-0.8260869565217499,1.0994764397905759,-0.5808823529411766,-0.8181818181818182,0,0,1,0
-0.28125000000001166,0.17391304347825012,-0.2356020942408377,0.29411764705882365,-0.14545454545454545,0,1,0,0
-0.7812500000000028,-0.2608695652173999,0.34554973821989526,-0.286764705882353,-0.4,0,1,0,0
-1.1562500000000184,-1.217391304347825,3.005235602094241,-1.5441176470588243,-0.24545454545454545,0,0,1,0
0.7499999999999956,0.13043478260867525,-0.08376963350785341,0.13970588235294112,0.4090909090909091,0,1,0,0
-0.6250000000000022,-0.6956521739130499,-0.6858638743455497,0.808823529411765,0.08181818181818182,0,0,1,0
1.1249999999999933,0.9999999999999752,-0.518324607329843,0.4779411764705884,0.10909090909090909,0,1,0,0
-0.406250000000005,0.0,1.130890052356021,-0.8308823529411768,0.9,0,0,1,0
-0.3125000000000011,-0.782608695652175,-0.27225130890052357,0.19852941176470565,-0.7818181818181819,1,0,0,0
-0.6562500000000094,-0.5217391304347998,-0.015706806282722512,-0.25,-0.02727272727272727,0,1,0,0
0.43749999999999445,0.21739130434782503,0.04712041884816754,-0.08088235294117661,0.32727272727272727,1,0,0,0
0.7499999999999956,0.7826086956521503,-0.11518324607329843,0.20588235294117635,-0.5,0,1,0,0
0.21874999999999722,0.8695652173913001,0.04712041884816754,-0.22058823529411775,0.5636363636363636,0,1,0,0
-0.9062500000000139,-0.652173913043475,-0.581151832460733,0.10294117647058817,0.00909090909090909,0,1,0,0
-0.6875000000000167,-0.13043478260869995,-0.2198952879581152,0.7647058823529413,-0.6272727272727273,0,1,0,0
0.593749999999995,0.2608695652173752,-0.2617801047120419,0.19117647058823548,-0.13636363636363635,0,1,0,0
0.15625000000000056,-0.3043478260869748,0.7905759162303665,-0.5367647058823535,-0.45454545454545453,0,1,0,0
-0.5625000000000056,-0.8695652173913001,0.43455497382198954,-0.3382352941176473,-0.9727272727272728,0,1,0,0
0.09374999999998612,-0.17391304347827483,-0.193717277486911,-0.02205882352941209,0.7,0,0,1,0
0.21874999999999722,0.8260869565217251,-0.45549738219895286,0.47058823529411775,-0.9090909090909091,0,1,0,0
0.21874999999999722,0.2608695652173752,2.005235602094241,-1.3970588235294124,-0.5727272727272728,0,0,1,0
0.15625000000000056,0.17391304347825012,3.418848167539267,-1.6250000000000009,-0.8272727272727273,0,0,1,0
0.3749999999999978,0.21739130434782503,-0.6544502617801047,0.6838235294117648,0.6,0,0,1,0
0.3125000000000011,0.2608695652173752,-0.8848167539267016,0.595588235294118,-0.00909090909090909,0,1,0,0
0.0,0.521739130434775,-0.041884816753926704,0.06617647058823521,0.7818181818181819,0,0,1,0
0.7499999999999956,0.08695652173912506,-0.9267015706806283,1.3529411764705888,-0.4727272727272727,0,1,0,1
0.593749999999995,0.4782608695652002,-1.219895287958115,1.8529411764705888,0.6818181818181818,0,1,0,1
-0.6562500000000094,-1.086956521739125,0.02617801047120419,0.12499999999999974,-0.16363636363636364,0,0,1,0
-0.7812500000000028,-1.30434782608695,-0.16753926701570682,0.35294117647058815,-0.8454545454545455,0,0,1,0
0.6562499999999917,0.34782608695650025,-0.19895287958115182,0.25,0.3,0,0,1,0
0.24999999999998668,0.13043478260867525,-0.39790575916230364,0.5073529411764707,-0.38181818181818183,0,1,0,0
0.593749999999995,0.2608695652173752,-0.8115183246073299,1.3235294117647065,-0.21818181818181817,0,1,0,0
0.2812499999999939,0.6956521739130253,0.23036649214659685,-0.4117647058823532,0.4090909090909091,0,1,0,0
0.21874999999999722,0.6956521739130253,-0.46596858638743455,0.6544117647058825,-0.8818181818181818,0,1,0,0
0.5624999999999878,0.39130434782607515,-0.38219895287958117,0.7132352941176471,0.6090909090909091,1,0,0,0
0.21874999999999722,-0.21739130434782503,0.225130890052356,0.1617647058823527,0.7181818181818181,0,0,1,0
0.40624999999998723,0.2608695652173752,-0.4083769633507853,0.36764705882352955,-0.9090909090909091,0,1,0,0
0.6874999999999989,0.39130434782607515,-0.4293193717277487,0.08823529411764679,0.6818181818181818,0,0,1,0
0.6874999999999989,0.6956521739130253,-0.418848167539267,0.3308823529411766,-0.12727272727272726,0,0,1,0
-0.09375000000000389,0.08695652173912506,0.9633507853403142,-0.7132352941176475,-0.6727272727272727,0,1,0,0
0.2812499999999939,0.521739130434775,-0.25654450261780104,0.10294117647058817,-0.45454545454545453,0,0,1,0
-0.6250000000000022,-0.913043478260875,0.9581151832460733,-0.7941176470588239,-0.6545454545454545,0,0,1,0
1.0624999999999967,0.7826086956521503,0.06282722513089005,-0.06617647058823521,-0.7545454545454545,0,1,0,0
-1.125000000000011,-1.1304347826087,-0.31413612565445026,0.12499999999999974,-0.18181818181818182,0,1,0,0
1.0312499999999893,0.7826086956521503,0.14659685863874344,-0.16176470588235323,0.8727272727272727,0,1,0,0
-0.06250000000001443,-0.2608695652173999,0.41361256544502617,-0.13970588235294112,0.4818181818181818,0,0,1,0
0.21874999999999722,0.08695652173912506,-0.04712041884816754,0.15441176470588253,-0.6545454545454545,0,0,1,0
0.12499999999999334,0.6956521739130253,3.3403141361256545,-1.6838235294117656,0.8090909090909091,0,0,1,0
0.4999999999999911,0.521739130434775,-0.8115183246073299,0.8014705882352944,-0.18181818181818182,0,1,0,0
-0.8750000000000067,-0.6086956521739249,0.20418848167539266,-0.22794117647058842,0.7,0,0,1,0
-0.6250000000000022,-0.9565217391304498,-0.4083769633507853,1.330882352941177,-0.45454545454545453,0,1,0,0
-0.8750000000000067,-0.6956521739130499,0.13089005235602094,0.3235294117647059,0.3,0,1,0,0
0.0,0.652173913043475,-0.36649214659685864,0.8308823529411766,-0.2818181818181818,0,0,1,0
-0.3125000000000011,0.17391304347825012,1.219895287958115,-0.9705882352941183,-0.3,0,1,0,0
0.031249999999989453,0.5652173913043252,-0.9633507853403142,1.0661764705882357,-0.8363636363636363,1,0,0,0
-0.1250000000000111,-0.43478260869565005,-0.7905759162303665,0.4411764705882355,-0.045454545454545456,0,0,1,0
0.24999999999998668,0.7826086956521503,-1.0104712041884816,1.1764705882352946,-0.6545454545454545,0,0,1,0
-0.8437500000000172,-0.6086956521739249,7.178010471204188,-2.639705882352942,0.1,0,1,0,1
0.031249999999989453,-0.13043478260869995,-0.675392670157068,0.558823529411765,-0.9,1,0,0,0
0.7187499999999883,0.8260869565217251,-0.24083769633507854,0.39705882352941185,0.9,0,1,0,0
0.4999999999999911,0.43478260869565005,0.39267015706806285,0.029411764705882262,0.6090909090909091,0,0,1,0
-0.9062500000000139,-0.6956521739130499,-0.7277486910994765,1.1397058823529416,0.509090909090909,0,0,1,0
1.093750000000004,0.6956521739130253,-0.06282722513089005,-0.02205882352941209,-0.13636363636363635,0,1,0,0
0.09374999999998612,0.39130434782607515,-0.36649214659685864,0.4411764705882355,0.8363636363636363,0,0,1,0
0.21874999999999722,0.34782608695650025,1.198952879581152,-1.0588235294117654,0.01818181818181818,0,1,0,0
1.1249999999999933,1.086956521739125,1.0418848167539267,-0.808823529411765,0.3090909090909091,0,1,0,0
-0.9062500000000139,-0.6956521739130499,0.5287958115183246,-0.38235294117647095,0.8454545454545455,0,0,1,0
-0.5312500000000161,-0.34782608695652495,1.5863874345549738,-0.9191176470588239,-0.39090909090909093,0,1,0,0
-0.031250000000007216,-0.34782608695652495,-0.5549738219895288,0.8161764705882357,0.6,0,1,0,0
1.2187499999999971,1.3478260869565002,-0.45549738219895286,0.4338235294117648,0.19090909090909092,0,1,0,0
0.593749999999995,0.2608695652173752,1.0209424083769634,-0.882352941176471,-0.6181818181818182,0,1,0,0
0.12499999999999334,0.5652173913043252,0.7277486910994765,-0.9558823529411768,-0.6363636363636364,0,1,0,0
-0.6875000000000167,-0.913043478260875,1.5549738219895288,-1.1250000000000004,-0.5727272727272728,1,0,0,0
-0.15625000000000056,-0.39130434782609985,-0.5759162303664922,0.558823529411765,-0.7181818181818181,0,0,1,0
1.0624999999999967,0.7391304347826001,2.3089005235602094,-1.2205882352941182,0.4727272727272727,0,1,0,0
1.0312499999999893,1.17391304347825,0.05235602094240838,-0.3161764705882357,-0.13636363636363635,0,1,0,0
0.24999999999998668,0.521739130434775,-0.28272251308900526,0.007352941176470696,0.5545454545454546,0,1,0,0
0.7499999999999956,0.8260869565217251,0.39790575916230364,-0.3235294117647059,0.5454545454545454,1,0,0,0
-0.406250000000005,-0.04347826086957489,0.8848167539267016,-0.7132352941176475,0.39090909090909093,0,1,0,0
-0.81250000000001,-0.7391304347826249,-0.6230366492146597,1.1691176470588238,-0.3090909090909091,0,1,0,0
-0.5625000000000056,-0.39130434782609985,0.3089005235602094,-0.18382352941176477,0.2727272727272727,0,1,0,0
0.6874999999999989,0.7391304347826001,0.2931937172774869,-0.41911764705882393,0.7636363636363637,0,0,1,0
1.2500000000000044,1.3478260869565002,1.6806282722513088,-1.0514705882352946,0.7181818181818181,0,1,0,0
-0.81250000000001,-0.6956521739130499,-0.2931937172774869,0.11029411764705888,0.1,0,0,1,0
-0.406250000000005,-0.04347826086957489,0.5654450261780105,-0.5661764705882357,0.6909090909090909,0,1,0,0
1.2187499999999971,1.30434782608695,0.7591623036649214,-0.3235294117647059,0.10909090909090909,0,1,0,0
-0.031250000000007216,-0.17391304347827483,0.2670157068062827,-0.595588235294118,0.09090909090909091,0,1,0,0
0.6250000000000022,0.2608695652173752,-0.06282722513089005,0.19852941176470565,-0.08181818181818182,0,1,0,0
-0.18750000000000777,-0.6086956521739249,5.476439790575916,-1.9926470588235303,0.6545454545454545,0,1,0,1
-0.81250000000001,-0.3043478260869748,-0.5863874345549738,1.330882352941177,-0.6636363636363637,0,0,1,0
-0.7812500000000028,-0.782608695652175,0.6282722513089005,-0.23529411764705913,-0.41818181818181815,0,1,0,0
-0.5312500000000161,-0.913043478260875,0.5340314136125655,-0.5661764705882357,0.42727272727272725,0,1,0,0
0.8124999999999922,0.8695652173913001,0.5130890052356021,-0.3602941176470589,-0.6909090909090909,0,1,0,0
-0.46875000000000167,-0.3043478260869748,4.2356020942408374,-1.8088235294117656,-0.5727272727272728,0,1,0,0
0.06249999999999667,0.6086956521739002,-0.5235602094240838,1.4705882352941182,-0.44545454545454544,0,1,0,0
-0.1250000000000111,-0.21739130434782503,-0.9947643979057592,1.4632352941176476,0.7181818181818181,0,0,1,0
1.1249999999999933,1.086956521739125,0.8795811518324608,-0.7058823529411768,0.509090909090909,0,0,1,0
0.031249999999989453,0.08695652173912506,1.0523560209424083,-0.8014705882352946,-0.5909090909090909,0,0,1,0
0.21874999999999722,0.7391304347826001,-0.39790575916230364,0.2352941176470586,0.6636363636363637,0,1,0,0
-0.4375000000000122,-0.21739130434782503,-0.3193717277486911,1.1397058823529416,0.7909090909090909,0,1,0,0
0.0,0.521739130434775,-0.1256544502617801,-0.04411764705882365,0.23636363636363636,0,1,0,0
-0.5625000000000056,-0.5217391304347998,1.8795811518324608,-0.9632352941176475,0.5909090909090909,0,1,0,0
0.21874999999999722,0.5652173913043252,0.17277486910994763,0.058823529411764525,-0.7727272727272727,0,1,0,0
-0.5000000000000089,-0.43478260869565005,2.869109947643979,-1.5514705882352948,0.7,1,0,0,0
-1.0000000000000178,-1.0,-0.8272251308900523,1.058823529411765,0.5909090909090909,1,0,0,0
0.031249999999989453,0.08695652173912506,1.0523560209424083,-0.7867647058823535,1.0363636363636364,0,0,1,0
0.6250000000000022,0.5652173913043252,0.24083769633507854,0.3308823529411766,-0.6909090909090909,0,1,0,0
-0.6250000000000022,-1.0,-0.6230366492146597,0.2647058823529414,0.8454545454545455,0,0,1,0
1.0624999999999967,1.2608695652173751,-0.1099476439790576,-0.11764705882352956,-0.22727272727272727,0,1,0,0
-0.5937500000000128,-1.0,-0.33507853403141363,0.11029411764705888,-0.4090909090909091,0,1,0,0
-0.37500000000001554,-0.13043478260869995,-0.7853403141361257,1.0000000000000004,-0.32727272727272727,0,0,1,0
-0.3125000000000011,-0.8695652173913001,-0.1256544502617801,0.04411764705882365,-0.8818181818181818,0,1,0,0
-0.8437500000000172,-0.8695652173913001,-0.35602094240837695,0.4117647058823532,0.02727272727272727,0,1,0,0
0.34374999999999056,0.39130434782607515,0.33507853403141363,-0.36764705882352955,-0.39090909090909093,0,1,0,0
0.5312499999999983,0.43478260869565005,-0.2094240837696335,0.7352941176470591,0.38181818181818183,1,0,0,0
-0.25000000000000444,-0.4782608695652249,1.4816753926701571,-1.2205882352941182,-0.06363636363636363,0,1,0,0
-0.9062500000000139,-0.652173913043475,-0.4712041884816754,0.7132352941176471,-0.8636363636363636,0,1,0,0
-0.6250000000000022,-0.782608695652175,-0.041884816753926704,-0.10294117647058817,0.7363636363636363,0,1,0,0
1.093750000000004,0.9999999999999752,3.816753926701571,-1.7132352941176479,-0.9727272727272728,0,1,0,0
0.3125000000000011,0.521739130434775,2.1256544502617802,-1.2794117647058831,-0.6272727272727273,0,0,1,0
-0.28125000000001166,-0.7391304347826249,0.612565445026178,-0.4411764705882355,-0.16363636363636364,0,1,0,0
0.21874999999999722,0.9565217391304252,1.8586387434554974,-1.0147058823529416,0.33636363636363636,0,1,0,0
-0.8437500000000172,-0.6086956521739249,-0.5287958115183246,0.007352941176470696,0.06363636363636363,0,1,0,0
0.4999999999999911,0.0,-0.3769633507853403,0.286764705882353,-0.41818181818181815,0,0,1,0
-0.5937500000000128,-1.0,0.4293193717277487,-0.4044117647058825,-0.2636363636363636,0,1,0,0
1.1562500000000007,1.086956521739125,-0.5078534031413613,0.5147058823529413,0.5,0,0,1,0
-1.406250000000005,-1.69565217391305,1.675392670157068,-1.0514705882352946,-0.7090909090909091,0,1,0,0
1.2812499999999938,1.3478260869565002,-0.20418848167539266,0.35294117647058815,-0.6363636363636364,0,1,0,0
0.7187499999999883,0.7391304347826001,0.7382198952879581,-0.21323529411764705,0.8,0,0,1,0
-1.406250000000005,-1.7391304347826002,0.8691099476439791,-0.8161764705882357,0.4909090909090909,0,0,1,0
-0.9062500000000139,-0.782608695652175,0.8010471204188482,-0.720588235294118,0.15454545454545454,0,1,0,0
-0.6562500000000094,-0.8260869565217499,-0.680628272251309,0.8161764705882357,0.9818181818181818,0,0,1,0
-0.6250000000000022,-0.4782608695652249,0.28272251308900526,-0.3014705882352943,-0.4636363636363636,0,1,0,0
-0.46875000000000167,-0.2608695652173999,0.3298429319371728,-0.14705882352941183,-0.16363636363636364,0,0,1,0
0.6874999999999989,0.4782608695652002,1.774869109947644,-1.191176470588236,0.03636363636363636,0,0,1,0
0.6250000000000022,0.5652173913043252,0.07853403141361257,-0.19852941176470618,-0.045454545454545456,0,1,0,0
0.031249999999989453,0.5652173913043252,-0.39790575916230364,-0.029411764705882262,0.8090909090909091,0,0,1,0
0.40624999999998723,0.13043478260867525,0.2931937172774869,-0.05147058823529435,0.8363636363636363,0,1,0,0
0.43749999999999445,0.17391304347825012,0.4397905759162304,-0.4632352941176476,-0.45454545454545453,1,0,0,0
0.18749999999999,0.21739130434782503,-0.5026178010471204,0.029411764705882262,-0.18181818181818182,0,1,0,0
-0.031250000000007216,0.5652173913043252,-0.10471204188481675,0.4044117647058825,0.7272727272727273,0,1,0,0
-0.5937500000000128,-0.56521739130435,1.7486910994764397,-0.8602941176470594,-0.6636363636363637,1,0,0,0
0.15625000000000056,0.6956521739130253,-0.2879581151832461,0.6617647058823533,0.9,0,1,0,0
-0.6875000000000167,-0.43478260869565005,-0.24083769633507854,0.3161764705882352,-0.7181818181818181,0,1,0,0
-0.15625000000000056,0.34782608695650025,0.9214659685863874,-0.6544117647058828,0.11818181818181818,1,0,0,0
0.3125000000000011,0.17391304347825012,-0.39267015706806285,0.29411764705882365,-0.03636363636363636,0,1,0,0
-0.6875000000000167,-0.43478260869565005,0.2879581151832461,-0.06617647058823521,-0.43636363636363634,0,0,1,0
-0.6562500000000094,-0.08695652173914978,0.32460732984293195,-0.45588235294117685,-0.6090909090909091,0,0,1,0
0.34374999999999056,0.21739130434782503,0.8743455497382199,-0.7426470588235299,-0.6090909090909091,0,1,0,0
-1.1875000000000078,-1.2608695652173998,-1.1361256544502618,0.808823529411765,0.6363636363636364,0,0,1,0
-1.093750000000004,-1.1739130434782747,1.5026178010471205,-1.0514705882352946,-0.3181818181818182,0,0,1,0
0.21874999999999722,0.21739130434782503,-0.19895287958115182,0.29411764705882365,0.2636363636363636,1,0,0,0
-0.7187500000000061,-1.217391304347825,-0.9842931937172775,1.0220588235294121,0.6636363636363637,0,0,1,0
0.4999999999999911,0.21739130434782503,0.6335078534031413,-0.4117647058823532,0.990909090909091,0,1,0,0
0.2812499999999939,0.2608695652173752,-0.2513089005235602,0.4411764705882355,-0.03636363636363636,0,0,1,0
-0.3437500000000083,0.0,0.8429319371727748,-0.7647058823529417,-0.16363636363636364,0,1,0,0
-0.8437500000000172,-0.652173913043475,0.1099476439790576,0.22058823529411775,-0.3090909090909091,0,1,0,0
0.5312499999999983,0.3043478260869501,0.010471204188481676,0.08088235294117661,-0.6727272727272727,0,1,0,0
-0.8750000000000067,-0.7391304347826249,0.14659685863874344,-0.3308823529411766,-0.8272727272727273,1,0,0,0
-0.09375000000000389,-0.17391304347827483,1.057591623036649,-0.8529411764705886,-0.03636363636363636,0,0,1,0
0.40624999999998723,0.3043478260869501,1.4607329842931938,-1.0000000000000004,-0.9181818181818182,0,0,1,0
-0.37500000000001554,0.04347826086955017,0.5235602094240838,-0.29411764705882365,0.17272727272727273,0,0,1,0
-0.46875000000000167,-0.21739130434782503,0.11518324607329843,0.1691176470588234,-0.9545454545454546,0,0,1,0
-0.81250000000001,-0.782608695652175,-0.23036649214659685,0.3750000000000003,-0.6636363636363637,0,0,1,0
-0.5625000000000056,-0.6956521739130499,-0.2617801047120419,0.20588235294117635,-0.16363636363636364,0,1,0,0
0.40624999999998723,0.43478260869565005,1.3350785340314135,-1.080882352941177,-0.17272727272727273,0,0,1,0
-0.5937500000000128,-1.0,0.5026178010471204,-0.6544117647058828,0.6,0,0,1,0
1.0,0.652173913043475,-0.8691099476439791,1.2279411764705885,0.7272727272727273,0,1,0,1
0.4999999999999911,0.2608695652173752,1.87434554973822,-1.3455882352941182,-0.20909090909090908,0,0,1,0
-0.8437500000000172,-0.4782608695652249,1.7277486910994764,-1.2867647058823535,0.4909090909090909,0,1,0,0
0.7499999999999956,0.34782608695650025,0.6335078534031413,-0.41911764705882393,0.35454545454545455,0,1,0,0
-0.81250000000001,-0.652173913043475,1.774869109947644,-0.9632352941176475,0.23636363636363636,0,0,1,0
0.0,0.13043478260867525,0.2670157068062827,-0.05147058823529435,0.07272727272727272,0,1,0,0
-0.6562500000000094,-0.913043478260875,0.27225130890052357,-0.22794117647058842,0.03636363636363636,0,0,1,0
-0.9687500000000105,-0.9565217391304498,-0.2879581151832461,0.4044117647058825,0.5909090909090909,1,0,0,0
-0.37500000000001554,-0.43478260869565005,7.109947643979058,-2.6102941176470598,0.32727272727272727,0,1,0,1
0.031249999999989453,0.04347826086955017,-0.3403141361256545,0.8382352941176473,-0.9090909090909091,0,0,1,0
-0.5625000000000056,-0.3043478260869748,0.6701570680628273,-0.757352941176471,-0.9727272727272728,1,0,0,0
0.15625000000000056,-0.13043478260869995,-0.2513089005235602,0.5808823529411766,0.16363636363636364,0,1,0,0
-0.15625000000000056,-0.43478260869565005,-0.14136125654450263,0.38235294117647045,0.5363636363636364,0,1,0,0
0.12499999999999334,0.7826086956521503,1.0837696335078535,-0.8602941176470594,0.4636363636363636,0,1,0,0
0.031249999999989453,0.6956521739130253,-0.2879581151832461,1.0367647058823535,0.6,0,1,0,0
-0.3437500000000083,-0.8260869565217499,0.8324607329842932,-0.7132352941176475,-0.4727272727272727,1,0,0,0
0.15625000000000056,-0.3043478260869748,0.19895287958115182,-0.3602941176470589,-0.01818181818181818,0,0,1,0
0.6562499999999917,0.521739130434775,0.2670157068062827,0.007352941176470696,0.1,0,1,0,0
0.18749999999999,0.7391304347826001,-0.31413612565445026,0.2647058823529414,1.0,0,1,0,0
-0.37500000000001554,0.13043478260867525,1.7172774869109948,-1.080882352941177,-0.23636363636363636,0,1,0,0
-0.5000000000000089,-0.913043478260875,-0.6492146596858639,0.6985294117647062,0.4090909090909091,0,1,0,0
0.593749999999995,-0.17391304347827483,-0.46596858638743455,-0.2794117647058828,0.9272727272727272,0,1,0,0
-0.7187500000000061,-0.17391304347827483,-0.5706806282722513,0.20588235294117635,0.9,0,1,0,0
-0.8750000000000067,-0.8695652173913001,-0.7015706806282722,0.8750000000000002,0.9727272727272728,0,0,1,0
0.2812499999999939,0.13043478260867525,1.5183246073298429,-1.1102941176470593,0.3181818181818182,0,0,1,0
0.7812500000000028,0.39130434782607515,0.612565445026178,-0.286764705882353,0.2909090909090909,0,1,0,0
0.15625000000000056,-0.3043478260869748,0.4083769633507853,-0.3235294117647059,0.09090909090909091,0,0,1,0
-0.5000000000000089,-0.3043478260869748,0.2356020942408377,-0.17647058823529407,-0.5818181818181818,0,1,0,0
-0.18750000000000777,-0.34782608695652495,2.089005235602094,-1.1838235294117654,0.4,0,0,1,0
-0.28125000000001166,0.3043478260869501,-0.005235602094240838,-0.02205882352941209,0.6363636363636364,0,0,1,0
-0.9687500000000105,-1.0,-0.46596858638743455,0.5441176470588237,0.5545454545454546,0,1,0,0
0.46875000000000167,-0.08695652173914978,1.2722513089005236,-0.6617647058823533,-0.21818181818181817,0,0,1,0
1.0,0.6086956521739002,-0.680628272251309,0.5294117647058822,-0.42727272727272725,0,0,1,1
-0.25000000000000444,-0.6956521739130499,-0.4712041884816754,-0.11764705882352956,-0.45454545454545453,0,1,0,0
-0.5625000000000056,-0.17391304347827483,-0.09947643979057591,0.3088235294117645,0.6,0,1,0,0
0.6874999999999989,0.6956521739130253,-0.2617801047120419,0.08088235294117661,0.36363636363636365,0,1,0,0
-0.218750000000015,-0.39130434782609985,0.05235602094240838,-0.29411764705882365,0.9545454545454546,1,0,0,0
-0.81250000000001,-0.56521739130435,-0.005235602094240838,0.4264705882352941,0.39090909090909093,0,1,0,0
-0.9375000000000033,-0.7391304347826249,-0.4293193717277487,0.13970588235294112,0.5272727272727272,0,0,1,0
0.031249999999989453,0.0,-0.09424083769633508,0.029411764705882262,0.7363636363636363,0,0,1,0
1.0624999999999967,1.04347826086955,-0.643979057591623,0.4411764705882355,0.5363636363636364,0,1,0,0
0.7499999999999956,0.13043478260867525,-0.08376963350785341,0.007352941176470696,-0.5363636363636364,0,1,0,0
-0.3125000000000011,-0.8260869565217499,-0.2774869109947644,0.4411764705882355,0.045454545454545456,1,0,0,0
0.21874999999999722,-0.21739130434782503,-0.518324607329843,-0.10294117647058817,-0.5727272727272728,0,0,1,0
-0.46875000000000167,-0.2608695652173999,-0.6701570680628273,0.06617647058823521,-0.6181818181818182,1,0,0,0
0.3749999999999978,-0.04347826086957489,0.1518324607329843,-0.2794117647058828,-0.9545454545454546,1,0,0,0
-1.0312500000000073,-1.0,0.2513089005235602,-0.0882352941176473,0.045454545454545456,0,0,1,0
0.3125000000000011,0.21739130434782503,-0.6020942408376964,1.3529411764705888,-0.35454545454545455,1,0,0,0
1.1249999999999933,1.17391304347825,-0.2879581151832461,0.3235294117647059,-0.4727272727272727,0,1,0,0
1.2812499999999938,1.2608695652173751,-0.3193717277486911,0.058823529411764525,-0.7636363636363637,1,0,0,0
-0.8437500000000172,-0.652173913043475,-0.04712041884816754,0.18382352941176477,0.4909090909090909,0,1,0,0
-0.6562500000000094,-1.043478260869575,-0.5026178010471204,0.27941176470588225,0.8909090909090909,0,1,0,0
0.6874999999999989,0.0,-0.6282722513089005,0.20588235294117635,-0.7545454545454545,1,0,0,0
1.2812499999999938,1.3913043478260751,0.6387434554973822,-0.20588235294117688,-0.7272727272727273,1,0,0,0
-0.25000000000000444,0.3043478260869501,0.10471204188481675,0.058823529411764525,0.3090909090909091,0,0,1,0
-0.3125000000000011,-0.782608695652175,0.5130890052356021,-0.6397058823529417,0.12727272727272726,0,1,0,0
-0.06250000000001443,-0.39130434782609985,0.2356020942408377,-0.3235294117647059,-0.09090909090909091,0,0,1,0
1.0,1.086956521739125,1.6963350785340314,-1.1691176470588243,0.22727272727272727,1,0,0,0
-0.3125000000000011,0.0,-0.47643979057591623,0.3161764705882352,-0.7545454545454545,0,0,1,0
0.6874999999999989,0.04347826086955017,0.2356020942408377,-0.3529411764705887,0.5727272727272728,0,1,0,0
-0.5312500000000161,-0.34782608695652495,0.14659685863874344,-0.19852941176470618,-0.8272727272727273,0,1,0,0
1.2500000000000044,1.3913043478260751,-0.2670157068062827,0.27941176470588225,0.6818181818181818,0,1,0,0
0.34374999999999056,0.34782608695650025,-0.225130890052356,0.48529411764705915,0.5363636363636364,0,0,1,0
-0.15625000000000056,-0.5217391304347998,0.3403141361256545,-0.3529411764705887,-0.2727272727272727,0,0,1,0
1.0,1.086956521739125,-0.2094240837696335,0.286764705882353,0.3,0,1,0,0
-0.218750000000015,-0.6086956521739249,-0.23036649214659685,0.5514705882352944,-0.1,0,1,0,0
0.7812500000000028,0.652173913043475,2.816753926701571,-1.5367647058823537,0.6090909090909091,0,0,1,0
-0.15625000000000056,-0.34782608695652495,0.387434554973822,-0.02205882352941209,-0.5363636363636364,0,0,1,0
0.12499999999999334,0.7826086956521503,0.8743455497382199,-1.0147058823529416,-0.16363636363636364,0,0,1,0
1.1249999999999933,0.9565217391304252,0.041884816753926704,-0.0882352941176473,0.09090909090909091,0,1,0,0
-0.5625000000000056,-0.4782608695652249,0.08376963350785341,-0.007352941176470696,-0.1,0,1,0,0
0.21874999999999722,0.21739130434782503,0.010471204188481676,-0.286764705882353,-0.9727272727272728,0,0,1,0
-0.3125000000000011,-0.782608695652175,2.0366492146596857,-1.0955882352941182,-0.6636363636363637,0,1,0,0
1.0312499999999893,0.7391304347826001,-0.9790575916230366,0.7941176470588237,-0.34545454545454546,0,0,1,1
-0.5937500000000128,-0.782608695652175,0.450261780104712,-0.5073529411764707,-0.11818181818181818,0,1,0,0
-0.37500000000001554,-0.34782608695652495,0.8481675392670157,-0.558823529411765,-0.12727272727272726,0,1,0,0
-0.6562500000000094,-1.0,0.33507853403141363,-0.2720588235294121,0.01818181818181818,0,1,0,0
-0.28125000000001166,-0.8260869565217499,0.8952879581151832,-0.8750000000000006,-0.8454545454545455,0,0,1,0
0.6874999999999989,0.39130434782607515,0.13089005235602094,0.22058823529411775,-0.7,0,1,0,0
0.031249999999989453,0.5652173913043252,-0.2670157068062827,0.5661764705882352,-0.6636363636363637,0,1,0,0
1.1562500000000007,1.1304347826086751,-0.015706806282722512,0.11764705882352956,0.16363636363636364,0,0,1,0
0.5312499999999983,0.34782608695650025,0.5549738219895288,-0.6176470588235299,0.8636363636363636,0,1,0,0
1.312500000000001,1.4782608695652002,-0.45549738219895286,0.5882352941176473,0.5454545454545454,0,0,1,0
0.34374999999999056,0.08695652173912506,-0.6492146596858639,0.22794117647058842,-0.4636363636363636,0,0,1,0
-1.0000000000000178,-0.9565217391304498,-0.7120418848167539,0.5147058823529413,0.8818181818181818,0,1,0,0
-0.6250000000000022,-0.6086956521739249,-0.9842931937172775,1.2279411764705885,-0.43636363636363634,0,0,1,0
0.15625000000000056,-0.2608695652173999,0.24607329842931938,0.007352941176470696,-0.1,0,0,1,0
-0.406250000000005,-0.13043478260869995,-0.2094240837696335,-0.007352941176470696,-0.15454545454545454,0,1,0,0
-0.8437500000000172,-0.5217391304347998,-0.9424083769633508,1.2647058823529413,0.509090909090909,0,0,1,0
0.3749999999999978,0.3043478260869501,0.6544502617801047,-0.5808823529411766,-0.5818181818181818,0,1,0,0
0.3125000000000011,0.3043478260869501,0.5497382198952879,-0.5294117647058828,0.10909090909090909,0,1,0,0
-0.81250000000001,-0.3043478260869748,-0.31413612565445026,0.3897058823529411,-0.33636363636363636,0,1,0,0
-0.5000000000000089,-0.39130434782609985,0.3403141361256545,0.036764705882352956,-0.6181818181818182,1,0,0,0
0.7812500000000028,0.6956521739130253,-1.3036649214659686,1.0294117647058827,-0.8,0,1,0,0
-0.06250000000001443,-0.2608695652173999,2.9424083769633507,-1.61764705882353,-0.4090909090909091,0,0,1,0
0.4999999999999911,0.17391304347825012,-0.6020942408376964,0.7647058823529413,0.6272727272727273,1,0,0,0
-0.09375000000000389,-0.3043478260869748,0.6649214659685864,-0.5661764705882357,-0.4909090909090909,0,1,0,0
0.12499999999999334,0.6086956521739002,0.774869109947644,-0.23529411764705913,-0.38181818181818183,0,1,0,0
0.18749999999999,0.2608695652173752,-0.45549738219895286,0.022058823529411565,0.9727272727272728,0,1,0,0
-0.5312500000000161,-0.5217391304347998,1.4607329842931938,-1.191176470588236,-0.7545454545454545,1,0,0,0
-0.7812500000000028,-0.782608695652175,0.5968586387434555,-0.6176470588235299,-0.6181818181818182,0,1,0,0
-0.8437500000000172,-0.782608695652175,1.0523560209424083,-0.9411764705882357,-0.38181818181818183,0,1,0,0
0.12499999999999334,0.21739130434782503,0.193717277486911,0.48529411764705915,0.9,0,1,0,0
0.7187499999999883,0.39130434782607515,-0.9109947643979057,1.0661764705882357,0.6272727272727273,0,1,0,0
-0.7812500000000028,-0.6086956521739249,0.8167539267015707,-0.5882352941176473,-0.5272727272727272,1,0,0,0
-0.6562500000000094,-0.3043478260869748,-0.06806282722513089,0.029411764705882262,-0.4909090909090909,1,0,0,0
1.1249999999999933,1.1304347826086751,-0.17801047120418848,0.6176470588235295,0.36363636363636365,0,0,1,0
0.6874999999999989,0.34782608695650025,-0.47643979057591623,0.6470588235294118,-0.7181818181818181,0,1,0,0
-0.5937500000000128,-1.0,0.6492146596858639,-0.632352941176471,-0.39090909090909093,0,1,0,0
-0.6250000000000022,-0.3043478260869748,-0.7382198952879581,0.5514705882352944,-0.33636363636363636,0,0,1,0
0.8124999999999922,0.9999999999999752,-0.3089005235602094,0.632352941176471,-0.8909090909090909,0,1,0,0
-0.28125000000001166,0.13043478260867525,0.5654450261780105,-0.2720588235294121,-0.6818181818181818,0,1,0,0
0.09374999999998612,0.0,-0.24083769633507854,-0.36764705882352955,0.7818181818181819,0,0,1,0
1.0624999999999967,0.9565217391304252,0.9319371727748691,-0.757352941176471,-0.7454545454545455,0,1,0,0
0.21874999999999722,0.08695652173912506,-0.24083769633507854,0.4926470588235293,0.6818181818181818,1,0,0,0
1.18749999999999,1.086956521739125,0.7277486910994765,-0.5735294117647064,0.18181818181818182,0,1,0,0
-0.15625000000000056,-0.3043478260869748,-0.900523560209424,0.463235294117647,-0.8272727272727273,0,1,0,0
0.09374999999998612,0.6086956521739002,0.4869109947643979,-0.558823529411765,0.42727272727272725,0,1,0,0
-0.37500000000001554,-0.6956521739130499,-0.18848167539267016,0.3382352941176473,0.2636363636363636,0,1,0,0
-0.25000000000000444,-0.6086956521739249,0.17277486910994763,-0.0882352941176473,-0.11818181818181818,0,1,0,0
-0.8750000000000067,-0.6956521739130499,-0.35602094240837695,1.095588235294118,-0.02727272727272727,1,0,0,0
0.7812500000000028,0.7391304347826001,-0.39790575916230364,0.7352941176470591,-0.7818181818181819,0,1,0,0
-0.3437500000000083,0.04347826086955017,-0.04712041884816754,0.036764705882352956,-0.36363636363636365,0,1,0,0
1.0312499999999893,0.652173913043475,1.094240837696335,-0.7352941176470591,0.6818181818181818,0,1,0,0
-0.8750000000000067,-0.56521739130435,0.3193717277486911,-0.15441176470588253,0.7636363636363637,1,0,0,0
-0.6250000000000022,-1.086956521739125,-0.03664921465968586,0.29411764705882365,-0.02727272727272727,1,0,0,0
0.5624999999999878,-0.13043478260869995,1.1570680628272252,-0.9264705882352946,0.17272727272727273,1,0,0,0
0.6874999999999989,0.39130434782607515,0.4607329842931937,-0.5441176470588237,0.5818181818181818,0,1,0,0
-0.6562500000000094,-0.6956521739130499,-0.5654450261780105,0.4485294117647062,0.13636363636363635,0,1,0,0
-0.5625000000000056,-0.913043478260875,0.2617801047120419,0.06617647058823521,-0.5,1,0,0,0
0.15625000000000056,0.04347826086955017,-0.8481675392670157,0.9191176470588239,-0.7818181818181819,0,1,0,0
0.15625000000000056,0.6956521739130253,-0.07853403141361257,0.558823529411765,-0.7727272727272727,0,1,0,0
0.24999999999998668,0.8695652173913001,1.0890052356020943,-0.8308823529411768,-0.3,0,1,0,0
-0.5937500000000128,-0.8260869565217499,2.5392670157068062,-1.3750000000000009,-0.6,0,1,0,0
1.1249999999999933,1.1304347826086751,-0.5602094240837696,0.5294117647058822,0.4636363636363636,0,0,1,0
-0.18750000000000777,-0.34782608695652495,2.4554973821989527,-1.5294117647058831,0.6363636363636364,0,1,0,0
0.09374999999998612,0.7391304347826001,-0.9581151832460733,1.308823529411765,0.5545454545454546,0,1,0,0
-1.0625000000000144,-0.9565217391304498,-0.41361256544502617,1.0073529411764708,0.23636363636363636,1,0,0,0
0.6562499999999917,0.652173913043475,0.8115183246073299,-0.6397058823529417,-0.16363636363636364,0,1,0,0
0.8437499999999994,0.34782608695650025,1.0732984293193717,-0.757352941176471,-0.5909090909090909,0,1,0,0
-0.37500000000001554,-0.6956521739130499,0.27225130890052357,-0.18382352941176477,0.3181818181818182,0,0,1,0
-1.0312500000000073,-1.1304347826087,1.0052356020942408,-0.7426470588235299,-0.6727272727272727,1,0,0,0
0.8124999999999922,0.9130434782608502,-0.8010471204188482,1.3602941176470593,-0.9545454545454546,0,0,1,0
-0.6562500000000094,-0.8695652173913001,-0.5235602094240838,0.3455882352941175,0.37272727272727274,0,0,1,0
-0.81250000000001,-0.7391304347826249,1.2774869109947644,-0.6691176470588239,-0.5636363636363636,0,1,0,0
0.24999999999998668,0.39130434782607515,-0.9790575916230366,1.2058823529411768,0.11818181818181818,0,1,0,0
0.3749999999999978,0.13043478260867525,0.020942408376963352,-0.07352941176470591,0.7909090909090909,0,1,0,0
-1.3125000000000189,-1.5217391304347752,-0.46596858638743455,0.7426470588235299,-0.509090909090909,0,1,0,0
0.12499999999999334,0.34782608695650025,-0.2931937172774869,0.47058823529411775,0.2727272727272727,1,0,0,0
-0.5312500000000161,-0.652173913043475,-0.13612565445026178,0.286764705882353,0.15454545454545454,0,1,0,0
0.4999999999999911,0.17391304347825012,-0.5445026178010471,0.9632352941176475,0.6090909090909091,0,1,0,0
0.6250000000000022,0.3043478260869501,-0.49214659685863876,0.08823529411764679,-0.6181818181818182,0,0,1,0
-0.8750000000000067,-0.652173913043475,0.9685863874345549,-0.7867647058823535,0.5363636363636364,1,0,0,0
-0.09375000000000389,-0.3043478260869748,0.5549738219895288,-0.558823529411765,-0.7272727272727273,0,1,0,0
0.3749999999999978,0.0,0.11518324607329843,-0.1691176470588239,0.8363636363636363,0,0,1,0
0.06249999999999667,-0.04347826086957489,0.29842931937172773,0.051470588235293824,0.6818181818181818,0,1,0,0
0.09374999999998612,-0.2608695652173999,-0.2931937172774869,-0.058823529411765045,0.02727272727272727,0,1,0,0
-1.4687500000000195,-1.8695652173913,0.12041884816753927,-0.13970588235294112,0.6727272727272727,0,0,1,0
-0.46875000000000167,-0.13043478260869995,-0.031413612565445025,0.11029411764705888,0.1,0,1,0,0
0.2812499999999939,0.13043478260867525,3.670157068062827,-1.727941176470589,0.6181818181818182,0,1,0,0
1.2500000000000044,1.30434782608695,2.43979057591623,-1.4191176470588243,-0.43636363636363634,0,1,0,0
-0.031250000000007216,-0.43478260869565005,-0.1518324607329843,0.3750000000000003,0.4090909090909091,0,0,1,0
-0.3125000000000011,-0.782608695652175,-1.036649214659686,1.5661764705882357,-0.8181818181818182,0,1,0,0
0.21874999999999722,0.4782608695652002,-0.6649214659685864,0.5882352941176473,0.5909090909090909,0,1,0,0
-0.3437500000000083,-0.17391304347827483,-0.44502617801047123,0.3382352941176473,0.9272727272727272,0,0,1,0
0.18749999999999,0.7826086956521503,-0.21465968586387435,-0.029411764705882262,0.6727272727272727,0,1,0,0
-0.8750000000000067,-0.6086956521739249,0.7958115183246073,-0.4411764705882355,-0.7818181818181819,0,0,1,0
-0.6562500000000094,-0.6086956521739249,-0.6596858638743456,0.6176470588235295,0.6727272727272727,0,0,1,0
0.5624999999999878,0.21739130434782503,0.5602094240837696,-0.4926470588235298,-0.18181818181818182,0,1,0,0
-0.5312500000000161,-0.43478260869565005,-0.18848167539267016,-0.036764705882352956,-0.2636363636363636,0,0,1,0
0.9062499999999961,1.04347826086955,0.518324607329843,-0.47058823529411775,0.2545454545454545,0,0,1,0
-0.28125000000001166,0.13043478260867525,-0.6492146596858639,0.4926470588235293,-0.6181818181818182,0,1,0,0
-0.6562500000000094,-0.652173913043475,-0.2617801047120419,0.29411764705882365,0.5272727272727272,0,0,1,0
0.6874999999999989,0.6956521739130253,-0.28272251308900526,0.3235294117647059,0.4090909090909091,1,0,0,0
-0.09375000000000389,0.43478260869565005,1.361256544502618,-1.0735294117647065,0.5818181818181818,0,0,1,0
-0.9687500000000105,-0.8695652173913001,5.429319371727749,-1.9705882352941184,-0.08181818181818182,1,0,0,0
0.3749999999999978,0.21739130434782503,0.5340314136125655,-0.558823529411765,-0.43636363636363634,1,0,0,0
0.4999999999999911,0.2608695652173752,2.722513089005236,-1.4117647058823537,-0.9272727272727272,0,1,0,0
0.06249999999999667,0.13043478260867525,1.2513089005235603,-1.0441176470588243,-0.9090909090909091,0,1,0,0
-0.25000000000000444,-0.39130434782609985,-0.19895287958115182,0.10294117647058817,0.18181818181818182,0,1,0,0
0.7499999999999956,0.6086956521739002,2.5235602094240837,-1.566176470588236,0.7545454545454545,0,1,0,0
0.7187499999999883,0.13043478260867525,0.43455497382198954,-0.4264705882352946,0.38181818181818183,0,0,1,0
-0.3437500000000083,-0.6956521739130499,0.5287958115183246,-0.39705882352941185,0.4727272727272727,0,1,0,0
-0.218750000000015,0.2608695652173752,-0.05759162303664921,0.4117647058823532,1.018181818181818,0,0,1,0
0.5312499999999983,0.3043478260869501,1.219895287958115,-1.0000000000000004,-0.4636363636363636,0,1,0,0
1.2500000000000044,1.3913043478260751,-0.23036649214659685,0.75,-0.6181818181818182,0,1,0,0
-0.81250000000001,-0.5217391304347998,-0.3507853403141361,0.3455882352941175,-0.9545454545454546,0,0,1,0
-0.25000000000000444,-0.652173913043475,-0.36649214659685864,-0.17647058823529407,-0.5909090909090909,0,1,0,0
0.593749999999995,0.17391304347825012,1.6020942408376964,-0.9558823529411768,0.6181818181818182,0,1,0,0
0.21874999999999722,0.43478260869565005,0.031413612565445025,-0.4926470588235298,0.5909090909090909,0,1,0,0
1.2187499999999971,1.2173913043478004,-0.9947643979057592,1.0147058823529413,0.8636363636363636,0,1,0,0
0.5312499999999983,0.43478260869565005,-0.5445026178010471,0.12499999999999974,0.16363636363636364,0,0,1,0
-1.1875000000000078,-1.217391304347825,-0.3089005235602094,0.6544117647058825,-0.8545454545454545,0,1,0,0
0.0,0.6086956521739002,-0.16753926701570682,0.5220588235294121,0.8545454545454545,0,1,0,0
0.6562499999999917,0.3043478260869501,-0.3403141361256545,0.09558823529411747,-0.37272727272727274,0,1,0,0
0.06249999999999667,0.6086956521739002,0.13089005235602094,0.058823529411764525,-0.2818181818181818,0,0,1,0
0.18749999999999,0.21739130434782503,-0.2931937172774869,0.04411764705882365,-0.22727272727272727,0,1,0,0
-0.7812500000000028,-0.2608695652173999,0.24083769633507854,-0.38235294117647095,-0.35454545454545455,0,1,0,0
0.12499999999999334,0.6086956521739002,-0.6544502617801047,0.595588235294118,-0.22727272727272727,0,0,1,0
-0.6250000000000022,-1.043478260869575,-0.6020942408376964,0.01470588235294087,0.01818181818181818,0,1,0,0
0.06249999999999667,0.6956521739130253,0.6910994764397905,-0.6102941176470591,0.44545454545454544,0,1,0,0
0.593749999999995,0.521739130434775,0.33507853403141363,0.07352941176470591,-0.7363636363636363,0,1,0,0
-0.406250000000005,-0.6086956521739249,-0.2774869109947644,0.2426470588235293,-0.37272727272727274,0,1,0,0
-0.25000000000000444,-0.6086956521739249,0.39790575916230364,-0.2794117647058828,0.9454545454545454,0,1,0,0
0.40624999999998723,0.0,-0.005235602094240838,0.4779411764705884,-0.6363636363636364,0,1,0,0
0.7499999999999956,0.9130434782608502,1.4240837696335078,-0.8970588235294124,-0.4636363636363636,0,1,0,0
1.2187499999999971,1.3478260869565002,-0.015706806282722512,0.036764705882352956,0.15454545454545454,0,0,1,0
0.06249999999999667,0.6086956521739002,-0.3036649214659686,0.5294117647058822,-0.6090909090909091,0,0,1,0
0.21874999999999722,0.7826086956521503,0.29842931937172773,-0.6102941176470591,-0.7818181818181819,0,1,0,0
0.7812500000000028,0.9565217391304252,0.2670157068062827,0.13970588235294112,-0.44545454545454544,0,1,0,0
0.7187499999999883,0.04347826086955017,-0.35602094240837695,0.35294117647058815,0.18181818181818182,1,0,0,0
-0.7500000000000133,-0.34782608695652495,2.0418848167539267,-1.1397058823529416,-0.8363636363636363,0,1,0,0
0.21874999999999722,0.4782608695652002,-0.5549738219895288,0.632352941176471,0.03636363636363636,0,1,0,0
0.5624999999999878,0.13043478260867525,2.020942408376963,-1.36764705882353,-0.13636363636363635,0,1,0,0
-0.6875000000000167,-0.3043478260869748,0.2879581151832461,-0.3235294117647059,-0.6181818181818182,0,1,0,0
-0.5937500000000128,-0.8260869565217499,-0.193717277486911,0.1691176470588234,0.5181818181818182,0,1,0,0
-0.5937500000000128,-1.043478260869575,2.350785340314136,-1.3602941176470593,-0.12727272727272726,0,0,1,0
-0.9062500000000139,-0.9565217391304498,0.14136125654450263,-0.30882352941176505,0.8181818181818182,0,0,1,0
1.1249999999999933,1.2608695652173751,-0.17801047120418848,-0.014705882352941391,0.2727272727272727,0,0,1,0
0.6874999999999989,0.4782608695652002,-0.612565445026178,0.75,0.02727272727272727,0,1,0,0
-0.5937500000000128,-0.5217391304347998,0.46596858638743455,-0.3602941176470589,0.3181818181818182,0,0,1,0
0.4999999999999911,0.21739130434782503,1.256544502617801,-1.0220588235294124,-0.32727272727272727,0,1,0,0
0.09374999999998612,-0.17391304347827483,-0.3298429319371728,0.19852941176470565,-0.02727272727272727,0,0,1,0
-0.5625000000000056,-0.8695652173913001,1.1465968586387434,-0.845588235294118,-0.16363636363636364,0,0,1,0
-0.28125000000001166,-0.652173913043475,-0.6387434554973822,0.7279411764705884,0.7818181818181819,0,1,0,0
-0.3125000000000011,-0.7391304347826249,0.2094240837696335,-0.16176470588235323,0.20909090909090908,0,1,0,0
0.18749999999999,0.521739130434775,-0.8115183246073299,0.9485294117647062,-0.6545454545454545,0,0,1,0
1.2500000000000044,1.3913043478260751,1.9895287958115184,-1.1470588235294124,0.7545454545454545,0,1,0,0
1.1562500000000007,1.17391304347825,-0.43455497382198954,0.573529411764706,0.8454545454545455,0,0,1,0
-0.09375000000000389,-0.39130434782609985,-0.35602094240837695,0.18382352941176477,0.03636363636363636,1,0,0,0
-0.37500000000001554,-0.43478260869565005,-0.6282722513089005,1.0882352941176474,0.34545454545454546,0,1,0,0
0.4999999999999911,0.4782608695652002,0.31413612565445026,-0.4117647058823532,0.2909090909090909,0,0,1,0
-0.406250000000005,0.0,-0.643979057591623,0.286764705882353,-0.4636363636363636,1,0,0,0
-0.3125000000000011,0.17391304347825012,-0.9109947643979057,1.0882352941176474,-0.44545454545454544,0,1,0,0
-0.3125000000000011,-0.652173913043475,-0.4973821989528796,0.48529411764705915,0.8090909090909091,0,1,0,0
0.21874999999999722,0.17391304347825012,1.0104712041884816,-0.7647058823529417,0.5,0,0,1,0
0.0,-0.39130434782609985,-0.25654450261780104,0.3161764705882352,-0.8,0,0,1,0
0.34374999999999056,0.3043478260869501,-0.581151832460733,0.9191176470588239,-0.7636363636363637,0,1,0,0
0.031249999999989453,-0.34782608695652495,0.1518324607329843,0.22794117647058842,-0.4909090909090909,0,1,0,0
-0.7500000000000133,-1.30434782608695,1.1099476439790577,-0.7279411764705886,-0.9727272727272728,0,1,0,0
0.593749999999995,0.21739130434782503,-0.3403141361256545,0.22794117647058842,-0.8636363636363636,1,0,0,0
0.6562499999999917,0.5652173913043252,0.18848167539267016,-0.36764705882352955,-0.7545454545454545,0,0,1,0
0.4999999999999911,0.39130434782607515,0.03664921465968586,0.5661764705882352,-0.7272727272727273,0,0,1,0
1.1249999999999933,1.04347826086955,-0.21465968586387435,0.4485294117647062,0.5272727272727272,0,1,0,0
0.2812499999999939,0.34782608695650025,2.130890052356021,-1.3382352941176479,-0.6363636363636364,0,0,1,0
-1.0000000000000178,-0.913043478260875,0.05759162303664921,0.06617647058823521,0.11818181818181818,0,1,0,0
-0.15625000000000056,0.34782608695650025,0.8115183246073299,-0.8897058823529417,-0.2818181818181818,0,1,0,0
-0.3437500000000083,0.04347826086955017,0.3193717277486911,-0.014705882352941391,-0.09090909090909091,0,0,1,0
0.6874999999999989,0.3043478260869501,0.041884816753926704,0.5882352941176473,-0.7545454545454545,0,1,0,0
-0.031250000000007216,-0.2608695652173999,1.1780104712041886,-1.0367647058823535,-0.6363636363636364,0,1,0,0
-0.4375000000000122,-0.39130434782609985,-0.5602094240837696,0.3455882352941175,0.6454545454545455,0,1,0,0
1.093750000000004,1.04347826086955,-0.23036649214659685,0.595588235294118,-0.8181818181818182,0,0,1,0
0.8749999999999889,0.9130434782608502,0.9109947643979057,-0.7058823529411768,-0.5545454545454546,0,1,0,0
-0.81250000000001,-0.56521739130435,0.15706806282722513,0.10294117647058817,1.0545454545454545,0,1,0,0
0.593749999999995,-0.13043478260869995,-1.1675392670157068,1.2647058823529413,0.36363636363636365,1,0,0,1
-0.6875000000000167,-0.04347826086957489,-0.33507853403141363,0.11764705882352956,0.7090909090909091,0,0,1,0
-1.406250000000005,-1.782608695652175,-0.4397905759162304,0.808823529411765,-0.9090909090909091,0,1,0,0
-0.031250000000007216,-0.39130434782609985,1.3403141361256545,-0.8970588235294124,-0.9272727272727272,0,1,0,0
0.43749999999999445,0.21739130434782503,2.5916230366492146,-1.4632352941176479,0.9363636363636364,0,1,0,0
0.6874999999999989,0.652173913043475,0.8115183246073299,-0.5735294117647064,0.39090909090909093,0,1,0,0
-0.9687500000000105,-0.8260869565217499,0.387434554973822,-0.7867647058823535,0.20909090909090908,0,1,0,0
-0.406250000000005,-0.13043478260869995,-0.4712041884816754,0.39705882352941185,-0.39090909090909093,0,0,1,0
-0.6875000000000167,-0.913043478260875,-1.0837696335078535,1.6764705882352946,-0.6,0,1,0,0
-0.06250000000001443,0.08695652173912506,-1.2303664921465969,0.9705882352941178,0.35454545454545455,0,1,0,0
0.593749999999995,0.21739130434782503,-0.7591623036649214,0.9558823529411768,0.7909090909090909,0,1,0,0
0.0,0.5652173913043252,0.3612565445026178,-0.286764705882353,0.8363636363636363,0,1,0,0
0.21874999999999722,-0.13043478260869995,0.806282722513089,-0.6617647058823533,0.4,0,1,0,0
-0.09375000000000389,0.34782608695650025,0.2198952879581152,0.04411764705882365,0.5363636363636364,0,1,0,0
-0.9687500000000105,-0.9565217391304498,1.7958115183246073,-0.9411764705882357,0.6545454545454545,1,0,0,0
1.0624999999999967,0.7826086956521503,-0.05235602094240838,-0.10294117647058817,-0.8454545454545455,0,1,0,0
-0.25000000000000444,-0.5217391304347998,0.387434554973822,-0.38235294117647095,0.4818181818181818,0,0,1,0
0.18749999999999,0.7826086956521503,1.0157068062827226,-0.8750000000000006,0.7636363636363637,0,0,1,0
0.8124999999999922,0.7826086956521503,-0.5968586387434555,0.47058823529411775,-0.8363636363636363,0,1,0,0
1.2187499999999971,1.30434782608695,-0.19895287958115182,0.06617647058823521,-0.34545454545454546,0,1,0,0
0.5624999999999878,0.4782608695652002,-0.1518324607329843,0.12499999999999974,-0.8090909090909091,1,0,0,0
0.18749999999999,0.21739130434782503,0.6701570680628273,-0.5514705882352944,-0.5818181818181818,1,0,0,0
-0.7812500000000028,-0.782608695652175,0.18324607329842932,0.007352941176470696,-0.9727272727272728,0,0,1,0
0.06249999999999667,0.6956521739130253,-0.3036649214659686,0.5294117647058822,-0.8363636363636363,0,1,0,0
0.12499999999999334,-0.13043478260869995,-0.39267015706806285,0.2720588235294116,0.10909090909090909,0,1,0,0
-0.9687500000000105,-1.0,0.2617801047120419,-0.5000000000000006,0.43636363636363634,0,1,0,0
-0.8437500000000172,-0.782608695652175,-0.14659685863874344,0.029411764705882262,1.0454545454545454,0,1,0,1
-0.15625000000000056,0.04347826086955017,0.44502617801047123,-0.4411764705882355,-0.6272727272727273,0,1,0,0
-0.37500000000001554,0.2608695652173752,0.7068062827225131,-0.4779411764705884,1.009090909090909,0,0,1,0
-0.5625000000000056,-0.9565217391304498,-0.5445026178010471,0.5661764705882352,-0.07272727272727272,0,1,0,0
0.21874999999999722,-0.17391304347827483,-0.44502617801047123,0.4779411764705884,-0.8636363636363636,0,1,0,0
-0.3437500000000083,-0.6086956521739249,-0.4973821989528796,0.6176470588235295,-0.7454545454545455,1,0,0,0
-0.18750000000000777,0.2608695652173752,-0.418848167539267,1.2058823529411768,-0.9090909090909091,0,0,1,0
-1.0000000000000178,-0.9565217391304498,0.16753926701570682,-0.06617647058823521,0.23636363636363636,0,1,0,0
0.18749999999999,0.7826086956521503,-0.08900523560209424,-0.3161764705882357,-0.6818181818181818,0,1,0,0
0.6562499999999917,0.17391304347825012,1.7225130890052356,-1.205882352941177,0.2,0,0,1,0
-0.6250000000000022,-0.7391304347826249,0.46596858638743455,-0.13970588235294112,0.9454545454545454,0,1,0,0
-0.6250000000000022,-1.0,0.5497382198952879,-0.5514705882352944,-0.45454545454545453,0,0,1,0
0.5624999999999878,0.39130434782607515,-0.6230366492146597,0.5367647058823529,0.12727272727272726,0,0,1,0
0.18749999999999,0.39130434782607515,-0.3507853403141361,0.35294117647058815,0.10909090909090909,0,1,0,0
-1.093750000000004,-1.1739130434782747,-0.7068062827225131,0.36764705882352955,0.7090909090909091,0,1,0,0
-0.6875000000000167,-0.08695652173914978,0.20418848167539266,-0.4632352941176476,-0.6727272727272727,0,1,0,0
-0.3437500000000083,0.08695652173912506,0.8115183246073299,-0.9191176470588239,-0.34545454545454546,1,0,0,0
0.43749999999999445,0.13043478260867525,5.947643979057592,-2.0661764705882364,-0.7818181818181819,0,0,1,1
0.15625000000000056,-0.21739130434782503,-0.4816753926701571,0.11029411764705888,0.3,0,1,0,0
-0.3437500000000083,-0.43478260869565005,0.46596858638743455,-0.3750000000000003,0.8454545454545455,0,1,0,0
0.5312499999999983,0.21739130434782503,-0.2670157068062827,0.6102941176470589,0.02727272727272727,0,1,0,0
0.6874999999999989,0.6956521739130253,0.7120418848167539,-0.2573529411764707,0.12727272727272726,0,0,1,0
-0.7187500000000061,-0.9565217391304498,0.5078534031413613,-0.48529411764705915,-0.8545454545454545,1,0,0,0
0.40624999999998723,0.21739130434782503,0.27225130890052357,0.2352941176470586,0.9545454545454546,0,1,0,0
-0.37500000000001554,-0.652173913043475,-0.4712041884816754,0.47058823529411775,0.13636363636363635,0,1,0,0
-1.0312500000000073,-0.9565217391304498,-0.4712041884816754,0.47058823529411775,0.12727272727272726,0,1,0,0
0.2812499999999939,0.17391304347825012,-1.3350785340314135,1.5661764705882357,-0.2727272727272727,0,1,0,0
0.031249999999989453,0.6086956521739002,-0.3717277486910995,0.2573529411764707,0.18181818181818182,1,0,0,0
-0.25000000000000444,-0.4782608695652249,-0.4397905759162304,0.4779411764705884,0.4636363636363636,0,1,0,0
0.6562499999999917,0.13043478260867525,-0.24607329842931938,0.5441176470588237,0.5454545454545454,0,0,1,0
-0.8437500000000172,-0.3043478260869748,-0.15706806282722513,0.39705882352941185,-0.11818181818181818,0,1,0,0
-0.8437500000000172,-0.913043478260875,-0.774869109947644,1.1029411764705888,-0.4,0,0,1,0
0.34374999999999056,-0.08695652173914978,-0.6335078534031413,0.9044117647058825,-0.8545454545454545,0,1,0,0
0.12499999999999334,0.6956521739130253,0.6073298429319371,-0.5441176470588237,-0.2,0,1,0,0
0.12499999999999334,-0.13043478260869995,-0.4869109947643979,0.3161764705882352,0.03636363636363636,0,0,1,0
0.593749999999995,0.39130434782607515,1.8952879581151831,-1.2794117647058831,-0.5363636363636364,0,1,0,0
-1.4375000000000122,-1.69565217391305,-0.2879581151832461,0.6470588235294118,-0.38181818181818183,0,1,0,0
-0.81250000000001,-0.6956521739130499,0.9842931937172775,-0.5147058823529413,-0.8909090909090909,0,1,0,0
0.0,0.5652173913043252,-0.3403141361256545,0.15441176470588253,0.2909090909090909,0,1,0,0
0.24999999999998668,-0.17391304347827483,4.460732984293194,-1.8897058823529422,0.8545454545454545,0,1,0,0
0.9687499999999928,0.5652173913043252,0.5445026178010471,-0.2573529411764707,-0.5818181818181818,1,0,0,0
0.3749999999999978,0.0,0.8324607329842932,-0.6691176470588239,-0.6363636363636364,0,1,0,0
0.12499999999999334,-0.17391304347827483,0.5916230366492147,-0.4117647058823532,0.43636363636363634,0,1,0,0
-0.218750000000015,-0.34782608695652495,0.9895287958115183,-0.8602941176470594,0.8545454545454545,0,0,1,0
0.5312499999999983,-0.04347826086957489,0.7277486910994765,-0.5514705882352944,0.8545454545454545,0,1,0,0
0.0,0.5652173913043252,0.6596858638743456,-0.6470588235294121,-0.6,0,1,0,0
0.40624999999998723,0.17391304347825012,0.680628272251309,-0.04411764705882365,-0.9727272727272728,0,1,0,0
0.8124999999999922,0.9999999999999752,2.3612565445026177,-1.1250000000000004,-0.8545454545454545,0,1,0,0
-0.1250000000000111,-0.34782608695652495,-0.450261780104712,1.0661764705882357,0.21818181818181817,0,1,0,0
-0.1250000000000111,0.3043478260869501,-0.5130890052356021,0.5514705882352944,0.7727272727272727,0,0,1,0
0.06249999999999667,0.7826086956521503,0.5549738219895288,-0.4485294117647062,0.6363636363636364,0,1,0,0
0.2812499999999939,0.652173913043475,-0.2879581151832461,0.27941176470588225,0.34545454545454546,0,0,1,0
1.1249999999999933,0.9130434782608502,0.3403141361256545,-0.4632352941176476,-0.1,0,1,0,0
1.18749999999999,1.1304347826086751,0.518324607329843,-0.45588235294117685,0.5272727272727272,0,1,0,0
0.46875000000000167,0.13043478260867525,0.5026178010471204,0.11764705882352956,0.08181818181818182,0,1,0,0
-0.7500000000000133,-0.7391304347826249,1.2303664921465969,-0.9117647058823535,-0.1,1,0,0,0
0.2812499999999939,0.34782608695650025,1.7015706806282722,-1.1029411764705888,0.5363636363636364,0,1,0,0
-0.031250000000007216,-0.34782608695652495,-0.15706806282722513,0.4338235294117648,-0.6545454545454545,0,1,0,0
-0.3437500000000083,-0.04347826086957489,-0.09947643979057591,-0.036764705882352956,0.9545454545454546,0,1,0,0
-0.406250000000005,-0.13043478260869995,1.3089005235602094,-0.9264705882352946,0.20909090909090908,0,1,0,0
-0.6250000000000022,-0.5217391304347998,1.5759162303664922,-1.1029411764705888,0.1,0,0,1,0
0.4999999999999911,-0.2608695652173999,-1.0732984293193717,1.86764705882353,1.1090909090909091,0,1,0,1
-0.5000000000000089,-0.8695652173913001,-0.010471204188481676,-0.06617647058823521,0.18181818181818182,0,0,1,0
0.24999999999998668,0.34782608695650025,2.575916230366492,-1.4632352941176479,-0.01818181818181818,0,1,0,0
-0.37500000000001554,-0.6086956521739249,1.1727748691099475,-0.7867647058823535,0.08181818181818182,0,1,0,0
0.031249999999989453,0.6086956521739002,0.13089005235602094,-0.29411764705882365,0.16363636363636364,0,1,0,0
-0.7187500000000061,-1.1739130434782747,0.04712041884816754,0.051470588235293824,0.2727272727272727,0,1,0,0
-0.5312500000000161,-0.9565217391304498,0.21465968586387435,-0.30882352941176505,0.22727272727272727,0,1,0,0
-0.7187500000000061,-1.1304347826087,0.6701570680628273,-0.6470588235294121,0.15454545454545454,1,0,0,0
-0.7812500000000028,-0.652173913043475,-0.774869109947644,0.463235294117647,-0.8545454545454545,0,1,0,0
-0.218750000000015,-0.43478260869565005,-0.9267015706806283,1.6102941176470593,0.3181818181818182,0,0,1,0
1.093750000000004,0.7391304347826001,0.581151832460733,-0.5073529411764707,0.43636363636363634,0,1,0,0
0.43749999999999445,0.2608695652173752,0.3403141361256545,-0.5147058823529413,-0.6272727272727273,0,1,0,0
-0.06250000000001443,-0.3043478260869748,0.031413612565445025,0.19852941176470565,0.7545454545454545,0,0,1,0
-0.8437500000000172,-0.4782608695652249,-0.031413612565445025,0.12499999999999974,0.33636363636363636,0,0,1,0
0.593749999999995,0.521739130434775,0.031413612565445025,-0.014705882352941391,-0.7454545454545455,0,1,0,0
-0.9062500000000139,-0.913043478260875,-0.13089005235602094,0.17647058823529407,-0.4636363636363636,0,0,1,0
-0.5625000000000056,-0.3043478260869748,0.3403141361256545,-0.3161764705882357,0.3,0,1,0,0
-0.6562500000000094,-0.8695652173913001,-0.25654450261780104,-0.22058823529411775,-0.6545454545454545,0,1,0,0
0.34374999999999056,0.9999999999999752,-0.5654450261780105,0.5661764705882352,-0.15454545454545454,1,0,0,0
0.24999999999998668,0.43478260869565005,0.225130890052356,-0.17647058823529407,0.23636363636363636,0,0,1,0
-0.5312500000000161,-0.652173913043475,-0.36649214659685864,0.5147058823529413,-0.05454545454545454,0,1,0,0
-0.8750000000000067,-0.6086956521739249,0.015706806282722512,-0.058823529411765045,0.7272727272727273,0,1,0,0
-0.031250000000007216,-0.2608695652173999,0.7225130890052356,-0.7352941176470591,-0.6545454545454545,0,1,0,0
0.4999999999999911,0.43478260869565005,-0.07329842931937172,0.09558823529411747,0.00909090909090909,0,0,1,0
0.09374999999998612,-0.13043478260869995,-0.2879581151832461,-0.029411764705882262,0.0,1,0,0,0
-0.18750000000000777,0.3043478260869501,0.5078534031413613,-0.5661764705882357,-0.36363636363636365,1,0,0,0
-0.5625000000000056,-1.043478260869575,1.1204188481675392,-0.9558823529411768,-0.9090909090909091,0,0,1,0
-0.8437500000000172,-0.782608695652175,-0.06806282722513089,0.18382352941176477,0.5181818181818182,0,1,0,0
0.2812499999999939,-0.17391304347827483,-0.18324607329842932,0.13970588235294112,0.3090909090909091,0,1,0,0
-0.25000000000000444,-0.652173913043475,-0.9895287958115183,0.595588235294118,-0.38181818181818183,0,1,0,0
0.09374999999998612,0.17391304347825012,-0.015706806282722512,0.21323529411764705,-0.8909090909090909,0,0,1,0
0.18749999999999,0.21739130434782503,0.3612565445026178,-0.11764705882352956,-0.5181818181818182,0,0,1,0
0.18749999999999,0.39130434782607515,1.2408376963350785,-1.0661764705882357,0.6272727272727273,0,0,1,0
1.2812499999999938,1.4782608695652002,0.225130890052356,0.09558823529411747,-0.44545454545454544,1,0,0,0
-0.15625000000000056,-0.39130434782609985,0.5130890052356021,-0.5000000000000006,-0.6727272727272727,0,1,0,0
-0.5937500000000128,-0.8695652173913001,-0.21465968586387435,0.7205882352941178,-0.34545454545454546,0,1,0,0
0.031249999999989453,-0.43478260869565005,-0.5078534031413613,0.15441176470588253,-0.6090909090909091,0,0,1,0
-0.3125000000000011,0.08695652173912506,-1.4136125654450262,1.3897058823529416,-0.23636363636363636,0,0,1,0
-0.25000000000000444,-0.43478260869565005,-0.17277486910994763,0.07352941176470591,0.1,0,1,0,0
0.6250000000000022,0.6086956521739002,1.9005235602094241,-1.2500000000000004,0.4727272727272727,0,0,1,0
-0.5625000000000056,-0.21739130434782503,0.1256544502617801,-0.6764705882352946,0.7454545454545455,0,1,0,0
-0.6562500000000094,-0.56521739130435,1.5026178010471205,-0.9485294117647064,0.7818181818181819,0,1,0,0
-0.5625000000000056,-0.43478260869565005,0.675392670157068,-0.5441176470588237,-0.9727272727272728,0,0,1,0
-0.4375000000000122,-0.2608695652173999,-0.29842931937172773,-0.007352941176470696,0.4818181818181818,0,1,0,0
-0.3437500000000083,-0.6086956521739249,3.910994764397906,-1.727941176470589,0.9181818181818182,0,1,0,0
-0.46875000000000167,-0.782608695652175,-1.1780104712041886,1.5000000000000004,-0.6818181818181818,0,1,0,0
-0.5937500000000128,-0.913043478260875,-0.4816753926701571,0.1691176470588234,-0.5363636363636364,0,1,0,0
-0.6875000000000167,-1.086956521739125,-0.8324607329842932,1.0441176470588236,0.4,0,1,0,0
-0.5625000000000056,-0.43478260869565005,0.4712041884816754,0.0,-0.8090909090909091,0,1,0,0
-1.1875000000000078,-1.1739130434782747,-0.19895287958115182,0.5147058823529413,0.9818181818181818,0,1,0,0
-0.28125000000001166,0.2608695652173752,1.225130890052356,-0.9632352941176475,1.0727272727272728,0,1,0,1
-0.28125000000001166,-0.782608695652175,-0.4869109947643979,0.21323529411764705,-0.7363636363636363,0,1,0,0
-0.46875000000000167,-0.21739130434782503,0.193717277486911,-0.3161764705882357,-0.9272727272727272,0,1,0,0
-0.5312500000000161,-0.34782608695652495,0.04712041884816754,-0.3161764705882357,-0.8090909090909091,0,1,0,0
-0.06250000000001443,-0.39130434782609985,-0.06282722513089005,0.3088235294117645,0.9727272727272728,0,1,0,0
0.09374999999998612,0.13043478260867525,-1.0732984293193717,1.5661764705882357,-0.8,0,1,0,0
0.6874999999999989,0.43478260869565005,-0.2513089005235602,0.01470588235294087,0.34545454545454546,1,0,0,0
-0.7187500000000061,-0.56521739130435,0.2931937172774869,-0.3602941176470589,-0.37272727272727274,0,1,0,0
0.6562499999999917,0.3043478260869501,0.8900523560209425,-0.5294117647058828,-0.5,0,1,0,0
0.8124999999999922,0.8260869565217251,-0.010471204188481676,-0.22794117647058842,-0.2727272727272727,0,1,0,0
0.6874999999999989,0.6956521739130253,0.7591623036649214,-0.5882352941176473,0.8181818181818182,0,1,0,0
-0.7812500000000028,-0.652173913043475,0.4293193717277487,0.13970588235294112,-0.15454545454545454,0,0,1,0
0.8749999999999889,0.9565217391304252,2.020942408376963,-1.2720588235294124,0.37272727272727274,0,1,0,0
-0.09375000000000389,0.08695652173912506,1.581151832460733,-1.205882352941177,0.8272727272727273,0,0,1,0
-0.218750000000015,-0.34782608695652495,-0.5340314136125655,1.3897058823529416,-0.6272727272727273,0,1,0,0
-0.37500000000001554,-0.8260869565217499,2.717277486910995,-1.477941176470589,-0.7636363636363637,0,0,1,0
-0.81250000000001,-0.6956521739130499,-0.21465968586387435,0.8970588235294118,0.37272727272727274,0,1,0,0
0.8124999999999922,0.9130434782608502,-0.2774869109947644,0.882352941176471,0.9636363636363636,0,1,0,1
0.18749999999999,0.21739130434782503,-0.07853403141361257,-0.06617647058823521,0.7454545454545455,0,0,1,0
0.6562499999999917,0.521739130434775,-0.14659685863874344,0.6250000000000002,-0.02727272727272727,0,1,0,0
-0.3125000000000011,0.13043478260867525,0.1099476439790576,0.8308823529411766,-0.37272727272727274,0,0,1,0
0.031249999999989453,-0.04347826086957489,0.8429319371727748,-0.6911764705882357,0.6545454545454545,0,0,1,0
-0.3125000000000011,-0.652173913043475,-1.2722513089005236,1.3014705882352944,0.4090909090909091,0,1,0,0
-0.5000000000000089,-0.2608695652173999,-1.094240837696335,1.9558823529411773,-0.8636363636363636,0,1,0,1
-0.25000000000000444,-0.4782608695652249,0.041884816753926704,0.5661764705882352,0.37272727272727274,0,1,0,0
-0.15625000000000056,-0.39130434782609985,0.2931937172774869,-0.07352941176470591,0.02727272727272727,0,1,0,0
0.6874999999999989,0.8260869565217251,1.2722513089005236,-0.882352941176471,0.5454545454545454,0,1,0,0
-0.06250000000001443,-0.2608695652173999,0.33507853403141363,-0.3382352941176473,0.5818181818181818,0,1,0,0
-0.7812500000000028,-0.652173913043475,-0.6282722513089005,0.5441176470588237,-0.2909090909090909,0,1,0,0
0.593749999999995,0.3043478260869501,2.329842931937173,-1.5000000000000009,-0.37272727272727274,0,1,0,0
0.34374999999999056,0.08695652173912506,-0.7643979057591623,1.058823529411765,-0.5272727272727272,0,0,1,0
-0.28125000000001166,0.21739130434782503,0.33507853403141363,-0.12500000000000025,0.5909090909090909,0,1,0,0
-0.8437500000000172,-0.7391304347826249,0.36649214659685864,-0.4117647058823532,0.8909090909090909,0,1,0,0
-0.7812500000000028,-0.652173913043475,0.4816753926701571,-0.23529411764705913,-0.7454545454545455,0,0,1,0
1.1562500000000007,1.30434782608695,3.2146596858638743,-1.580882352941177,-0.7727272727272727,0,0,1,0
-0.6875000000000167,-0.9565217391304498,-0.14136125654450263,0.3750000000000003,-0.14545454545454545,0,1,0,0
-0.8750000000000067,-0.782608695652175,-0.38219895287958117,0.13235294117647042,-0.10909090909090909,0,1,0,0
-0.6875000000000167,-1.086956521739125,2.481675392670157,-1.4632352941176479,0.6818181818181818,0,1,0,0
-0.218750000000015,0.3043478260869501,-0.6649214659685864,1.0147058823529413,0.9818181818181818,0,1,0,1
-0.031250000000007216,0.4782608695652002,-0.5759162303664922,0.22058823529411775,-0.5636363636363636,1,0,0,0
0.06249999999999667,0.7391304347826001,-0.44502617801047123,0.4264705882352941,-0.4909090909090909,0,1,0,0
-0.25000000000000444,-0.34782608695652495,0.10471204188481675,-0.16176470588235323,0.8818181818181818,0,0,1,0
-0.7500000000000133,-0.4782608695652249,0.020942408376963352,-0.13970588235294112,-0.11818181818181818,0,1,0,0
-0.3125000000000011,-0.652173913043475,-0.34554973821989526,0.11029411764705888,0.6909090909090909,0,1,0,0
0.15625000000000056,-0.04347826086957489,0.041884816753926704,-0.23529411764705913,-0.01818181818181818,0,1,0,0
0.18749999999999,-0.2608695652173999,-0.1256544502617801,-0.4117647058823532,0.8181818181818182,0,1,0,0
-0.18750000000000777,0.34782608695650025,-0.6544502617801047,0.632352941176471,0.10909090909090909,0,0,1,0
0.21874999999999722,0.34782608695650025,-0.24083769633507854,0.558823529411765,-0.22727272727272727,0,1,0,0
-0.7187500000000061,-0.6956521739130499,-0.07853403141361257,0.13235294117647042,0.8090909090909091,0,0,1,0
0.06249999999999667,0.5652173913043252,-0.612565445026178,0.5882352941176473,0.10909090909090909,0,0,1,0
-0.7500000000000133,-0.8260869565217499,0.12041884816753927,0.0,0.5272727272727272,1,0,0,0
0.15625000000000056,-0.21739130434782503,0.9476439790575916,-0.5367647058823535,-0.4909090909090909,0,1,0,0
-0.7187500000000061,-0.9565217391304498,-0.2931937172774869,0.6250000000000002,-0.5545454545454546,0,1,0,0
1.2187499999999971,1.30434782608695,1.0,-0.6397058823529417,0.08181818181818182,0,0,1,0
-0.25000000000000444,-0.39130434782609985,-0.3298429319371728,-0.19117647058823548,0.03636363636363636,0,0,1,0
-1.0000000000000178,-1.0,-0.5392670157068062,1.2500000000000004,0.8636363636363636,0,1,0,1
-0.37500000000001554,-0.8260869565217499,0.9581151832460733,-0.7132352941176475,-0.4909090909090909,0,1,0,0
0.8749999999999889,0.9999999999999752,-0.8848167539267016,0.7941176470588237,-0.9272727272727272,0,0,1,0
-0.5312500000000161,-0.782608695652175,-0.36649214659685864,1.632352941176471,-0.7909090909090909,0,1,0,1
0.21874999999999722,-0.3043478260869748,-0.8429319371727748,1.6397058823529416,0.05454545454545454,0,0,1,1
-0.5000000000000089,-0.913043478260875,-0.2198952879581152,0.8676470588235295,0.45454545454545453,0,0,1,0
-0.06250000000001443,0.521739130434775,0.7539267015706806,-0.9264705882352946,-0.7363636363636363,0,1,0,0
0.3125000000000011,0.521739130434775,-1.2303664921465969,1.4632352941176476,-0.4909090909090909,0,1,0,0
0.06249999999999667,0.7826086956521503,-0.387434554973822,0.11029411764705888,0.7,0,0,1,0
0.7187499999999883,0.04347826086955017,0.18848167539267016,-0.17647058823529407,-0.7090909090909091,0,1,0,0
0.40624999999998723,0.08695652173912506,-0.675392670157068,0.5514705882352944,0.6272727272727273,0,1,0,0
0.593749999999995,-0.08695652173914978,1.2146596858638743,-0.9485294117647064,0.7727272727272727,1,0,0,0
-0.5625000000000056,-0.43478260869565005,-0.5654450261780105,0.7132352941176471,0.23636363636363636,0,1,0,0
-0.46875000000000167,-0.3043478260869748,-0.5026178010471204,0.36764705882352955,0.6272727272727273,0,0,1,0
-0.81250000000001,-0.6086956521739249,-0.29842931937172773,0.9485294117647062,0.5545454545454546,0,0,1,0
0.7812500000000028,0.04347826086955017,0.31413612565445026,-0.08088235294117661,-0.09090909090909091,0,0,1,0
0.15625000000000056,0.08695652173912506,2.183246073298429,-1.3088235294117654,1.0545454545454545,0,1,0,0
0.09374999999998612,-0.17391304347827483,0.9528795811518325,-0.6470588235294121,0.4090909090909091,0,1,0,0
0.18749999999999,0.7391304347826001,-0.32460732984293195,-0.14705882352941183,-0.6636363636363637,0,1,0,0
0.12499999999999334,0.652173913043475,0.031413612565445025,0.5220588235294121,0.8636363636363636,0,1,0,0
-0.5000000000000089,-0.21739130434782503,-0.3403141361256545,0.3235294117647059,0.15454545454545454,0,0,1,0
-0.37500000000001554,-0.13043478260869995,-0.581151832460733,0.22058823529411775,1.009090909090909,0,0,1,0
-0.7187500000000061,-0.13043478260869995,0.9057591623036649,-0.8161764705882357,0.6454545454545455,0,0,1,0
0.6562499999999917,0.6086956521739002,-0.7486910994764397,0.9485294117647062,-0.6454545454545455,0,0,1,0
0.5312499999999983,0.4782608695652002,1.7643979057591623,-0.9926470588235299,0.8636363636363636,0,1,0,0
0.031249999999989453,0.13043478260867525,0.07853403141361257,0.12499999999999974,-0.9272727272727272,0,1,0,0
-0.81250000000001,-0.6956521739130499,0.225130890052356,0.022058823529411565,0.2,0,1,0,0
0.8749999999999889,1.04347826086955,0.2513089005235602,-0.007352941176470696,-0.7909090909090909,0,0,1,0
0.6250000000000022,0.4782608695652002,0.5916230366492147,-0.36764705882352955,-0.45454545454545453,0,0,1,0
0.031249999999989453,0.7391304347826001,-0.4869109947643979,0.8308823529411766,0.7454545454545455,0,1,0,0
0.46875000000000167,0.2608695652173752,-0.24083769633507854,0.022058823529411565,0.9636363636363636,0,1,0,0
-0.9687500000000105,-1.0,-0.518324607329843,0.04411764705882365,0.7,1,0,0,0
0.12499999999999334,0.652173913043475,-0.25654450261780104,0.09558823529411747,0.00909090909090909,0,0,1,0
-0.06250000000001443,-0.43478260869565005,-0.47643979057591623,0.6029411764705882,0.8272727272727273,0,1,0,0
-0.5625000000000056,-0.43478260869565005,-0.5235602094240838,0.36764705882352955,0.2818181818181818,0,1,0,0
0.6562499999999917,0.34782608695650025,0.5287958115183246,0.029411764705882262,-0.35454545454545455,0,1,0,0
0.7499999999999956,0.04347826086955017,1.1151832460732984,-0.7500000000000006,0.44545454545454544,0,1,0,0
0.18749999999999,-0.21739130434782503,0.11518324607329843,-0.2647058823529414,-0.32727272727272727,0,0,1,0
0.3125000000000011,0.43478260869565005,0.5863874345549738,-0.17647058823529407,0.41818181818181815,0,0,1,0
0.34374999999999056,0.04347826086955017,-0.6178010471204188,0.1617647058823527,-0.5909090909090909,0,1,0,0
-0.3125000000000011,0.08695652173912506,-0.16230366492146597,0.4779411764705884,0.45454545454545453,0,1,0,0
-0.28125000000001166,-0.56521739130435,-0.5130890052356021,0.8308823529411766,0.6909090909090909,0,1,0,0
0.2812499999999939,0.2608695652173752,0.806282722513089,-0.7500000000000006,0.37272727272727274,0,0,1,0
-0.6875000000000167,-0.5217391304347998,0.3298429319371728,0.13235294117647042,-0.5181818181818182,0,1,0,0
0.6874999999999989,0.4782608695652002,-0.3717277486910995,0.19117647058823548,-0.35454545454545455,0,0,1,0
0.18749999999999,0.3043478260869501,-0.1256544502617801,0.6617647058823533,-0.32727272727272727,0,1,0,0
-0.7500000000000133,-0.5217391304347998,0.14136125654450263,-0.07352941176470591,0.00909090909090909,0,0,1,0
0.031249999999989453,0.6086956521739002,0.06282722513089005,-0.24264705882352983,-0.7272727272727273,1,0,0,0
0.06249999999999667,0.652173913043475,0.5968586387434555,-0.558823529411765,0.07272727272727272,0,0,1,0
0.6874999999999989,0.652173913043475,-0.32460732984293195,1.0147058823529413,-0.3,1,0,0,0
-0.406250000000005,-0.13043478260869995,-0.34554973821989526,0.19852941176470565,-0.7636363636363637,0,1,0,0
0.09374999999998612,0.43478260869565005,-0.5549738219895288,0.7867647058823529,0.7454545454545455,0,1,0,0
-0.9375000000000033,-0.6086956521739249,-0.1518324607329843,0.1617647058823527,-0.39090909090909093,0,1,0,0
0.12499999999999334,0.521739130434775,-0.06806282722513089,0.12499999999999974,-0.6181818181818182,0,1,0,0
-0.28125000000001166,-0.7391304347826249,-0.4607329842931937,0.25,-0.4909090909090909,0,0,1,0
0.7499999999999956,0.04347826086955017,-0.13612565445026178,0.11029411764705888,-0.8272727272727273,0,1,0,0
-0.9062500000000139,-0.652173913043475,0.7801047120418848,-0.5882352941176473,-0.5,0,1,0,0
-0.3125000000000011,0.2608695652173752,-1.0157068062827226,0.808823529411765,0.7363636363636363,0,1,0,0
0.6562499999999917,0.3043478260869501,1.2617801047120418,-0.7647058823529417,-0.8272727272727273,0,1,0,0
0.2812499999999939,0.34782608695650025,-0.1256544502617801,0.3088235294117645,0.7909090909090909,0,1,0,0
0.593749999999995,0.21739130434782503,0.18848167539267016,-0.19852941176470618,-0.1,0,0,1,0
0.8124999999999922,0.9565217391304252,-0.8219895287958116,1.5514705882352948,0.5727272727272728,0,1,0,0
0.6874999999999989,0.4782608695652002,-0.5130890052356021,0.558823529411765,-0.17272727272727273,0,0,1,0
-0.5937500000000128,-1.0,-0.6701570680628273,0.4779411764705884,0.7363636363636363,0,1,0,0
-0.5625000000000056,-0.04347826086957489,1.8586387434554974,-1.191176470588236,0.06363636363636363,0,1,0,0
-0.1250000000000111,-0.3043478260869748,-0.7382198952879581,0.8676470588235295,0.09090909090909091,0,1,0,0
0.2812499999999939,0.43478260869565005,0.5863874345549738,-0.3308823529411766,0.4636363636363636,0,1,0,0
-0.37500000000001554,-0.56521739130435,-1.162303664921466,1.0147058823529413,-0.2727272727272727,0,1,0,0
0.06249999999999667,0.6956521739130253,-0.2670157068062827,0.10294117647058817,0.5909090909090909,0,1,0,0
-0.5937500000000128,-0.6086956521739249,0.5026178010471204,-0.286764705882353,-0.7181818181818181,0,0,1,0
-0.37500000000001554,-0.08695652173914978,0.07329842931937172,-0.2573529411764707,0.09090909090909091,0,1,0,0
-0.406250000000005,-0.13043478260869995,0.6858638743455497,-0.4779411764705884,-0.7272727272727273,0,1,0,0
-0.7187500000000061,-1.2608695652173998,-0.02617801047120419,-0.14705882352941183,0.7363636363636363,0,1,0,0
0.40624999999998723,0.21739130434782503,0.6858638743455497,-0.6617647058823533,0.5818181818181818,0,1,0,0
0.18749999999999,0.39130434782607515,1.0628272251308901,-1.1102941176470593,0.41818181818181815,0,0,1,0
-1.2500000000000044,-1.30434782608695,0.774869109947644,-0.3235294117647059,0.5454545454545454,0,1,0,0
0.7187499999999883,0.7391304347826001,0.02617801047120419,0.4117647058823532,0.00909090909090909,0,1,0,0
-0.8437500000000172,-0.9565217391304498,-0.5916230366492147,0.558823529411765,0.44545454545454544,0,1,0,0
1.18749999999999,1.4347826086956252,-0.3193717277486911,0.6176470588235295,0.6090909090909091,0,1,0,0
-0.7812500000000028,-0.34782608695652495,0.5602094240837696,-0.3750000000000003,-0.9181818181818182,0,1,0,0
-0.8437500000000172,-0.8260869565217499,0.14136125654450263,-0.5514705882352944,-0.7727272727272727,0,0,1,0
0.15625000000000056,0.2608695652173752,-0.2513089005235602,0.036764705882352956,-0.22727272727272727,0,1,0,0
-0.25000000000000444,0.17391304347825012,1.649214659685864,-1.0367647058823535,-0.045454545454545456,0,1,0,0
0.18749999999999,0.39130434782607515,-1.0,0.882352941176471,0.0,0,1,0,0
-0.4375000000000122,-0.17391304347827483,0.03664921465968586,0.036764705882352956,0.5,0,1,0,0
0.8124999999999922,1.04347826086955,0.1256544502617801,-0.2720588235294121,-0.7363636363636363,1,0,0,0
-0.06250000000001443,0.04347826086955017,-1.12565445026178,2.169117647058824,-0.4090909090909091,0,1,0,1
-0.5937500000000128,-0.782608695652175,0.09947643979057591,0.6617647058823533,-0.7727272727272727,0,0,1,0
-0.46875000000000167,-0.3043478260869748,0.8586387434554974,-0.3308823529411766,0.7090909090909091,0,1,0,0
0.46875000000000167,-0.13043478260869995,-0.16230366492146597,0.17647058823529407,-0.14545454545454545,0,1,0,0
-0.8437500000000172,-0.56521739130435,0.7172774869109948,-0.4338235294117648,0.3181818181818182,0,1,0,0
-0.09375000000000389,-0.13043478260869995,1.287958115183246,-0.4926470588235298,0.41818181818181815,0,1,0,0
-0.5312500000000161,-0.3043478260869748,-0.6178010471204188,0.7279411764705884,0.8545454545454545,0,1,0,0
-0.5000000000000089,-0.3043478260869748,0.32460732984293195,-0.47058823529411775,0.39090909090909093,0,0,1,0
-0.8437500000000172,-0.7391304347826249,-0.6910994764397905,1.2720588235294121,-0.5,0,1,0,0
0.0,-0.3043478260869748,3.3403141361256545,-1.6323529411764715,-0.6727272727272727,0,1,0,0
-0.7187500000000061,-1.043478260869575,-0.5759162303664922,-0.15441176470588253,-0.7090909090909091,0,1,0,0
-0.09375000000000389,0.521739130434775,0.29842931937172773,-0.345588235294118,0.6454545454545455,0,1,0,0
-0.7812500000000028,-0.782608695652175,-0.005235602094240838,0.22794117647058842,0.2909090909090909,0,1,0,0
1.312500000000001,1.4782608695652002,0.45549738219895286,-0.757352941176471,-0.8181818181818182,0,1,0,0
1.2500000000000044,1.4782608695652002,-0.17801047120418848,0.3308823529411766,0.05454545454545454,0,1,0,0
-0.09375000000000389,0.4782608695652002,0.8429319371727748,-0.8676470588235299,0.6,0,1,0,0
-0.7812500000000028,-0.39130434782609985,-0.5916230366492147,0.2352941176470586,1.0363636363636364,0,1,0,0
0.34374999999999056,0.0,-0.1256544502617801,0.39705882352941185,-0.5727272727272728,0,0,1,0
0.0,-0.17391304347827483,-0.7382198952879581,0.6617647058823533,-0.7636363636363637,0,1,0,0
-0.15625000000000056,0.3043478260869501,0.7382198952879581,-0.6764705882352946,0.06363636363636363,0,1,0,0
-0.81250000000001,-0.39130434782609985,-0.8167539267015707,1.1544117647058825,0.7363636363636363,0,0,1,0
0.15625000000000056,0.08695652173912506,-0.09947643979057591,0.06617647058823521,0.9636363636363636,0,1,0,0
0.15625000000000056,-0.3043478260869748,5.198952879581152,-1.9558823529411773,0.03636363636363636,0,1,0,0
0.09374999999998612,0.39130434782607515,0.4816753926701571,-0.345588235294118,-0.8363636363636363,0,0,1,0
-0.37500000000001554,0.08695652173912506,-1.361256544502618,1.6838235294117654,0.509090909090909,1,0,0,0
0.06249999999999667,0.21739130434782503,-0.36649214659685864,1.0073529411764708,-0.19090909090909092,0,1,0,0
0.21874999999999722,0.521739130434775,0.1099476439790576,0.25,-0.32727272727272727,0,1,0,0
0.593749999999995,0.5652173913043252,0.4397905759162304,-0.30882352941176505,-0.7,0,0,1,0
0.18749999999999,0.6956521739130253,0.6910994764397905,-0.5661764705882357,0.9636363636363636,0,1,0,0
-0.4375000000000122,-0.7391304347826249,0.29842931937172773,-0.5000000000000006,-0.4909090909090909,1,0,0,0
1.1249999999999933,1.30434782608695,-0.5078534031413613,0.6250000000000002,0.6909090909090909,0,1,0,0
1.1562500000000007,1.086956521739125,1.612565445026178,-1.11764705882353,0.6909090909090909,1,0,0,0
-0.25000000000000444,-0.652173913043475,-0.2879581151832461,0.882352941176471,-0.32727272727272727,0,0,1,0
0.5312499999999983,0.3043478260869501,0.6073298429319371,-0.6691176470588239,-0.2818181818181818,0,0,1,0
-0.09375000000000389,0.04347826086955017,0.7905759162303665,-0.5441176470588237,0.4727272727272727,0,1,0,0
0.7187499999999883,0.6086956521739002,0.193717277486911,0.2647058823529414,-0.23636363636363636,1,0,0,0
-0.3437500000000083,0.08695652173912506,0.08900523560209424,0.3602941176470589,0.5818181818181818,0,1,0,0
-0.9062500000000139,-0.7391304347826249,-0.21465968586387435,0.8161764705882357,-0.045454545454545456,0,1,0,0
-0.406250000000005,-0.652173913043475,-0.08900523560209424,0.07352941176470591,-0.8545454545454545,0,0,1,0
-0.5625000000000056,-0.8695652173913001,0.6649214659685864,-0.5441176470588237,-0.21818181818181817,0,0,1,0
0.24999999999998668,0.3043478260869501,-0.5916230366492147,0.036764705882352956,0.21818181818181817,1,0,0,0
-0.406250000000005,-0.43478260869565005,0.2931937172774869,-0.39705882352941185,-0.10909090909090909,0,0,1,0
-0.7187500000000061,-0.17391304347827483,1.031413612565445,-0.6470588235294121,0.8454545454545455,0,0,1,0
-0.5937500000000128,-0.56521739130435,-0.02617801047120419,-0.3014705882352943,-0.6181818181818182,0,1,0,0
0.46875000000000167,0.34782608695650025,1.0628272251308901,-0.7794117647058828,0.7818181818181819,0,1,0,0
0.4999999999999911,0.3043478260869501,0.06806282722513089,0.022058823529411565,-0.5363636363636364,0,0,1,0
0.06249999999999667,0.4782608695652002,-0.6387434554973822,1.8455882352941184,0.2636363636363636,0,0,1,1
-0.7187500000000061,-1.0,1.350785340314136,-0.8235294117647064,0.19090909090909092,0,1,0,0
-0.37500000000001554,0.0,-0.2670157068062827,0.7205882352941178,0.7272727272727273,1,0,0,0
-0.5937500000000128,-1.043478260869575,0.9685863874345549,-0.5661764705882357,-0.14545454545454545,0,1,0,0
0.8124999999999922,0.9999999999999752,-0.2617801047120419,0.5294117647058822,-0.4090909090909091,0,1,0,0
-0.8750000000000067,-0.8695652173913001,-0.2356020942408377,0.4117647058823532,0.8636363636363636,0,1,0,0
0.18749999999999,0.2608695652173752,-0.39267015706806285,0.2426470588235293,-0.7363636363636363,1,0,0,0
0.0,-0.3043478260869748,0.31413612565445026,0.051470588235293824,-0.7181818181818181,1,0,0,0
-0.218750000000015,-0.34782608695652495,-0.2879581151832461,0.6250000000000002,-0.5727272727272728,0,1,0,0
0.43749999999999445,0.13043478260867525,0.4031413612565445,-0.3235294117647059,0.4909090909090909,1,0,0,0
1.2812499999999938,1.4347826086956252,-0.4293193717277487,0.2426470588235293,-0.4636363636363636,0,1,0,0
0.15625000000000056,-0.34782608695652495,-0.49214659685863876,-0.10294117647058817,0.07272727272727272,0,1,0,0
-0.8750000000000067,-0.6086956521739249,-0.2931937172774869,0.3235294117647059,-0.01818181818181818,0,0,1,0
0.15625000000000056,0.21739130434782503,-0.2879581151832461,0.3382352941176473,-0.4727272727272727,1,0,0,0
1.0624999999999967,0.9999999999999752,-0.9685863874345549,1.0367647058823535,0.6363636363636364,0,0,1,0
-0.3437500000000083,0.08695652173912506,0.25654450261780104,-0.014705882352941391,0.06363636363636363,0,1,0,0
0.46875000000000167,0.21739130434782503,2.2041884816753927,-1.2132352941176476,0.6727272727272727,0,0,1,0
-0.9375000000000033,-0.8695652173913001,-0.08376963350785341,-0.4044117647058825,0.9181818181818182,0,1,0,0
-0.406250000000005,0.21739130434782503,0.774869109947644,-0.5000000000000006,-0.9727272727272728,0,1,0,0
0.2812499999999939,0.8695652173913001,0.4293193717277487,-0.5735294117647064,-0.5181818181818182,0,1,0,0
-0.8437500000000172,-0.6086956521739249,-0.387434554973822,1.2720588235294121,-0.1,0,1,0,0
0.031249999999989453,-0.3043478260869748,-0.36649214659685864,0.6397058823529411,0.7636363636363637,0,0,1,0
-0.5625000000000056,-0.43478260869565005,-0.6073298429319371,0.8970588235294118,0.4818181818181818,0,1,0,0
0.2812499999999939,0.34782608695650025,-0.518324607329843,0.12499999999999974,-0.32727272727272727,0,1,0,0
0.43749999999999445,0.43478260869565005,-0.4031413612565445,0.882352941176471,0.12727272727272726,0,1,0,0
-0.6250000000000022,-0.8260869565217499,-0.43455497382198954,1.7500000000000004,-0.8,0,0,1,1
0.46875000000000167,0.2608695652173752,-0.41361256544502617,0.7647058823529413,0.9727272727272728,0,1,0,0
-0.06250000000001443,-0.21739130434782503,-1.1675392670157068,1.4117647058823533,0.509090909090909,0,1,0,0
-0.28125000000001166,-0.6086956521739249,-0.9319371727748691,0.8014705882352944,0.5818181818181818,0,1,0,0
-0.15625000000000056,0.34782608695650025,0.14136125654450263,-0.095588235294118,0.8272727272727273,0,0,1,0
0.9687499999999928,0.6086956521739002,0.020942408376963352,-0.06617647058823521,1.0727272727272728,0,1,0,0
-0.09375000000000389,-0.39130434782609985,0.3612565445026178,-0.345588235294118,0.4636363636363636,0,1,0,0
0.12499999999999334,-0.08695652173914978,-0.418848167539267,0.573529411764706,0.06363636363636363,0,1,0,0
-1.3750000000000155,-1.69565217391305,3.445026178010471,-1.7352941176470598,-0.01818181818181818,1,0,0,0
0.6874999999999989,0.4782608695652002,1.3350785340314135,-1.1544117647058831,-0.35454545454545455,0,1,0,0
0.7499999999999956,0.08695652173912506,0.42408376963350786,-0.3382352941176473,0.4636363636363636,0,1,0,0
0.15625000000000056,0.6086956521739002,-0.4397905759162304,-0.11029411764705888,-0.6909090909090909,0,1,0,0
0.18749999999999,0.3043478260869501,0.5497382198952879,-0.04411764705882365,0.8636363636363636,0,1,0,0
0.34374999999999056,0.13043478260867525,-0.6387434554973822,0.7132352941176471,0.07272727272727272,0,1,0,0
0.031249999999989453,-0.13043478260869995,-0.7853403141361257,1.4191176470588238,-0.7363636363636363,0,1,0,0
0.09374999999998612,0.04347826086955017,0.8795811518324608,-0.7058823529411768,1.1545454545454545,0,0,1,1
0.0,0.5652173913043252,-0.38219895287958117,0.058823529411764525,-0.12727272727272726,0,1,0,0
0.4999999999999911,0.4782608695652002,-0.4712041884816754,0.18382352941176477,-0.2545454545454545,0,0,1,0
-0.18750000000000777,-0.43478260869565005,1.8272251308900525,-1.2867647058823535,-0.2727272727272727,0,1,0,0
0.0,0.0,-0.4031413612565445,0.19117647058823548,-0.39090909090909093,1,0,0,0
1.1249999999999933,1.17391304347825,-0.7172774869109948,0.5294117647058822,-0.5272727272727272,0,0,1,0
-0.28125000000001166,-0.7391304347826249,1.8481675392670156,-1.2794117647058831,-0.19090909090909092,0,0,1,0
-0.46875000000000167,-0.13043478260869995,1.0523560209424083,-0.8676470588235299,-0.39090909090909093,0,1,0,0
0.6562499999999917,0.6086956521739002,-0.39790575916230364,0.2720588235294116,-0.17272727272727273,0,1,0,0
0.3125000000000011,0.43478260869565005,-0.3507853403141361,0.12499999999999974,0.44545454545454544,0,0,1,0
-0.37500000000001554,-0.04347826086957489,0.2931937172774869,-0.4926470588235298,-0.44545454545454544,0,1,0,0
-0.9062500000000139,-0.782608695652175,1.581151832460733,-1.0661764705882357,-0.03636363636363636,0,1,0,0
0.9375000000000033,1.17391304347825,4.324607329842932,-1.8382352941176479,0.05454545454545454,0,1,0,0
0.8124999999999922,1.04347826086955,-0.450261780104712,0.8382352941176473,-0.8,0,0,1,0
0.24999999999998668,0.21739130434782503,-0.8010471204188482,1.0073529411764708,0.21818181818181817,0,1,0,0
1.18749999999999,1.30434782608695,1.5026178010471205,-0.9852941176470594,-0.8181818181818182,1,0,0,0
0.593749999999995,0.34782608695650025,0.837696335078534,-0.632352941176471,-0.23636363636363636,0,1,0,0
-0.15625000000000056,-0.4782608695652249,0.7591623036649214,-0.4779411764705884,-0.33636363636363636,0,1,0,0
-0.8437500000000172,-0.7391304347826249,0.35602094240837695,-0.05147058823529435,-0.9727272727272728,0,1,0,0
-0.46875000000000167,-0.08695652173914978,1.649214659685864,-1.11764705882353,-0.8909090909090909,0,0,1,0
-0.28125000000001166,-0.652173913043475,0.43455497382198954,-0.3235294117647059,0.2818181818181818,0,0,1,0
0.8749999999999889,0.9565217391304252,1.3141361256544504,-0.9705882352941183,0.9272727272727272,1,0,0,0
-0.4375000000000122,0.04347826086955017,1.1204188481675392,-0.9411764705882357,-0.7363636363636363,0,1,0,0
0.06249999999999667,0.08695652173912506,3.4293193717277486,-1.7132352941176479,-0.6818181818181818,0,1,0,0
-1.0000000000000178,-0.913043478260875,-0.8952879581151832,1.0147058823529413,-0.9090909090909091,0,1,0,0
-0.6562500000000094,-0.7391304347826249,-0.3717277486910995,0.4485294117647062,-0.8727272727272727,0,1,0,0
-0.25000000000000444,-0.6086956521739249,1.5654450261780104,-1.0367647058823535,0.20909090909090908,0,1,0,0
-0.8750000000000067,-0.8260869565217499,1.7958115183246073,-1.1470588235294124,-0.6,0,0,1,0
0.15625000000000056,0.34782608695650025,-0.16230366492146597,0.5514705882352944,-0.2909090909090909,0,1,0,0
-0.06250000000001443,-0.34782608695652495,-0.2670157068062827,0.13235294117647042,-0.00909090909090909,0,0,1,0
-0.5937500000000128,-0.56521739130435,0.5392670157068062,-0.014705882352941391,-0.4909090909090909,1,0,0,0
-0.6562500000000094,-0.2608695652173999,-0.03664921465968586,0.4191176470588234,-0.5545454545454546,0,1,0,0
0.0,0.5652173913043252,2.1465968586387434,-1.3382352941176479,-0.8363636363636363,0,0,1,0
0.6250000000000022,0.17391304347825012,1.0104712041884816,-0.6764705882352946,0.0,0,1,0,0
1.0,1.04347826086955,-0.9162303664921466,0.7132352941176471,0.11818181818181818,1,0,0,0
-0.46875000000000167,-0.7391304347826249,0.3089005235602094,-0.41911764705882393,-0.7454545454545455,0,1,0,0
0.12499999999999334,0.21739130434782503,-0.4816753926701571,0.5220588235294121,0.8545454545454545,1,0,0,0
0.15625000000000056,0.0,0.19895287958115182,0.13970588235294112,-0.7636363636363637,0,1,0,0
-0.81250000000001,-0.782608695652175,0.4293193717277487,-0.5294117647058828,-0.6818181818181818,0,1,0,0
0.9687499999999928,0.4782608695652002,-0.7329842931937173,0.48529411764705915,-0.7090909090909091,0,1,0,1
0.40624999999998723,0.39130434782607515,1.2041884816753927,-1.0588235294117654,0.6818181818181818,0,1,0,0
1.0,0.4782608695652002,0.5445026178010471,-0.6176470588235299,-0.6636363636363637,1,0,0,0
0.06249999999999667,0.652173913043475,-1.0,0.9779411764705884,0.4,0,0,1,0
0.031249999999989453,0.6956521739130253,0.27225130890052357,-0.19852941176470618,0.5636363636363636,0,0,1,0
0.3749999999999978,0.13043478260867525,1.0052356020942408,-0.6764705882352946,0.00909090909090909,0,1,0,0
0.15625000000000056,0.9130434782608502,3.513089005235602,-1.5882352941176479,-0.10909090909090909,0,0,1,0
-0.3437500000000083,0.0,0.418848167539267,-0.3161764705882357,0.3181818181818182,0,1,0,0
0.2812499999999939,0.4782608695652002,0.518324607329843,-0.5441176470588237,-0.8,1,0,0,0
0.18749999999999,-0.2608695652173999,1.8167539267015707,-1.1470588235294124,-0.8,0,1,0,0
0.7499999999999956,0.13043478260867525,-0.07853403141361257,0.6102941176470589,0.24545454545454545,0,1,0,0
-0.3125000000000011,-0.6086956521739249,-0.02617801047120419,-0.0882352941176473,0.6727272727272727,0,1,0,0
0.43749999999999445,0.2608695652173752,-0.193717277486911,0.2573529411764707,-0.4636363636363636,0,1,0,0
-0.06250000000001443,-0.3043478260869748,-0.10471204188481675,-0.14705882352941183,0.7818181818181819,0,0,1,0
0.3125000000000011,0.43478260869565005,-0.2774869109947644,0.2352941176470586,0.5545454545454546,0,1,0,0
-0.25000000000000444,-0.43478260869565005,-0.15706806282722513,0.01470588235294087,0.16363636363636364,0,1,0,0
0.7499999999999956,0.43478260869565005,0.18324607329842932,-0.24264705882352983,0.9181818181818182,0,1,0,0
0.24999999999998668,0.652173913043475,0.8795811518324608,-0.48529411764705915,0.37272727272727274,0,1,0,0
-0.7812500000000028,-0.652173913043475,-0.6335078534031413,0.5147058823529413,-0.8727272727272727,0,1,0,0
-0.1250000000000111,0.39130434782607515,-0.35602094240837695,0.7352941176470591,0.5545454545454546,0,0,1,0
-0.5000000000000089,-0.34782608695652495,0.45549738219895286,-0.45588235294117685,0.0,0,1,0,0
0.9062499999999961,0.9999999999999752,0.12041884816753927,-0.29411764705882365,0.3181818181818182,0,0,1,0
-0.5625000000000056,-0.4782608695652249,-0.6492146596858639,0.22794117647058842,-0.9727272727272728,1,0,0,0
1.1249999999999933,0.9999999999999752,0.6701570680628273,-0.8529411764705886,0.22727272727272727,0,0,1,0
0.43749999999999445,0.39130434782607515,-0.04712041884816754,0.38235294117647045,-0.07272727272727272,0,1,0,0
-0.8437500000000172,-0.5217391304347998,1.6020942408376964,-1.1985294117647065,0.21818181818181817,0,1,0,0
0.5312499999999983,0.3043478260869501,0.9842931937172775,-0.4926470588235298,-0.4090909090909091,0,0,1,0
-0.37500000000001554,-0.08695652173914978,0.743455497382199,-0.6397058823529417,-0.19090909090909092,0,0,1,0
0.21874999999999722,0.17391304347825012,-0.9057591623036649,1.3897058823529416,0.7545454545454545,0,0,1,0
-0.218750000000015,-0.4782608695652249,-0.3507853403141361,0.573529411764706,-0.2909090909090909,0,1,0,0
-0.5312500000000161,0.0,2.2146596858638743,-1.205882352941177,-0.21818181818181817,0,1,0,0
1.1562500000000007,1.3478260869565002,0.11518324607329843,0.13235294117647042,0.34545454545454546,0,1,0,0
0.43749999999999445,0.2608695652173752,0.5026178010471204,0.022058823529411565,-0.3181818181818182,1,0,0,0
0.40624999999998723,0.17391304347825012,-0.14136125654450263,-0.06617647058823521,0.9,0,1,0,0
-0.46875000000000167,-0.2608695652173999,-0.10471204188481675,0.22794117647058842,-0.13636363636363635,0,1,0,0
-0.6250000000000022,-1.043478260869575,-0.41361256544502617,0.558823529411765,-0.03636363636363636,0,0,1,0
-0.06250000000001443,-0.13043478260869995,0.6387434554973822,0.08088235294117661,0.01818181818181818,0,0,1,0
0.5624999999999878,0.39130434782607515,0.8691099476439791,-0.5808823529411766,0.7636363636363637,0,1,0,0
-0.6562500000000094,-0.8695652173913001,1.6544502617801047,-1.227941176470589,-0.2636363636363636,0,1,0,0
0.18749999999999,0.04347826086955017,-1.1361256544502618,1.823529411764707,0.4818181818181818,0,1,0,0
0.6562499999999917,0.21739130434782503,-0.8219895287958116,0.6691176470588239,0.24545454545454545,0,0,1,1
-0.09375000000000389,-0.39130434782609985,-0.1256544502617801,0.3161764705882352,0.9727272727272728,0,1,0,0
-0.406250000000005,-0.08695652173914978,-0.4607329842931937,0.9632352941176475,0.7909090909090909,0,0,1,0
0.7499999999999956,0.7391304347826001,0.3298429319371728,-0.18382352941176477,-0.4818181818181818,0,0,1,0
0.031249999999989453,0.521739130434775,-0.06282722513089005,-0.20588235294117688,-0.045454545454545456,0,0,1,0
0.18749999999999,0.7826086956521503,0.806282722513089,-0.6764705882352946,0.08181818181818182,0,0,1,0
-0.37500000000001554,0.0,1.675392670157068,-1.0294117647058827,0.21818181818181817,0,1,0,0
-0.3437500000000083,-0.13043478260869995,3.858638743455497,-1.7794117647058834,0.33636363636363636,0,0,1,0
1.0312499999999893,1.2173913043478004,-1.0261780104712042,1.0441176470588236,-0.35454545454545455,0,0,1,0
-0.7187500000000061,-0.7391304347826249,1.225130890052356,-0.9264705882352946,0.35454545454545455,0,1,0,0
-0.3125000000000011,-0.7391304347826249,-0.9057591623036649,0.9926470588235299,-0.4090909090909091,0,0,1,0
0.7187499999999883,0.0,2.649214659685864,-1.5588235294117656,-0.43636363636363634,0,1,0,0
-0.8437500000000172,-0.782608695652175,0.3036649214659686,-0.13235294117647095,-0.9727272727272728,0,1,0,0
0.031249999999989453,0.5652173913043252,2.392670157068063,-1.4117647058823537,-0.7909090909090909,0,0,1,0
0.18749999999999,0.9565217391304252,-0.38219895287958117,0.5220588235294121,0.21818181818181817,0,0,1,0
-1.0000000000000178,-0.9565217391304498,-0.32460732984293195,0.5514705882352944,-0.42727272727272725,0,0,1,0
0.7187499999999883,0.08695652173912506,-0.12041884816753927,0.4191176470588234,0.14545454545454545,0,1,0,0
-0.3125000000000011,-0.5217391304347998,0.9581151832460733,-0.7720588235294121,0.00909090909090909,0,1,0,0
0.593749999999995,0.4782608695652002,-0.5392670157068062,0.6911764705882355,-0.7909090909090909,0,0,1,0
0.593749999999995,0.13043478260867525,-0.2774869109947644,0.4779411764705884,0.5272727272727272,0,1,0,0
-0.09375000000000389,-0.34782608695652495,-0.17277486910994763,0.19117647058823548,0.10909090909090909,0,0,1,0
1.1562500000000007,1.2173913043478004,0.6073298429319371,-0.3235294117647059,0.6818181818181818,0,1,0,0
0.34374999999999056,0.21739130434782503,-0.49214659685863876,0.7941176470588237,-0.37272727272727274,0,1,0,0
-0.6250000000000022,-0.913043478260875,1.0157068062827226,-0.6691176470588239,0.5181818181818182,0,1,0,0
-0.406250000000005,-0.17391304347827483,-0.2198952879581152,1.1029411764705888,0.1,1,0,0,0
0.21874999999999722,0.9565217391304252,0.16753926701570682,0.01470588235294087,-0.32727272727272727,0,0,1,0
0.3749999999999978,0.39130434782607515,0.7225130890052356,-0.5220588235294121,0.34545454545454546,0,0,1,0
0.6874999999999989,0.34782608695650025,1.2513089005235603,-0.7647058823529417,0.2727272727272727,0,0,1,0
-0.8437500000000172,-0.6956521739130499,-0.47643979057591623,0.39705882352941185,-0.5272727272727272,0,0,1,0
-0.37500000000001554,0.0,-0.93717277486911,1.0661764705882357,0.7090909090909091,1,0,0,0
-0.3437500000000083,0.21739130434782503,1.486910994764398,-1.316176470588236,0.7727272727272727,0,0,1,0
-0.6562500000000094,-1.086956521739125,1.513089005235602,-1.0367647058823535,0.10909090909090909,0,0,1,0
0.18749999999999,0.04347826086955017,0.7277486910994765,-0.5514705882352944,-0.7363636363636363,0,1,0,0
1.0,0.5652173913043252,2.3821989528795813,-1.36764705882353,-0.9727272727272728,0,1,0,0
0.2812499999999939,0.3043478260869501,-0.6701570680628273,1.2573529411764712,-0.7909090909090909,0,1,0,0
1.1249999999999933,0.8695652173913001,-0.31413612565445026,0.4264705882352941,-0.3,0,1,0,0
0.24999999999998668,0.7826086956521503,-0.12041884816753927,0.058823529411764525,-0.7181818181818181,0,0,1,0
0.12499999999999334,0.7826086956521503,1.9476439790575917,-1.3235294117647065,-0.06363636363636363,0,0,1,0
-0.9062500000000139,-0.7391304347826249,0.5340314136125655,-0.7426470588235299,0.6909090909090909,0,1,0,0
-0.5625000000000056,-0.21739130434782503,0.14659685863874344,0.0,-0.23636363636363636,0,0,1,0
-0.3125000000000011,-0.56521739130435,-0.9581151832460733,2.014705882352942,-0.7909090909090909,0,1,0,1
-0.7500000000000133,-0.39130434782609985,1.031413612565445,-0.9338235294117653,0.6272727272727273,0,0,1,0
0.3749999999999978,0.3043478260869501,0.031413612565445025,0.0,-0.7454545454545455,0,0,1,0
0.6250000000000022,0.2608695652173752,-0.7539267015706806,0.676470588235294,-0.6,0,1,0,1
-0.5937500000000128,-0.3043478260869748,-0.31413612565445026,0.3897058823529411,0.7272727272727273,0,1,0,0
0.6562499999999917,0.5652173913043252,0.18324607329842932,-0.19852941176470618,-0.6363636363636364,0,0,1,0
-0.9062500000000139,-0.6956521739130499,1.3769633507853403,-1.0514705882352946,-0.9090909090909091,0,1,0,0
0.15625000000000056,0.7391304347826001,0.18848167539267016,-0.22794117647058842,0.7272727272727273,0,1,0,0
-0.06250000000001443,-0.39130434782609985,0.9424083769633508,-0.7058823529411768,-0.8545454545454545,0,0,1,0
0.6874999999999989,0.39130434782607515,-0.2774869109947644,0.4117647058823532,0.6181818181818182,0,0,1,0
0.43749999999999445,0.21739130434782503,-0.06806282722513089,0.5882352941176473,-0.23636363636363636,0,1,0,0
0.40624999999998723,0.2608695652173752,0.5340314136125655,-0.4338235294117648,-0.11818181818181818,0,1,0,0
-0.6250000000000022,-0.913043478260875,-0.24607329842931938,0.1691176470588234,-0.43636363636363634,0,1,0,0
-1.0312500000000073,-0.9565217391304498,0.9424083769633508,-0.6102941176470591,-0.2818181818181818,0,0,1,0
-1.093750000000004,-1.1739130434782747,0.6701570680628273,-0.3750000000000003,0.5545454545454546,0,1,0,0
0.18749999999999,0.3043478260869501,0.08376963350785341,0.27941176470588225,-0.4727272727272727,0,1,0,0
0.24999999999998668,0.3043478260869501,-0.5287958115183246,0.5882352941176473,-0.7727272727272727,0,0,1,0
-0.15625000000000056,-0.2608695652173999,1.5706806282722514,-0.9117647058823535,0.4727272727272727,0,1,0,0
-0.3437500000000083,0.13043478260867525,-0.7225130890052356,0.6617647058823533,1.0818181818181818,0,1,0,1
-0.5625000000000056,-0.5217391304347998,-1.219895287958115,0.9264705882352946,-0.5727272727272728,0,1,0,0
1.1562500000000007,1.30434782608695,-1.0157068062827226,1.1544117647058825,0.7818181818181819,0,1,0,0
1.1562500000000007,1.086956521739125,1.387434554973822,-1.191176470588236,0.38181818181818183,0,0,1,0
0.43749999999999445,0.13043478260867525,2.1727748691099475,-1.3455882352941182,-0.8909090909090909,0,1,0,0
-0.09375000000000389,0.13043478260867525,1.0,-0.720588235294118,0.8818181818181818,0,1,0,0
0.12499999999999334,-0.08695652173914978,1.450261780104712,-1.0000000000000004,-0.05454545454545454,0,0,1,0
-0.7812500000000028,-0.6086956521739249,-0.6649214659685864,1.4558823529411768,-0.3,0,0,1,0
1.0624999999999967,0.6956521739130253,2.387434554973822,-1.3088235294117654,0.45454545454545453,0,1,0,0
-0.6250000000000022,-0.9565217391304498,3.445026178010471,-1.6617647058823537,-0.9272727272727272,0,1,0,0
-1.218750000000015,-1.2608695652173998,-0.3036649214659686,0.12499999999999974,-0.7909090909090909,0,1,0,0
-0.5625000000000056,-0.04347826086957489,-0.225130890052356,0.5514705882352944,-0.05454545454545454,0,1,0,0
0.031249999999989453,0.5652173913043252,2.031413612565445,-1.2867647058823535,-0.19090909090909092,0,1,0,0
-0.5625000000000056,-0.8695652173913001,0.8848167539267016,0.08823529411764679,-0.9727272727272728,0,1,0,0
-0.81250000000001,-0.6956521739130499,-1.031413612565445,0.7794117647058828,-0.6272727272727273,0,1,0,0
-1.1875000000000078,-1.217391304347825,-0.33507853403141363,0.10294117647058817,0.9181818181818182,0,1,0,0
-0.81250000000001,-0.2608695652173999,-0.2879581151832461,0.2647058823529414,-0.5545454545454546,0,0,1,0
-0.7187500000000061,-0.4782608695652249,-0.8534031413612565,1.235294117647059,-0.9181818181818182,0,1,0,0
-0.5625000000000056,-0.39130434782609985,-0.7539267015706806,0.8308823529411766,-0.7818181818181819,0,0,1,0
-0.7500000000000133,-1.2608695652173998,0.07853403141361257,-0.3161764705882357,0.8,0,1,0,0
1.312500000000001,1.4782608695652002,3.884816753926702,-1.8382352941176479,0.5909090909090909,0,0,1,0
-0.406250000000005,-0.6956521739130499,-0.5654450261780105,0.3161764705882352,-0.6727272727272727,0,1,0,0
-0.46875000000000167,-0.08695652173914978,0.6649214659685864,-0.6985294117647062,-0.9545454545454546,0,1,0,0
-0.406250000000005,-0.08695652173914978,0.12041884816753927,0.14705882352941183,-0.7,1,0,0,0
0.21874999999999722,0.7391304347826001,-0.450261780104712,0.2426470588235293,1.0545454545454545,0,1,0,0
-0.5312500000000161,-0.6956521739130499,-0.5497382198952879,0.5147058823529413,0.13636363636363635,1,0,0,0
0.5624999999999878,0.08695652173912506,2.4554973821989527,-1.3823529411764712,-0.36363636363636365,0,1,0,0
-0.5937500000000128,-0.4782608695652249,-0.4712041884816754,0.573529411764706,-0.09090909090909091,0,0,1,0
-0.8750000000000067,-0.8695652173913001,-0.6963350785340314,1.3750000000000002,0.8363636363636363,0,0,1,0
-0.6250000000000022,-0.7391304347826249,0.06282722513089005,0.2720588235294116,-0.9181818181818182,1,0,0,0
-1.218750000000015,-1.347826086956525,0.06806282722513089,-0.18382352941176477,-0.7454545454545455,0,0,1,0
0.15625000000000056,-0.04347826086957489,-0.08900523560209424,0.08088235294117661,0.18181818181818182,0,0,1,0
0.09374999999998612,0.6086956521739002,-0.32460732984293195,0.3308823529411766,-0.1,0,1,0,0
0.3125000000000011,0.43478260869565005,-0.17277486910994763,0.058823529411764525,0.16363636363636364,0,1,0,0
-0.6250000000000022,-1.043478260869575,-0.041884816753926704,0.5882352941176473,0.03636363636363636,0,1,0,0
-0.5937500000000128,-0.6086956521739249,0.08900523560209424,-0.3235294117647059,-0.6090909090909091,1,0,0,0
0.06249999999999667,0.6086956521739002,-0.29842931937172773,0.3602941176470589,-0.22727272727272727,0,1,0,0
-1.3437500000000084,-1.56521739130435,-0.05235602094240838,0.029411764705882262,-0.15454545454545454,0,1,0,0
0.18749999999999,0.3043478260869501,1.6282722513089005,-1.3750000000000009,-0.43636363636363634,0,1,0,0
-0.6250000000000022,-0.39130434782609985,1.5654450261780104,-0.9705882352941183,-0.21818181818181817,0,1,0,0
0.21874999999999722,0.4782608695652002,-0.38219895287958117,1.0514705882352944,-0.2,0,1,0,0
-0.1250000000000111,-0.21739130434782503,1.1361256544502618,-0.9558823529411768,0.35454545454545455,0,1,0,0
0.24999999999998668,0.4782608695652002,-0.16230366492146597,-0.007352941176470696,-0.12727272727272726,0,0,1,0
-0.6250000000000022,-0.7391304347826249,-0.3403141361256545,0.4044117647058825,-0.01818181818181818,0,1,0,0
0.43749999999999445,0.17391304347825012,-0.5968586387434555,1.0882352941176474,0.7272727272727273,0,1,0,0
0.12499999999999334,0.652173913043475,0.19895287958115182,0.5661764705882352,0.44545454545454544,0,1,0,0
-1.218750000000015,-1.30434782608695,-0.4712041884816754,0.9779411764705884,0.8727272727272727,0,1,0,0
0.6874999999999989,0.34782608695650025,0.612565445026178,-0.720588235294118,0.045454545454545456,0,1,0,0
0.24999999999998668,0.2608695652173752,-0.5968586387434555,0.7279411764705884,0.9727272727272728,0,1,0,0
0.5624999999999878,0.39130434782607515,-0.6649214659685864,0.35294117647058815,0.7181818181818181,0,1,0,0
-1.125000000000011,-1.2608695652173998,-0.11518324607329843,-0.13970588235294112,0.4818181818181818,0,1,0,0
0.593749999999995,0.34782608695650025,0.225130890052356,-0.41911764705882393,-0.9090909090909091,0,1,0,0
-0.5625000000000056,-0.7391304347826249,-0.3089005235602094,0.5441176470588237,0.6454545454545455,0,0,1,0
-0.6250000000000022,-0.04347826086957489,-0.5759162303664922,0.22058823529411775,-0.38181818181818183,0,0,1,0
1.093750000000004,0.8695652173913001,0.6492146596858639,-0.558823529411765,-0.9090909090909091,0,0,1,0
0.12499999999999334,0.13043478260867525,0.2356020942408377,-0.20588235294117688,-0.38181818181818183,0,0,1,0
-0.8750000000000067,-0.782608695652175,-0.8481675392670157,0.8676470588235295,-0.509090909090909,0,0,1,0
0.09374999999998612,0.652173913043475,0.8952879581151832,-0.5220588235294121,0.5909090909090909,0,1,0,0
0.21874999999999722,0.17391304347825012,-0.1099476439790576,-0.08088235294117661,-0.5454545454545454,0,1,0,0
0.593749999999995,0.21739130434782503,-0.7172774869109948,0.558823529411765,0.9,0,1,0,0
-0.37500000000001554,-0.6086956521739249,0.2879581151832461,0.08088235294117661,0.02727272727272727,0,1,0,0
1.1249999999999933,1.1304347826086751,0.3193717277486911,0.007352941176470696,0.39090909090909093,1,0,0,0
0.06249999999999667,-0.08695652173914978,-0.5706806282722513,0.48529411764705915,0.9363636363636364,1,0,0,1
-0.5937500000000128,-0.8695652173913001,0.6020942408376964,-0.39705882352941185,-0.6181818181818182,0,1,0,0
0.0,-0.34782608695652495,1.7696335078534031,-1.2573529411764712,0.16363636363636364,0,1,0,0
0.18749999999999,0.3043478260869501,0.9738219895287958,-0.8235294117647064,-0.06363636363636363,0,1,0,0
0.12499999999999334,-0.3043478260869748,-0.7486910994764397,0.4485294117647062,-0.12727272727272726,1,0,0,0
0.09374999999998612,0.43478260869565005,2.670157068062827,-1.4705882352941182,0.8,0,1,0,0
0.21874999999999722,0.2608695652173752,0.450261780104712,-0.4264705882352946,0.33636363636363636,0,1,0,0
0.5312499999999983,-0.08695652173914978,-0.44502617801047123,0.823529411764706,0.08181818181818182,1,0,0,0
-0.406250000000005,0.08695652173912506,0.13089005235602094,-0.22058823529411775,-0.07272727272727272,0,0,1,0
-0.031250000000007216,-0.21739130434782503,-0.13612565445026178,-0.14705882352941183,-0.8545454545454545,0,0,1,0
0.0,0.6086956521739002,-0.3612565445026178,0.051470588235293824,-0.24545454545454545,0,1,0,0
-1.3437500000000084,-1.6086956521739249,-0.5445026178010471,0.5514705882352944,-0.20909090909090908,0,1,0,0
0.9375000000000033,1.086956521739125,0.05759162303664921,0.14705882352941183,0.2818181818181818,0,1,0,0
0.2812499999999939,0.4782608695652002,0.09424083769633508,-0.3161764705882357,-0.8545454545454545,0,0,1,0
0.21874999999999722,0.521739130434775,-0.19895287958115182,0.22794117647058842,0.05454545454545454,0,0,1,0
1.1249999999999933,1.086956521739125,-0.193717277486911,0.17647058823529407,0.6909090909090909,0,1,0,0
0.6250000000000022,0.521739130434775,0.6858638743455497,-0.6985294117647062,-0.5181818181818182,0,1,0,0
-0.5000000000000089,-0.3043478260869748,0.8795811518324608,-0.6102941176470591,0.00909090909090909,1,0,0,0
-0.46875000000000167,-0.7391304347826249,0.2931937172774869,-0.2573529411764707,0.7363636363636363,0,1,0,0
0.031249999999989453,0.21739130434782503,-0.3769633507853403,0.1617647058823527,0.05454545454545454,0,1,0,0
1.1249999999999933,1.2608695652173751,1.3089005235602094,-0.8161764705882357,-0.5909090909090909,0,1,0,0
-0.37500000000001554,-0.8260869565217499,-0.4816753926701571,0.823529411764706,-0.5818181818181818,0,0,1,0
-0.1250000000000111,0.34782608695650025,-0.6230366492146597,0.595588235294118,0.7363636363636363,0,1,0,0
-0.5625000000000056,-0.39130434782609985,-0.6282722513089005,0.882352941176471,-0.7363636363636363,0,1,0,0
0.12499999999999334,0.7826086956521503,0.041884816753926704,0.3235294117647059,-0.7,0,0,1,0
0.21874999999999722,0.8260869565217251,-0.31413612565445026,0.9705882352941178,0.4,0,0,1,0
0.06249999999999667,0.39130434782607515,0.5759162303664922,-0.39705882352941185,0.3181818181818182,0,1,0,0
-0.1250000000000111,0.04347826086955017,-0.17801047120418848,-0.04411764705882365,-0.7363636363636363,0,1,0,0
0.2812499999999939,0.34782608695650025,0.03664921465968586,0.3235294117647059,-0.37272727272727274,0,0,1,0
-0.81250000000001,-0.6956521739130499,-0.8795811518324608,0.5808823529411766,0.21818181818181817,0,1,0,0
1.093750000000004,1.2608695652173751,-0.5602094240837696,-0.13970588235294112,0.09090909090909091,0,0,1,0
0.12499999999999334,0.7826086956521503,-0.6282722513089005,0.7647058823529413,-0.6545454545454545,0,1,0,0
-0.218750000000015,-0.39130434782609985,-0.07329842931937172,0.1617647058823527,0.06363636363636363,0,1,0,0
0.6250000000000022,0.34782608695650025,-0.2670157068062827,0.17647058823529407,0.8272727272727273,1,0,0,0
-1.218750000000015,-1.347826086956525,-0.46596858638743455,0.6029411764705882,0.5,0,1,0,0
-0.406250000000005,-0.6956521739130499,-0.3089005235602094,0.15441176470588253,-0.21818181818181817,0,1,0,0
-0.5312500000000161,-0.652173913043475,-0.06282722513089005,0.13970588235294112,0.11818181818181818,0,1,0,0
0.0,-0.39130434782609985,1.4659685863874345,-0.9411764705882357,0.1,0,1,0,0
0.0,-0.17391304347827483,0.9267015706806283,-0.4632352941176476,0.3,0,1,0,0
0.8437499999999994,1.086956521739125,-0.21465968586387435,-0.05147058823529435,-0.7727272727272727,0,1,0,0
0.7187499999999883,0.7391304347826001,1.1727748691099475,-1.0000000000000004,0.9636363636363636,0,1,0,0
0.4999999999999911,0.3043478260869501,-0.005235602094240838,-0.41911764705882393,0.45454545454545453,0,0,1,0
0.593749999999995,0.39130434782607515,0.9581151832460733,-0.558823529411765,-0.7454545454545455,0,1,0,0
0.21874999999999722,0.7391304347826001,-0.9424083769633508,1.5441176470588243,0.6454545454545455,0,1,0,0
0.4999999999999911,0.39130434782607515,0.225130890052356,0.21323529411764705,-0.7636363636363637,0,1,0,0
0.24999999999998668,0.34782608695650025,0.5863874345549738,-0.595588235294118,0.6909090909090909,0,1,0,0
0.06249999999999667,-0.39130434782609985,0.3612565445026178,-0.595588235294118,0.6,0,1,0,0
0.9375000000000033,0.4782608695652002,-0.5445026178010471,0.6691176470588239,0.03636363636363636,0,1,0,0
-0.46875000000000167,-0.8260869565217499,-0.9319371727748691,1.0220588235294121,-0.6,0,1,0,0
-0.5312500000000161,-0.9565217391304498,0.5340314136125655,-0.6691176470588239,-0.8090909090909091,1,0,0,0
-0.28125000000001166,-0.6956521739130499,-0.7172774869109948,0.7058823529411768,-0.3,0,1,0,0
-0.3437500000000083,0.0,-0.2931937172774869,0.19852941176470565,-0.02727272727272727,0,1,0,0
0.5624999999999878,0.39130434782607515,-0.7696335078534031,0.4117647058823532,0.10909090909090909,0,1,0,0
0.2812499999999939,0.4782608695652002,-0.18848167539267016,0.3897058823529411,-0.6454545454545455,0,1,0,0
-0.8750000000000067,-0.9565217391304498,-0.2198952879581152,-0.19117647058823548,0.4909090909090909,1,0,0,0
-0.218750000000015,-0.6086956521739249,0.9319371727748691,-0.683823529411765,0.5818181818181818,0,1,0,0
-0.37500000000001554,0.0,-0.09947643979057591,-0.16176470588235323,-0.3090909090909091,0,0,1,0
0.8124999999999922,0.21739130434782503,-0.806282722513089,0.8161764705882357,-0.9181818181818182,0,0,1,1
0.09374999999998612,0.6956521739130253,-0.5497382198952879,0.18382352941176477,0.6272727272727273,0,0,1,0
1.093750000000004,1.086956521739125,0.193717277486911,-0.02205882352941209,-0.7818181818181819,0,1,0,0
0.3749999999999978,0.08695652173912506,0.27225130890052357,0.08088235294117661,0.21818181818181817,0,1,0,0
0.12499999999999334,-0.08695652173914978,-0.6335078534031413,0.47058823529411775,0.24545454545454545,0,1,0,0
-0.81250000000001,-0.9565217391304498,0.21465968586387435,-0.16176470588235323,0.2636363636363636,0,0,1,0
0.15625000000000056,-0.08695652173914978,-0.12041884816753927,0.2647058823529414,0.41818181818181815,0,1,0,0
0.8124999999999922,0.652173913043475,-0.010471204188481676,-0.095588235294118,0.5818181818181818,0,0,1,0
1.0624999999999967,1.2173913043478004,-0.3403141361256545,0.19852941176470565,-0.00909090909090909,0,0,1,0
0.8437499999999994,0.9999999999999752,0.13612565445026178,-0.24264705882352983,1.1818181818181819,0,1,0,0
-1.0312500000000073,-0.913043478260875,-1.0052356020942408,1.3602941176470593,-0.8,1,0,0,0
-0.81250000000001,-0.6956521739130499,-0.2879581151832461,1.0441176470588236,-0.21818181818181817,0,1,0,0
0.6562499999999917,0.652173913043475,-0.7643979057591623,0.3014705882352943,0.3181818181818182,1,0,0,0
1.0624999999999967,0.8260869565217251,-0.32460732984293195,1.2279411764705885,-0.17272727272727273,0,1,0,0
-0.7187500000000061,-1.2608695652173998,-0.24607329842931938,-0.036764705882352956,0.8363636363636363,0,0,1,0
0.6250000000000022,0.39130434782607515,1.2408376963350785,-0.683823529411765,0.6818181818181818,0,1,0,0
-0.15625000000000056,-0.4782608695652249,-1.350785340314136,1.7573529411764712,0.11818181818181818,0,0,1,0
-0.6875000000000167,-0.8695652173913001,-0.5759162303664922,0.75,0.7818181818181819,0,1,0,0
1.0624999999999967,0.8695652173913001,0.09947643979057591,-0.2720588235294121,0.0,0,1,0,0
-1.0000000000000178,-0.9565217391304498,2.654450261780105,-1.5588235294117656,-0.19090909090909092,0,0,1,0
0.6874999999999989,0.3043478260869501,0.7696335078534031,-0.5661764705882357,-0.7363636363636363,0,1,0,0
0.3749999999999978,0.2608695652173752,0.005235602094240838,0.5220588235294121,-0.3,0,1,0,0
-0.7812500000000028,-0.652173913043475,-0.7958115183246073,0.8014705882352944,-0.6363636363636364,0,1,0,0
1.1562500000000007,1.2608695652173751,-0.2670157068062827,-0.11029411764705888,-0.3181818181818182,0,1,0,0
-1.3750000000000155,-1.69565217391305,-0.2356020942408377,0.036764705882352956,-0.03636363636363636,0,1,0,0
0.3125000000000011,0.652173913043475,-1.2408376963350785,1.132352941176471,0.9363636363636364,0,0,1,0
0.12499999999999334,-0.13043478260869995,-1.036649214659686,0.8529411764705886,0.8636363636363636,0,1,0,0
0.18749999999999,-0.2608695652173999,-0.5759162303664922,0.27941176470588225,-0.23636363636363636,0,0,1,0
-0.5312500000000161,-0.8260869565217499,0.5602094240837696,-0.3750000000000003,-0.7545454545454545,0,0,1,0
-0.6875000000000167,-0.652173913043475,-0.18324607329842932,-0.3014705882352943,0.5545454545454546,0,1,0,0
-0.6875000000000167,-0.913043478260875,-0.010471204188481676,-0.25,-0.9363636363636364,0,1,0,0
-0.09375000000000389,0.43478260869565005,0.3089005235602094,-0.3235294117647059,0.5727272727272728,0,0,1,0
1.2500000000000044,1.3478260869565002,0.34554973821989526,-0.3161764705882357,0.35454545454545455,0,1,0,0
-0.8437500000000172,-0.7391304347826249,0.3193717277486911,-0.3750000000000003,-0.01818181818181818,0,0,1,0
-0.6562500000000094,-1.043478260869575,-0.42408376963350786,0.4044117647058825,0.3,0,1,0,0
-0.6250000000000022,-1.043478260869575,-0.02617801047120419,-0.13235294117647095,-0.23636363636363636,0,0,1,0
-0.6562500000000094,-1.0,0.6282722513089005,-0.7500000000000006,-0.7545454545454545,0,1,0,0
1.18749999999999,1.3478260869565002,-0.42408376963350786,0.5808823529411766,0.9818181818181818,0,0,1,1
0.46875000000000167,0.13043478260867525,0.07329842931937172,0.07352941176470591,0.5454545454545454,0,1,0,0
-0.3437500000000083,0.04347826086955017,-1.0732984293193717,1.2573529411764712,-0.8818181818181818,0,0,1,0
0.06249999999999667,0.5652173913043252,-0.837696335078534,1.2941176470588243,0.3181818181818182,0,1,0,0
-0.8750000000000067,-0.7391304347826249,-0.32460732984293195,0.2426470588235293,-0.8454545454545455,0,1,0,0
-0.18750000000000777,0.0,0.8167539267015707,-0.632352941176471,-0.5727272727272728,0,0,1,0
0.0,-0.3043478260869748,-0.806282722513089,1.1838235294117654,0.18181818181818182,0,0,1,0
0.8437499999999994,0.9565217391304252,-0.10471204188481675,0.5220588235294121,1.0545454545454545,1,0,0,0
-0.6562500000000094,-0.8695652173913001,1.4345549738219896,-1.1617647058823535,0.8454545454545455,0,1,0,0
0.8124999999999922,0.9565217391304252,-0.4293193717277487,0.6176470588235295,-0.9727272727272728,0,1,0,0
-0.406250000000005,-0.17391304347827483,-1.455497382198953,1.7132352941176476,-0.6363636363636364,0,1,0,0
0.8749999999999889,0.39130434782607515,0.2774869109947644,-0.2647058823529414,-0.5727272727272728,0,0,1,0
-0.4375000000000122,0.0,0.24083769633507854,0.17647058823529407,-0.41818181818181815,0,0,1,0
0.031249999999989453,-0.34782608695652495,0.015706806282722512,-0.3308823529411766,-0.4,1,0,0,0
0.09374999999998612,-0.17391304347827483,0.16230366492146597,0.17647058823529407,0.18181818181818182,0,1,0,0
-0.8437500000000172,-0.9565217391304498,0.6492146596858639,-0.4264705882352946,0.5363636363636364,0,0,1,0
-1.406250000000005,-1.69565217391305,-0.29842931937172773,0.7205882352941178,0.23636363636363636,0,1,0,0
-0.8750000000000067,-0.8260869565217499,-0.2670157068062827,-0.13970588235294112,-0.5727272727272728,0,0,1,0
0.9062499999999961,0.4782608695652002,-0.743455497382199,0.5514705882352944,-0.00909090909090909,0,1,0,1
-0.8437500000000172,-0.6086956521739249,0.6282722513089005,-0.4632352941176476,0.18181818181818182,1,0,0,0
0.43749999999999445,0.2608695652173752,-0.5706806282722513,0.48529411764705915,0.20909090909090908,1,0,0,0
0.40624999999998723,0.2608695652173752,2.5445026178010473,-1.3455882352941182,-0.8,0,1,0,0
0.15625000000000056,0.13043478260867525,-0.1256544502617801,-0.3308823529411766,0.39090909090909093,1,0,0,0
0.46875000000000167,0.3043478260869501,-0.774869109947644,1.3014705882352944,0.8,0,1,0,1
-0.5312500000000161,-0.9565217391304498,4.596858638743456,-1.9044117647058834,0.5181818181818182,0,1,0,0
-0.031250000000007216,-0.2608695652173999,0.900523560209424,-0.7279411764705886,-0.8727272727272727,0,1,0,0
-0.6250000000000022,-0.2608695652173999,0.14136125654450263,0.007352941176470696,-0.38181818181818183,1,0,0,0
1.0624999999999967,1.1304347826086751,3.2094240837696337,-1.7205882352941184,-0.5636363636363636,0,0,1,0
-1.0312500000000073,-0.913043478260875,-0.2617801047120419,0.8014705882352944,-0.7545454545454545,1,0,0,0
-0.5937500000000128,-0.43478260869565005,0.774869109947644,-0.8308823529411768,0.7181818181818181,0,0,1,0
1.1249999999999933,0.9565217391304252,0.5392670157068062,-0.19852941176470618,-0.03636363636363636,0,1,0,0
-0.6562500000000094,-1.0,-0.9895287958115183,0.5661764705882352,-0.8,1,0,0,0
-0.8437500000000172,-0.782608695652175,0.2356020942408377,0.4779411764705884,-0.9090909090909091,0,1,0,0
-0.7187500000000061,-0.5217391304347998,0.7696335078534031,-0.5808823529411766,0.8,1,0,0,0
-0.5000000000000089,-0.8695652173913001,0.3193717277486911,-0.6617647058823533,-0.6636363636363637,0,1,0,0
0.2812499999999939,0.39130434782607515,0.7172774869109948,-0.18382352941176477,0.1,1,0,0,0
0.3125000000000011,0.17391304347825012,0.1518324607329843,-0.19117647058823548,0.10909090909090909,0,1,0,0
-0.09375000000000389,0.43478260869565005,-0.193717277486911,0.4411764705882355,-0.44545454545454544,0,1,0,0
0.7187499999999883,0.04347826086955017,0.0,-0.286764705882353,0.5363636363636364,0,1,0,0
-0.1250000000000111,-0.39130434782609985,0.743455497382199,-0.683823529411765,0.2727272727272727,0,1,0,0
0.2812499999999939,0.34782608695650025,-0.7539267015706806,0.9779411764705884,0.6636363636363637,0,0,1,0
-0.37500000000001554,-0.652173913043475,-0.11518324607329843,0.04411764705882365,0.15454545454545454,0,1,0,0
-1.1875000000000078,-1.2608695652173998,-1.1099476439790577,1.3602941176470593,-0.7090909090909091,0,1,0,0
1.2500000000000044,1.5217391304347752,0.5654450261780105,-0.6397058823529417,0.33636363636363636,0,1,0,0
-0.28125000000001166,-0.56521739130435,0.20418848167539266,-0.06617647058823521,0.6545454545454545,0,1,0,0
-0.3437500000000083,0.17391304347825012,-0.8743455497382199,1.2279411764705885,0.2636363636363636,1,0,0,0
0.18749999999999,0.43478260869565005,-0.4031413612565445,0.4485294117647062,-0.09090909090909091,0,1,0,0
-0.81250000000001,-0.652173913043475,-0.387434554973822,0.7647058823529413,0.2,0,0,1,0
0.09374999999998612,-0.17391304347827483,-0.9895287958115183,0.7426470588235299,0.6545454545454545,0,1,0,0
-0.406250000000005,-0.13043478260869995,2.0523560209424083,-1.330882352941177,0.24545454545454545,0,1,0,0
0.031249999999989453,0.6956521739130253,0.49214659685863876,-0.04411764705882365,-0.35454545454545455,0,0,1,0
0.40624999999998723,0.39130434782607515,-0.39790575916230364,0.22794117647058842,-0.8545454545454545,0,0,1,0
-0.6562500000000094,-0.8260869565217499,-0.193717277486911,0.18382352941176477,-0.9545454545454546,0,0,1,0
0.7187499999999883,0.7391304347826001,-0.9581151832460733,1.198529411764706,-0.06363636363636363,0,1,0,0
0.8124999999999922,0.17391304347825012,1.9738219895287958,-1.2794117647058831,0.9090909090909091,0,0,1,0
-0.06250000000001443,-0.39130434782609985,0.3717277486910995,-0.2647058823529414,0.6363636363636364,0,0,1,0
0.5312499999999983,0.43478260869565005,0.7539267015706806,-0.6250000000000002,-0.9181818181818182,0,0,1,0
-0.5000000000000089,-0.3043478260869748,-0.7486910994764397,1.5294117647058827,0.7272727272727273,0,1,0,1
-0.5937500000000128,-0.5217391304347998,-0.8952879581151832,0.3161764705882352,-0.06363636363636363,0,1,0,0
0.12499999999999334,0.652173913043475,-0.7958115183246073,0.9852941176470591,-0.2636363636363636,1,0,0,0
-0.46875000000000167,-0.2608695652173999,0.10471204188481675,-0.4338235294117648,0.10909090909090909,1,0,0,0
0.6874999999999989,0.5652173913043252,0.041884816753926704,-0.39705882352941185,-0.2909090909090909,0,1,0,0
-0.7500000000000133,-0.5217391304347998,-0.1256544502617801,0.058823529411764525,-0.18181818181818182,1,0,0,0
0.12499999999999334,-0.13043478260869995,0.3298429319371728,-0.30882352941176505,0.8818181818181818,0,0,1,0
0.4999999999999911,0.34782608695650025,1.057591623036649,-0.6544117647058828,0.35454545454545455,0,1,0,0
-0.7812500000000028,-0.652173913043475,0.2617801047120419,0.029411764705882262,0.2545454545454545,0,1,0,0
-0.09375000000000389,-0.3043478260869748,-0.14659685863874344,0.2426470588235293,-0.509090909090909,0,1,0,0
0.40624999999998723,0.2608695652173752,0.8900523560209425,-0.9044117647058828,0.6727272727272727,0,1,0,0
-0.3125000000000011,-0.8260869565217499,-0.49214659685863876,0.463235294117647,-0.8636363636363636,0,1,0,0
-0.1250000000000111,0.21739130434782503,0.900523560209424,-0.6470588235294121,0.2,0,1,0,0
0.593749999999995,-0.04347826086957489,0.8429319371727748,-0.845588235294118,0.7545454545454545,0,1,0,0
-0.3437500000000083,0.08695652173912506,0.020942408376963352,-0.25,0.6,0,1,0,0
-0.81250000000001,-0.6086956521739249,-0.7329842931937173,0.9926470588235299,0.7909090909090909,0,0,1,0
0.18749999999999,0.21739130434782503,-0.06282722513089005,0.22794117647058842,0.7272727272727273,0,1,0,0
-1.0625000000000144,-1.0,-1.1361256544502618,1.5000000000000004,-0.9727272727272728,0,0,1,0
-1.093750000000004,-1.1739130434782747,-0.3507853403141361,0.19852941176470565,0.44545454545454544,0,1,0,0
-0.8437500000000172,-0.652173913043475,0.6910994764397905,-0.7058823529411768,0.4727272727272727,0,1,0,0
0.7812500000000028,0.652173913043475,2.356020942408377,-1.3014705882352948,0.6636363636363637,0,1,0,0
-0.5000000000000089,-0.56521739130435,-1.036649214659686,1.36764705882353,-0.7363636363636363,0,1,0,0
-1.218750000000015,-1.43478260869565,0.7958115183246073,-0.6617647058823533,0.2636363636363636,0,1,0,0
-0.406250000000005,-0.13043478260869995,0.02617801047120419,-0.2794117647058828,-0.34545454545454546,0,1,0,0
0.6250000000000022,-0.04347826086957489,-0.774869109947644,0.36764705882352955,-0.9181818181818182,0,0,1,1
-0.6250000000000022,-0.43478260869565005,-0.2879581151832461,0.9117647058823533,0.39090909090909093,0,0,1,0
-0.218750000000015,0.21739130434782503,-0.8115183246073299,1.058823529411765,-0.7727272727272727,0,1,0,0
0.3749999999999978,0.08695652173912506,-0.5392670157068062,0.3088235294117645,-0.5454545454545454,0,1,0,0
0.9375000000000033,0.4782608695652002,-0.07329842931937172,0.3235294117647059,-0.7272727272727273,0,0,1,0
0.0,0.43478260869565005,0.5916230366492147,-0.3602941176470589,0.6909090909090909,0,0,1,0
-0.8437500000000172,-0.8260869565217499,0.17277486910994763,-0.4044117647058825,-0.9363636363636364,0,0,1,0
-0.9062500000000139,-0.8695652173913001,-0.29842931937172773,-0.11764705882352956,0.5181818181818182,0,1,0,0
-0.8437500000000172,-0.34782608695652495,-0.020942408376963352,-0.24264705882352983,-0.17272727272727273,0,0,1,0
0.4999999999999911,0.39130434782607515,-0.837696335078534,0.6691176470588239,-0.7454545454545455,0,1,0,0
0.7499999999999956,0.8260869565217251,0.4607329842931937,-0.7867647058823535,0.7727272727272727,0,0,1,0
-0.5000000000000089,-0.8260869565217499,0.3193717277486911,-0.19117647058823548,-0.8363636363636363,0,0,1,0
-0.28125000000001166,0.2608695652173752,0.16753926701570682,0.18382352941176477,-0.8181818181818182,0,1,0,0
0.15625000000000056,0.7826086956521503,0.5287958115183246,-0.7058823529411768,-0.5636363636363636,1,0,0,0
-0.9062500000000139,-0.782608695652175,0.5287958115183246,-0.05147058823529435,-0.8909090909090909,0,0,1,0
0.031249999999989453,0.652173913043475,-0.29842931937172773,0.5294117647058822,-0.37272727272727274,0,1,0,0
0.15625000000000056,0.0,0.8010471204188482,-0.5441176470588237,-0.5727272727272728,0,1,0,0
0.0,0.17391304347825012,-0.9109947643979057,1.2720588235294121,-0.07272727272727272,0,0,1,0
1.1562500000000007,1.1304347826086751,0.4869109947643979,-0.2573529411764707,0.24545454545454545,0,1,0,0
-0.28125000000001166,-0.7391304347826249,-0.3036649214659686,0.25,1.0636363636363637,0,1,0,0
0.7187499999999883,0.0,1.0785340314136125,-0.6102941176470591,-0.06363636363636363,0,1,0,0
0.7812500000000028,0.9130434782608502,1.0052356020942408,-0.9558823529411768,-0.6818181818181818,0,1,0,0
0.4999999999999911,0.3043478260869501,0.1099476439790576,0.08823529411764679,0.36363636363636365,0,0,1,0
-0.37500000000001554,-0.6086956521739249,0.3612565445026178,-0.4411764705882355,-0.24545454545454545,0,1,0,0
-0.5000000000000089,-0.782608695652175,-0.2356020942408377,0.286764705882353,-0.5727272727272728,0,1,0,0
0.12499999999999334,-0.17391304347827483,0.450261780104712,-0.7058823529411768,0.8272727272727273,0,1,0,0
0.593749999999995,-0.17391304347827483,-0.612565445026178,1.6617647058823537,0.3181818181818182,0,0,1,1
-0.5312500000000161,-0.3043478260869748,0.04712041884816754,-0.3529411764705887,-0.509090909090909,1,0,0,0
-0.5937500000000128,-0.913043478260875,0.4607329842931937,-0.47058823529411775,-0.6818181818181818,0,0,1,0
0.6250000000000022,0.5652173913043252,2.020942408376963,-1.2794117647058831,0.7909090909090909,0,1,0,0
-0.5625000000000056,-0.21739130434782503,0.225130890052356,-0.286764705882353,0.6363636363636364,1,0,0,0
0.34374999999999056,0.21739130434782503,0.38219895287958117,-0.036764705882352956,0.01818181818181818,0,0,1,0
-0.25000000000000444,-0.6956521739130499,-0.09424083769633508,0.3382352941176473,-0.2636363636363636,0,1,0,0
-1.0000000000000178,-1.043478260869575,0.8010471204188482,-0.683823529411765,0.6727272727272727,1,0,0,0
-1.0625000000000144,-0.913043478260875,0.16753926701570682,-0.24264705882352983,0.9363636363636364,0,1,0,0
1.2500000000000044,1.3913043478260751,-0.4607329842931937,0.7279411764705884,0.7,0,1,0,0
-0.09375000000000389,-0.2608695652173999,-0.43455497382198954,0.48529411764705915,0.2636363636363636,1,0,0,0
0.8124999999999922,0.17391304347825012,0.08900523560209424,-0.058823529411765045,-0.3090909090909091,0,1,0,0
0.09374999999998612,0.7391304347826001,3.968586387434555,-1.8529411764705892,-0.9272727272727272,0,1,0,0
-1.0625000000000144,-1.0,-0.6335078534031413,0.5441176470588237,-0.6363636363636364,0,1,0,0
-0.6875000000000167,-0.43478260869565005,0.2094240837696335,-0.2573529411764707,-0.7909090909090909,0,1,0,0
-0.9375000000000033,-0.8695652173913001,1.675392670157068,-1.1617647058823535,1.018181818181818,0,0,1,0
0.7812500000000028,0.17391304347825012,-0.2198952879581152,0.3897058823529411,-0.9727272727272728,0,1,0,0
-0.9375000000000033,-0.7391304347826249,0.2094240837696335,-0.036764705882352956,0.8909090909090909,0,1,0,0
-0.7187500000000061,-0.13043478260869995,0.15706806282722513,-0.24264705882352983,0.8272727272727273,0,1,0,0
0.40624999999998723,0.21739130434782503,0.7591623036649214,-0.6911764705882357,-0.15454545454545454,0,1,0,0
-0.09375000000000389,-0.04347826086957489,1.0157068062827226,-0.3014705882352943,0.6181818181818182,0,1,0,0
0.3125000000000011,0.43478260869565005,2.020942408376963,-1.1985294117647065,0.5727272727272728,0,1,0,0
1.18749999999999,1.3478260869565002,0.193717277486911,0.3161764705882352,0.10909090909090909,0,1,0,0
-0.06250000000001443,-0.39130434782609985,0.11518324607329843,-0.5073529411764707,-0.9727272727272728,1,0,0,0
0.12499999999999334,0.521739130434775,0.020942408376963352,0.2426470588235293,-0.6,0,0,1,0
-0.9687500000000105,-0.782608695652175,-0.05759162303664921,0.5882352941176473,0.2727272727272727,0,1,0,0
-0.9375000000000033,-0.7391304347826249,-0.42408376963350786,0.14705882352941183,0.37272727272727274,0,1,0,0
-0.218750000000015,-0.6086956521739249,0.2617801047120419,0.19117647058823548,0.19090909090909092,0,1,0,0
0.0,-0.39130434782609985,1.198952879581152,-0.47058823529411775,1.009090909090909,0,0,1,0
0.06249999999999667,-0.2608695652173999,-0.9581151832460733,1.6250000000000009,0.3181818181818182,0,0,1,0
0.2812499999999939,0.4782608695652002,-0.5706806282722513,0.08823529411764679,-0.8272727272727273,0,0,1,0
-0.5937500000000128,-0.782608695652175,-1.4293193717277486,1.4338235294117654,0.5,0,1,0,0
-0.6250000000000022,-0.4782608695652249,1.486910994764398,-0.9191176470588239,-0.5454545454545454,0,1,0,0
0.40624999999998723,0.3043478260869501,0.9267015706806283,-0.6397058823529417,0.7090909090909091,0,1,0,0
0.12499999999999334,0.21739130434782503,-0.6544502617801047,0.8382352941176473,0.5363636363636364,1,0,0,0
-0.9062500000000139,-0.652173913043475,2.167539267015707,-1.1764705882352946,-0.4818181818181818,0,1,0,0
0.6250000000000022,0.5652173913043252,-0.4397905759162304,-0.286764705882353,-0.5454545454545454,0,0,1,0
-0.37500000000001554,0.0,0.05235602094240838,0.10294117647058817,-0.24545454545454545,0,0,1,0
-0.7812500000000028,-0.2608695652173999,-0.680628272251309,0.7720588235294121,-0.4727272727272727,0,1,0,0
-0.6250000000000022,-1.043478260869575,-0.35602094240837695,0.058823529411764525,0.36363636363636365,0,0,1,0
0.12499999999999334,-0.34782608695652495,0.18848167539267016,-0.07352941176470591,0.990909090909091,0,0,1,0
-0.09375000000000389,-0.2608695652173999,-0.14136125654450263,0.3161764705882352,-0.8454545454545455,0,1,0,0
0.12499999999999334,0.5652173913043252,2.979057591623037,-1.566176470588236,-0.2909090909090909,0,0,1,0
-0.7500000000000133,-0.56521739130435,-0.7801047120418848,0.7426470588235299,-0.03636363636363636,0,1,0,0
-0.6562500000000094,-1.1304347826087,1.513089005235602,-0.8970588235294124,1.0,0,1,0,0
-0.218750000000015,-0.652173913043475,-0.2513089005235602,0.19117647058823548,0.6909090909090909,0,0,1,0
0.24999999999998668,0.3043478260869501,1.0052356020942408,-0.7279411764705886,0.7363636363636363,0,0,1,0
-1.2500000000000044,-1.3913043478260998,2.345549738219895,-1.2352941176470593,-0.6272727272727273,0,0,1,0
-0.9062500000000139,-0.9565217391304498,-0.17801047120418848,0.595588235294118,0.33636363636363636,0,1,0,0
0.7812500000000028,0.04347826086955017,1.9371727748691099,-1.3823529411764712,-0.18181818181818182,1,0,0,0
0.7812500000000028,0.6956521739130253,-0.16753926701570682,0.6029411764705882,-0.7454545454545455,1,0,0,0
0.031249999999989453,-0.39130434782609985,-0.38219895287958117,0.2426470588235293,-0.7545454545454545,0,1,0,0
0.21874999999999722,1.086956521739125,-0.42408376963350786,0.7279411764705884,0.09090909090909091,0,1,0,0
-1.0000000000000178,-1.0,0.24083769633507854,-0.3161764705882357,0.9,1,0,0,1
-1.0625000000000144,-1.1739130434782747,0.193717277486911,-0.10294117647058817,-0.5636363636363636,0,0,1,0
-0.15625000000000056,-0.2608695652173999,0.3507853403141361,-0.3382352941176473,0.7454545454545455,0,1,0,0
0.031249999999989453,0.7391304347826001,-0.6492146596858639,0.8014705882352944,-0.5545454545454546,0,1,0,0
-0.3437500000000083,-0.56521739130435,-0.041884816753926704,-0.12500000000000025,-0.2909090909090909,0,1,0,0
-0.6562500000000094,-0.9565217391304498,1.293193717277487,-0.9926470588235299,-0.36363636363636365,0,0,1,0
0.09374999999998612,-0.21739130434782503,0.17277486910994763,-0.4117647058823532,0.42727272727272725,0,1,0,0
0.46875000000000167,0.34782608695650025,0.3769633507853403,0.0,0.2909090909090909,0,0,1,0
0.3749999999999978,0.17391304347825012,-0.5078534031413613,0.5147058823529413,-0.21818181818181817,0,1,0,0
-0.46875000000000167,-0.39130434782609985,0.20418848167539266,0.6102941176470589,-0.5909090909090909,0,1,0,0
-0.5937500000000128,-0.4782608695652249,-0.6596858638743456,1.3014705882352944,-0.9,0,1,0,0
-0.5000000000000089,-0.913043478260875,1.0994764397905759,-1.0514705882352946,0.42727272727272725,0,0,1,0
-0.8750000000000067,-0.913043478260875,-0.43455497382198954,0.47058823529411775,-0.3090909090909091,0,1,0,0
1.18749999999999,1.30434782608695,0.7120418848167539,-0.8161764705882357,-0.10909090909090909,0,1,0,0
-0.5625000000000056,-0.782608695652175,0.49214659685863876,-0.5661764705882357,-0.34545454545454546,0,1,0,0
0.6874999999999989,0.7391304347826001,-0.7015706806282722,1.1838235294117654,0.9181818181818182,0,1,0,1
0.7812500000000028,0.13043478260867525,-0.49214659685863876,0.9705882352941178,-0.5,1,0,0,0
-1.0000000000000178,-0.913043478260875,-0.837696335078534,0.3235294117647059,-0.8363636363636363,0,1,0,0
-1.406250000000005,-1.69565217391305,0.34554973821989526,-0.36764705882352955,0.3,0,1,0,0
-0.25000000000000444,-0.43478260869565005,-0.6178010471204188,0.4044117647058825,-0.6636363636363637,0,0,1,0
0.0,0.5652173913043252,-0.29842931937172773,0.036764705882352956,0.36363636363636365,0,1,0,0
-0.15625000000000056,0.21739130434782503,0.7277486910994765,-0.36764705882352955,0.38181818181818183,0,1,0,0
0.21874999999999722,0.13043478260867525,0.3507853403141361,-0.3602941176470589,-0.7636363636363637,0,1,0,0
0.9062499999999961,0.9999999999999752,0.743455497382199,-0.7720588235294121,0.2,0,0,1,0
0.21874999999999722,-0.17391304347827483,-0.2198952879581152,0.3088235294117645,0.4636363636363636,0,1,0,0
0.24999999999998668,0.3043478260869501,2.5392670157068062,-1.5000000000000009,0.2636363636363636,0,0,1,0
-0.9687500000000105,-1.043478260869575,1.905759162303665,-1.2720588235294124,0.1,0,1,0,0
0.09374999999998612,-0.2608695652173999,-0.806282722513089,0.7573529411764707,-0.7,0,1,0,0
-0.4375000000000122,0.0,-0.5340314136125655,0.38235294117647045,-0.36363636363636365,0,1,0,0
-0.406250000000005,-0.4782608695652249,1.706806282722513,-1.264705882352942,0.5909090909090909,0,1,0,0
-0.5625000000000056,-0.4782608695652249,1.5654450261780104,-0.9264705882352946,-0.32727272727272727,0,0,1,0
0.3749999999999978,0.2608695652173752,-1.0628272251308901,1.3382352941176474,-0.13636363636363635,0,0,1,0
0.34374999999999056,0.34782608695650025,-0.18848167539267016,-0.22058823529411775,0.41818181818181815,0,1,0,0
0.5624999999999878,0.39130434782607515,-1.1099476439790577,1.727941176470589,0.2727272727272727,1,0,0,0
0.12499999999999334,-0.2608695652173999,0.7853403141361257,-0.9191176470588239,-0.4090909090909091,0,1,0,0
-0.7500000000000133,-0.5217391304347998,-0.9214659685863874,1.7352941176470598,-0.7818181818181819,0,0,1,0
0.15625000000000056,0.17391304347825012,0.7277486910994765,-0.7500000000000006,-0.06363636363636363,0,1,0,0
-0.3125000000000011,-0.04347826086957489,0.806282722513089,-0.5147058823529413,0.7272727272727273,1,0,0,0
-0.6250000000000022,-0.7391304347826249,-0.8795811518324608,0.007352941176470696,0.01818181818181818,0,1,0,0
0.6250000000000022,0.43478260869565005,-0.418848167539267,-0.24264705882352983,-0.24545454545454545,0,0,1,0
-0.7187500000000061,-0.7391304347826249,-0.1256544502617801,0.25,0.32727272727272727,0,0,1,0
0.18749999999999,-0.21739130434782503,-0.9109947643979057,1.0441176470588236,-0.24545454545454545,0,1,0,0
0.24999999999998668,0.2608695652173752,1.0104712041884816,-0.9411764705882357,-0.2818181818181818,0,0,1,0
-0.3437500000000083,0.17391304347825012,1.3193717277486912,-0.8970588235294124,-0.4636363636363636,0,1,0,0
-1.125000000000011,-1.1304347826087,-0.8534031413612565,1.3970588235294124,-0.16363636363636364,0,1,0,0
1.0624999999999967,1.2608695652173751,2.089005235602094,-1.3602941176470593,-0.42727272727272725,0,0,1,0
0.6874999999999989,0.7391304347826001,-0.08376963350785341,0.22794117647058842,0.9,0,1,0,0
0.06249999999999667,0.6956521739130253,-1.3979057591623036,1.2794117647058827,-0.8636363636363636,0,0,1,0
-0.6562500000000094,-0.8695652173913001,1.9581151832460733,-1.1617647058823535,-0.9727272727272728,0,1,0,0
1.312500000000001,1.4782608695652002,5.968586387434555,-2.014705882352942,-0.7818181818181819,0,1,0,0
0.43749999999999445,0.34782608695650025,0.8795811518324608,-0.6617647058823533,0.5727272727272728,0,1,0,0
0.3125000000000011,0.43478260869565005,0.6020942408376964,-0.7794117647058828,0.4818181818181818,1,0,0,0
-0.5000000000000089,-0.21739130434782503,-0.7277486910994765,1.36764705882353,0.14545454545454545,0,0,1,0
-0.5937500000000128,-1.0,0.39267015706806285,-0.4117647058823532,0.18181818181818182,0,0,1,0
1.0312499999999893,0.7391304347826001,0.06282722513089005,0.18382352941176477,0.8818181818181818,0,0,1,0
-0.6562500000000094,-0.6086956521739249,0.581151832460733,-0.6911764705882357,-0.00909090909090909,0,0,1,0
0.15625000000000056,0.0,-0.041884816753926704,0.1617647058823527,0.22727272727272727,0,1,0,0
0.3749999999999978,0.2608695652173752,0.5497382198952879,-0.6397058823529417,-0.19090909090909092,0,1,0,0
0.40624999999998723,0.2608695652173752,-0.6649214659685864,0.7720588235294121,-0.7454545454545455,0,1,0,0
-0.8437500000000172,-0.782608695652175,0.35602094240837695,-0.17647058823529407,0.5,0,1,0,0
-0.9687500000000105,-1.0,0.09424083769633508,0.007352941176470696,0.7545454545454545,0,1,0,0
-0.7500000000000133,-0.3043478260869748,-0.581151832460733,0.29411764705882365,0.3,0,1,0,0
-0.3125000000000011,0.0,-0.8743455497382199,1.558823529411765,-0.11818181818181818,0,1,0,0
-0.3125000000000011,0.0,0.7643979057591623,-0.6250000000000002,-0.6,0,0,1,0
1.0312499999999893,0.9565217391304252,-0.005235602094240838,-0.3014705882352943,-0.34545454545454546,0,1,0,0
-0.8750000000000067,-0.8260869565217499,-0.29842931937172773,0.9852941176470591,-0.9090909090909091,0,1,0,0
0.40624999999998723,0.17391304347825012,-1.4973821989528795,1.5073529411764712,-0.03636363636363636,0,0,1,0
-1.2500000000000044,-1.30434782608695,-0.36649214659685864,-0.11764705882352956,-0.8454545454545455,0,0,1,0
-0.6250000000000022,-0.5217391304347998,-0.9424083769633508,0.8529411764705886,-0.17272727272727273,0,0,1,0
0.7499999999999956,0.6086956521739002,0.9109947643979057,-0.8014705882352946,-0.5272727272727272,0,1,0,0
-0.46875000000000167,-0.04347826086957489,0.04712041884816754,-0.19117647058823548,-0.7272727272727273,0,0,1,0
0.06249999999999667,0.5652173913043252,-0.8219895287958116,0.808823529411765,0.36363636363636365,0,1,0,0
-0.37500000000001554,-0.6956521739130499,-0.24607329842931938,0.7279411764705884,0.44545454545454544,0,0,1,0
-0.1250000000000111,0.43478260869565005,0.2670157068062827,0.06617647058823521,0.7727272727272727,0,1,0,0
0.031249999999989453,-0.3043478260869748,-0.24607329842931938,0.6397058823529411,0.8909090909090909,0,0,1,0
-0.8437500000000172,-0.5217391304347998,-0.6649214659685864,-0.08088235294117661,0.6727272727272727,0,0,1,0
0.15625000000000056,-0.17391304347827483,0.7120418848167539,-0.7132352941176475,0.12727272727272726,0,1,0,0
-0.81250000000001,-0.6086956521739249,-0.24607329842931938,0.3382352941176473,-0.7090909090909091,0,1,0,0
-0.8750000000000067,-0.6086956521739249,-0.3403141361256545,0.4485294117647062,-0.8272727272727273,1,0,0,0
0.6874999999999989,0.34782608695650025,-0.6492146596858639,0.676470588235294,-0.6636363636363637,0,1,0,1
-1.4375000000000122,-1.782608695652175,0.7225130890052356,-0.2573529411764707,-0.7818181818181819,0,0,1,0
0.43749999999999445,0.43478260869565005,0.518324607329843,-0.4264705882352946,-0.06363636363636363,0,1,0,0
0.9062499999999961,0.9130434782608502,0.6335078534031413,-0.8308823529411768,0.09090909090909091,1,0,0,0
-0.3125000000000011,0.17391304347825012,-0.34554973821989526,0.22058823529411775,-0.6090909090909091,0,1,0,0
-0.18750000000000777,0.2608695652173752,0.450261780104712,-0.48529411764705915,-0.9272727272727272,0,1,0,0
-0.218750000000015,-0.6086956521739249,0.11518324607329843,-0.08088235294117661,-0.15454545454545454,0,1,0,0
-0.7187500000000061,-1.0,-0.2670157068062827,-0.02205882352941209,-0.7818181818181819,0,1,0,0
0.4999999999999911,0.21739130434782503,0.010471204188481676,0.3235294117647059,0.35454545454545455,0,0,1,0
0.2812499999999939,0.652173913043475,-0.25654450261780104,-0.007352941176470696,0.3,0,0,1,0
-0.5312500000000161,-0.39130434782609985,3.2198952879581153,-1.6470588235294126,0.9363636363636364,0,1,0,0
-0.7500000000000133,-0.5217391304347998,0.9319371727748691,-0.8676470588235299,0.08181818181818182,0,0,1,0
0.7187499999999883,0.04347826086955017,-0.3036649214659686,0.463235294117647,0.16363636363636364,0,1,0,0
-0.06250000000001443,-0.04347826086957489,-0.09947643979057591,0.14705882352941183,0.6818181818181818,0,0,1,0
-0.5312500000000161,-0.34782608695652495,2.518324607329843,-1.5367647058823537,0.22727272727272727,1,0,0,0
-0.28125000000001166,-0.7391304347826249,-0.5287958115183246,0.558823529411765,-0.7545454545454545,0,1,0,0
0.0,0.521739130434775,0.07853403141361257,0.007352941176470696,0.20909090909090908,0,0,1,0
0.21874999999999722,0.9999999999999752,-0.05235602094240838,-0.07352941176470591,-0.2545454545454545,0,1,0,0
-1.093750000000004,-0.913043478260875,2.486910994764398,-1.3088235294117654,0.9181818181818182,0,1,0,0
0.40624999999998723,0.13043478260867525,0.39790575916230364,-0.23529411764705913,0.23636363636363636,0,1,0,0
0.8437499999999994,0.9130434782608502,-0.2670157068062827,0.75,-0.42727272727272725,0,0,1,0
-0.18750000000000777,-0.5217391304347998,0.08900523560209424,-0.13235294117647095,0.13636363636363635,0,1,0,0
-0.6562500000000094,-0.913043478260875,0.612565445026178,-0.7867647058823535,-0.2909090909090909,0,0,1,0
0.15625000000000056,0.04347826086955017,0.7591623036649214,-0.6176470588235299,-0.5545454545454546,0,1,0,0
-0.8437500000000172,-0.6956521739130499,0.34554973821989526,-0.4338235294117648,-0.3181818181818182,0,1,0,0
0.43749999999999445,0.3043478260869501,-0.015706806282722512,0.06617647058823521,0.1,0,1,0,0
1.0312499999999893,0.7391304347826001,-0.020942408376963352,0.3602941176470589,-0.8272727272727273,0,1,0,0
-0.7812500000000028,-0.6086956521739249,-0.581151832460733,0.08088235294117661,0.6454545454545455,0,0,1,0
0.12499999999999334,0.7826086956521503,-0.5235602094240838,0.4117647058823532,-0.4818181818181818,0,1,0,0
-0.4375000000000122,-0.39130434782609985,-0.418848167539267,0.6470588235294118,0.7272727272727273,0,0,1,0
0.7499999999999956,0.34782608695650025,-0.7696335078534031,1.132352941176471,-0.05454545454545454,1,0,0,1
0.031249999999989453,0.5652173913043252,0.015706806282722512,-0.29411764705882365,0.3090909090909091,1,0,0,0
1.1562500000000007,1.30434782608695,5.204188481675392,-1.9926470588235303,-0.9272727272727272,0,1,0,1
0.5312499999999983,-0.04347826086957489,-0.05235602094240838,0.01470588235294087,0.7090909090909091,0,1,0,0
-0.81250000000001,-0.8260869565217499,-0.4397905759162304,0.6176470588235295,0.00909090909090909,0,1,0,0
0.593749999999995,-0.13043478260869995,0.7643979057591623,-0.6691176470588239,0.4090909090909091,0,1,0,0
-0.46875000000000167,-0.43478260869565005,-0.8586387434554974,0.808823529411765,-0.6636363636363637,0,0,1,0
-0.7812500000000028,-0.8695652173913001,-0.34554973821989526,0.45588235294117635,0.38181818181818183,0,1,0,0
0.09374999999998612,-0.39130434782609985,0.13089005235602094,-0.21323529411764705,1.1,0,0,1,0
-1.0312500000000073,-0.913043478260875,0.42408376963350786,0.022058823529411565,1.0909090909090908,0,1,0,0
-0.406250000000005,0.0,0.4293193717277487,-0.6470588235294121,0.36363636363636365,0,0,1,0
-0.031250000000007216,-0.21739130434782503,0.6020942408376964,-0.8382352941176475,-0.4909090909090909,0,1,0,0
-0.8750000000000067,-0.9565217391304498,-0.450261780104712,0.12499999999999974,0.7181818181818181,0,1,0,0
0.06249999999999667,-0.08695652173914978,0.031413612565445025,0.4779411764705884,0.16363636363636364,1,0,0,0
-0.7812500000000028,-0.652173913043475,4.612565445026178,-1.8897058823529422,0.5818181818181818,0,1,0,0
1.1562500000000007,1.1304347826086751,0.27225130890052357,-0.4926470588235298,0.19090909090909092,0,0,1,0
-0.3437500000000083,-0.6086956521739249,2.287958115183246,-1.4852941176470598,-0.08181818181818182,1,0,0,0
0.34374999999999056,0.0,0.2879581151832461,-0.5514705882352944,-0.6636363636363637,0,0,1,0
0.21874999999999722,0.08695652173912506,-0.2356020942408377,0.2426470588235293,-0.9727272727272728,0,0,1,0
1.0624999999999967,0.9565217391304252,0.42408376963350786,-0.3602941176470589,-0.3,0,1,0,0
-0.3125000000000011,-0.5217391304347998,-0.9319371727748691,0.6102941176470589,1.0272727272727273,0,0,1,0
-0.06250000000001443,0.04347826086955017,-0.1256544502617801,0.45588235294117635,0.6,0,1,0,0
0.5624999999999878,0.2608695652173752,-0.387434554973822,0.8014705882352944,-0.2818181818181818,0,1,0,0
-0.406250000000005,-0.17391304347827483,0.5549738219895288,0.022058823529411565,0.5636363636363636,0,1,0,0
0.5624999999999878,0.4782608695652002,-0.35602094240837695,0.3014705882352943,-0.8272727272727273,0,1,0,0
0.9062499999999961,0.39130434782607515,-0.49214659685863876,0.11764705882352956,0.11818181818181818,0,0,1,0
-0.031250000000007216,-0.21739130434782503,-0.06282722513089005,0.13970588235294112,-0.7090909090909091,0,0,1,0
0.8124999999999922,0.8260869565217251,2.3089005235602094,-1.3750000000000009,-0.32727272727272727,0,0,1,0
-0.5312500000000161,-0.43478260869565005,-0.7382198952879581,0.4411764705882355,-0.6363636363636364,0,1,0,0
0.3125000000000011,0.521739130434775,-0.02617801047120419,-0.18382352941176477,-0.8727272727272727,0,1,0,0
-0.5937500000000128,-0.56521739130435,-0.7382198952879581,1.2647058823529413,-0.7181818181818181,0,1,0,0
0.6874999999999989,0.5652173913043252,-0.3612565445026178,0.01470588235294087,0.23636363636363636,0,1,0,0
-1.0000000000000178,-1.0,0.7853403141361257,-0.7647058823529417,0.2727272727272727,0,1,0,0
-0.4375000000000122,-0.13043478260869995,-1.6858638743455496,1.8970588235294128,0.8727272727272727,0,1,0,1
0.0,0.6086956521739002,-0.020942408376963352,0.2426470588235293,-0.38181818181818183,0,1,0,0
-0.15625000000000056,0.34782608695650025,-0.08376963350785341,0.17647058823529407,0.5181818181818182,0,1,0,0
-1.0000000000000178,-1.086956521739125,-0.2670157068062827,0.4117647058823532,0.13636363636363635,0,1,0,0
1.2812499999999938,1.4782608695652002,-0.5916230366492147,0.5661764705882352,-0.21818181818181817,0,0,1,0
-0.8437500000000172,-0.9565217391304498,-0.8638743455497382,0.6176470588235295,0.4636363636363636,0,0,1,0
0.3749999999999978,0.3043478260869501,-0.44502617801047123,0.3897058823529411,-0.43636363636363634,0,0,1,0
1.2187499999999971,1.4347826086956252,-0.5968586387434555,0.4191176470588234,0.14545454545454545,0,0,1,0
-0.7500000000000133,-0.8260869565217499,-0.6963350785340314,0.9779411764705884,0.5,0,0,1,0
-0.28125000000001166,-0.56521739130435,1.031413612565445,-0.48529411764705915,0.7090909090909091,0,0,1,0
0.24999999999998668,0.521739130434775,0.5235602094240838,-0.6102941176470591,0.7545454545454545,0,0,1,0
-0.6250000000000022,-0.8260869565217499,-0.1099476439790576,-0.16176470588235323,-0.8181818181818182,0,1,0,0
0.21874999999999722,0.39130434782607515,0.39267015706806285,0.3161764705882352,-0.19090909090909092,0,1,0,0
1.0312499999999893,0.9130434782608502,2.4554973821989527,-1.2205882352941182,-0.43636363636363634,0,0,1,0
-0.5937500000000128,-0.782608695652175,-0.5392670157068062,0.632352941176471,0.7909090909090909,0,1,0,0
0.24999999999998668,0.4782608695652002,1.4973821989528795,-1.0735294117647065,0.06363636363636363,0,1,0,0
-1.1562500000000184,-1.2608695652173998,2.973821989528796,-1.5220588235294126,0.6909090909090909,0,0,1,0
0.8749999999999889,0.9565217391304252,0.06282722513089005,0.051470588235293824,0.6909090909090909,0,1,0,0
0.12499999999999334,0.6956521739130253,-1.225130890052356,1.7573529411764712,-0.18181818181818182,0,0,1,0
0.6562499999999917,0.521739130434775,1.3350785340314135,-1.0073529411764712,-0.9363636363636364,1,0,0,0
1.0,1.086956521739125,-0.1099476439790576,0.3161764705882352,-0.3090909090909091,0,0,1,0
-0.81250000000001,-0.782608695652175,-0.6020942408376964,0.6250000000000002,-0.7272727272727273,0,1,0,0
-0.18750000000000777,-0.3043478260869748,-0.5916230366492147,1.3750000000000002,0.8,0,1,0,1
-0.5625000000000056,-0.3043478260869748,0.225130890052356,-0.29411764705882365,-0.11818181818181818,0,1,0,0
0.4999999999999911,0.43478260869565005,0.015706806282722512,-0.04411764705882365,0.4636363636363636,0,0,1,0
0.46875000000000167,0.4782608695652002,-0.5654450261780105,0.4926470588235293,-0.10909090909090909,1,0,0,0
-1.0312500000000073,-1.086956521739125,-0.3612565445026178,0.6029411764705882,0.2818181818181818,0,1,0,0
-0.15625000000000056,-0.39130434782609985,-0.2774869109947644,0.22058823529411775,0.4818181818181818,0,1,0,0
0.18749999999999,0.21739130434782503,-0.33507853403141363,0.11764705882352956,0.7,0,0,1,0
0.2812499999999939,0.34782608695650025,-0.2774869109947644,0.4264705882352941,-0.6545454545454545,0,1,0,0
1.0,0.5652173913043252,-0.031413612565445025,0.4338235294117648,1.1545454545454545,0,1,0,1
-0.37500000000001554,-0.6086956521739249,0.3193717277486911,-0.4411764705882355,-0.07272727272727272,0,1,0,0
-1.0312500000000073,-1.0,-0.680628272251309,0.20588235294117635,-0.3,0,1,0,0
0.8749999999999889,1.04347826086955,0.9424083769633508,-0.5882352941176473,-0.2,0,1,0,0
-0.5000000000000089,-0.56521739130435,0.28272251308900526,-0.3014705882352943,-0.7818181818181819,0,0,1,0
0.9062499999999961,1.04347826086955,0.020942408376963352,-0.16176470588235323,0.509090909090909,1,0,0,0
-0.37500000000001554,-0.6956521739130499,0.4031413612565445,-0.07352941176470591,0.10909090909090909,0,1,0,0
0.15625000000000056,-0.21739130434782503,0.0,-0.12500000000000025,-0.35454545454545455,0,0,1,0
-0.25000000000000444,0.21739130434782503,0.5549738219895288,-0.6397058823529417,-0.07272727272727272,0,0,1,0
1.1249999999999933,1.04347826086955,0.8743455497382199,-1.0294117647058827,0.2909090909090909,0,1,0,0
-0.406250000000005,0.0,0.5445026178010471,-0.04411764705882365,-0.01818181818181818,0,1,0,0
-0.8437500000000172,-0.7391304347826249,0.44502617801047123,-0.558823529411765,0.9090909090909091,0,1,0,0
-0.5625000000000056,-0.913043478260875,-0.2094240837696335,0.17647058823529407,0.7545454545454545,0,0,1,0
-0.3125000000000011,-0.652173913043475,-0.32460732984293195,-0.286764705882353,0.5636363636363636,0,0,1,0
0.09374999999998612,-0.08695652173914978,-0.4607329842931937,-0.6102941176470591,0.7727272727272727,0,0,1,0
-0.3125000000000011,0.0,-0.680628272251309,1.1397058823529416,0.00909090909090909,0,1,0,0
0.18749999999999,0.2608695652173752,-0.8900523560209425,1.5367647058823535,0.6363636363636364,0,1,0,0
-0.18750000000000777,-0.34782608695652495,0.08900523560209424,0.1617647058823527,0.38181818181818183,0,1,0,0
0.21874999999999722,0.04347826086955017,-1.0418848167539267,0.9117647058823533,0.45454545454545453,0,0,1,0
0.12499999999999334,0.8260869565217251,0.2879581151832461,-0.25,0.05454545454545454,0,1,0,0
1.2500000000000044,1.30434782608695,0.8534031413612565,-0.4044117647058825,-0.6727272727272727,0,1,0,0
-0.3125000000000011,-0.04347826086957489,-0.7120418848167539,1.1911764705882355,0.8727272727272727,0,1,0,1
0.15625000000000056,0.13043478260867525,0.5497382198952879,-0.06617647058823521,1.0363636363636364,0,1,0,0
0.0,0.08695652173912506,-0.8010471204188482,0.6397058823529411,-0.5181818181818182,0,0,1,0
-0.46875000000000167,-0.17391304347827483,-0.9895287958115183,0.7058823529411768,0.2636363636363636,0,0,1,0
0.5312499999999983,0.39130434782607515,1.7591623036649215,-1.2132352941176476,-0.7,0,0,1,0
-0.6875000000000167,-1.1739130434782747,0.5287958115183246,-0.29411764705882365,1.0727272727272728,1,0,0,1
-0.9062500000000139,-0.652173913043475,0.05235602094240838,-0.08088235294117661,-0.2636363636363636,0,0,1,0
-0.8437500000000172,-0.7391304347826249,-0.6544502617801047,-0.014705882352941391,-0.4,0,1,0,0
-0.5000000000000089,-0.13043478260869995,0.4712041884816754,-0.36764705882352955,0.8727272727272727,0,1,0,0
1.1249999999999933,1.1304347826086751,0.193717277486911,0.3455882352941175,0.8090909090909091,0,1,0,0
1.1249999999999933,1.04347826086955,-0.5549738219895288,0.4117647058823532,0.7272727272727273,0,1,0,0
0.24999999999998668,0.2608695652173752,0.36649214659685864,-0.6544117647058828,-0.9545454545454546,0,1,0,0
1.093750000000004,0.9130434782608502,1.0104712041884816,-0.6911764705882357,-0.9272727272727272,0,1,0,0
0.4999999999999911,0.521739130434775,1.0732984293193717,-0.7058823529411768,-0.2727272727272727,0,1,0,0
0.46875000000000167,0.21739130434782503,0.5026178010471204,-0.29411764705882365,0.9181818181818182,0,0,1,0
0.6250000000000022,0.5652173913043252,-0.29842931937172773,-0.029411764705882262,-0.10909090909090909,0,1,0,0
0.8124999999999922,0.43478260869565005,1.1884816753926701,-0.882352941176471,0.2545454545454545,0,1,0,0
-0.5312500000000161,0.0,-0.8795811518324608,1.3014705882352944,-0.1,0,0,1,0
0.46875000000000167,-0.08695652173914978,-0.418848167539267,0.9926470588235299,-0.10909090909090909,1,0,0,0
1.2500000000000044,1.3913043478260751,0.9267015706806283,-0.7941176470588239,0.4636363636363636,0,0,1,0
-0.7187500000000061,-0.7391304347826249,3.277486910994764,-1.5367647058823537,0.37272727272727274,0,1,0,0
-0.9687500000000105,-0.8695652173913001,-0.774869109947644,0.8308823529411766,-0.2818181818181818,0,0,1,0
-0.4375000000000122,-0.21739130434782503,0.8481675392670157,-0.6617647058823533,0.6454545454545455,0,1,0,0
0.18749999999999,0.39130434782607515,-0.8743455497382199,0.9705882352941178,-0.35454545454545455,0,1,0,0
1.18749999999999,1.3478260869565002,0.6649214659685864,-0.7941176470588239,-0.02727272727272727,0,0,1,0
0.9062499999999961,0.9999999999999752,0.6492146596858639,-0.22058823529411775,0.5545454545454546,1,0,0,0
1.0624999999999967,1.1304347826086751,-0.5759162303664922,0.676470588235294,-0.22727272727272727,0,1,0,0
-0.8437500000000172,-0.6956521739130499,-0.03664921465968586,-0.2720588235294121,0.17272727272727273,0,1,0,0
0.6562499999999917,0.6956521739130253,0.2774869109947644,-0.11029411764705888,0.34545454545454546,0,1,0,0
1.1249999999999933,0.9565217391304252,-0.6701570680628273,0.4485294117647062,-0.08181818181818182,0,1,0,0
1.0624999999999967,0.7826086956521503,-0.5130890052356021,0.4044117647058825,-0.8818181818181818,0,1,0,0
-0.5625000000000056,-0.9565217391304498,1.3769633507853403,-1.0000000000000004,0.34545454545454546,0,1,0,0
0.5312499999999983,0.34782608695650025,1.9790575916230366,-1.4117647058823537,-0.7636363636363637,0,0,1,0
-0.6250000000000022,-0.34782608695652495,1.3036649214659686,-1.0955882352941182,-0.2727272727272727,0,0,1,0
1.2187499999999971,1.3478260869565002,0.42408376963350786,-0.10294117647058817,-0.02727272727272727,0,1,0,0
0.12499999999999334,0.21739130434782503,0.6178010471204188,-0.595588235294118,0.7,0,0,1,0
0.09374999999998612,0.4782608695652002,-0.16230366492146597,-0.20588235294117688,0.7272727272727273,0,1,0,0
0.3749999999999978,0.521739130434775,-0.1518324607329843,0.7794117647058828,-0.8818181818181818,0,1,0,0
0.9062499999999961,0.4782608695652002,0.08376963350785341,-0.15441176470588253,0.2909090909090909,0,0,1,0
0.12499999999999334,0.17391304347825012,0.3193717277486911,-0.13970588235294112,0.8363636363636363,0,1,0,0
1.18749999999999,1.2608695652173751,-0.12041884816753927,-0.014705882352941391,0.6272727272727273,0,1,0,0
-0.46875000000000167,-0.56521739130435,0.3298429319371728,-0.07352941176470591,-0.6454545454545455,1,0,0,0
0.9062499999999961,0.4782608695652002,-0.8481675392670157,0.8014705882352944,0.6090909090909091,0,1,0,1
0.593749999999995,-0.04347826086957489,-0.28272251308900526,0.6397058823529411,0.6727272727272727,0,1,0,0
0.8749999999999889,0.9130434782608502,-0.8534031413612565,1.3014705882352944,-0.15454545454545454,0,1,0,0
-0.9062500000000139,-0.782608695652175,0.9947643979057592,-0.8897058823529417,0.7363636363636363,0,1,0,0
0.6874999999999989,0.39130434782607515,-0.9109947643979057,0.8382352941176473,0.42727272727272725,0,1,0,0
0.24999999999998668,0.5652173913043252,0.1518324607329843,0.10294117647058817,0.17272727272727273,0,0,1,0
-1.1562500000000184,-1.1739130434782747,0.43455497382198954,-0.3382352941176473,-0.9727272727272728,1,0,0,0
0.9375000000000033,0.521739130434775,0.806282722513089,-0.6102941176470591,1.0,0,1,0,0
0.15625000000000056,-0.04347826086957489,-1.0523560209424083,1.6764705882352946,-0.18181818181818182,0,0,1,0
-0.8750000000000067,-0.7391304347826249,-0.07853403141361257,-0.19852941176470618,-0.34545454545454546,0,1,0,0
-0.3437500000000083,0.04347826086955017,-0.6596858638743456,1.6470588235294124,-0.13636363636363635,0,1,0,1
0.09374999999998612,0.7391304347826001,-1.2094240837696335,1.4044117647058831,0.8272727272727273,0,1,0,1
0.15625000000000056,0.2608695652173752,-0.24083769633507854,-0.25,0.7818181818181819,0,0,1,0
0.21874999999999722,0.2608695652173752,-0.612565445026178,0.14705882352941183,0.5727272727272728,0,0,1,0
0.031249999999989453,0.04347826086955017,-0.3298429319371728,0.20588235294117635,0.7636363636363637,0,1,0,0
-0.46875000000000167,-0.04347826086957489,0.9319371727748691,-0.3382352941176473,-0.5727272727272728,0,0,1,0
0.0,-0.13043478260869995,0.015706806282722512,-0.3602941176470589,-0.7818181818181819,0,1,0,0
0.5624999999999878,0.34782608695650025,0.49214659685863876,-0.23529411764705913,-0.5181818181818182,0,1,0,0
0.8749999999999889,0.43478260869565005,0.2774869109947644,0.38235294117647045,0.2545454545454545,0,1,0,0
-0.06250000000001443,-0.13043478260869995,-0.13612565445026178,0.558823529411765,0.045454545454545456,0,1,0,0
-0.28125000000001166,-0.6956521739130499,0.47643979057591623,-0.3161764705882357,0.4818181818181818,0,0,1,0
-1.406250000000005,-1.69565217391305,-0.46596858638743455,0.17647058823529407,-0.34545454545454546,1,0,0,0
0.6250000000000022,0.2608695652173752,-0.9319371727748691,0.36764705882352955,0.9181818181818182,0,1,0,1
-1.0312500000000073,-0.8695652173913001,1.780104712041885,-1.1691176470588243,0.9545454545454546,0,0,1,0
-0.5937500000000128,-0.4782608695652249,1.1518324607329844,-0.9926470588235299,0.5545454545454546,0,0,1,0
0.6250000000000022,0.5652173913043252,-0.5863874345549738,0.6691176470588239,-0.5,0,1,0,0
-1.125000000000011,-1.1739130434782747,-1.1047120418848169,0.9117647058823533,-0.4090909090909091,0,1,0,0
0.7499999999999956,0.7826086956521503,-0.5340314136125655,0.35294117647058815,0.8727272727272727,0,1,0,0
0.12499999999999334,0.5652173913043252,1.0785340314136125,-0.5735294117647064,-0.39090909090909093,0,1,0,0
0.6874999999999989,0.34782608695650025,0.10471204188481675,0.22794117647058842,0.9363636363636364,0,0,1,0
-0.8437500000000172,-0.6956521739130499,-0.031413612565445025,-0.2720588235294121,-0.4636363636363636,0,0,1,0
1.2812499999999938,1.3478260869565002,-0.643979057591623,0.632352941176471,-0.8181818181818182,0,0,1,0
-0.6250000000000022,-0.652173913043475,1.1151832460732984,-0.6911764705882357,0.10909090909090909,0,0,1,0
-0.81250000000001,-0.913043478260875,-0.38219895287958117,0.3235294117647059,0.6454545454545455,0,0,1,0
-0.4375000000000122,-0.782608695652175,-0.806282722513089,0.4779411764705884,-0.3,0,0,1,0
0.7187499999999883,0.652173913043475,0.6230366492146597,-0.3750000000000003,-0.35454545454545455,0,1,0,0
-0.7187500000000061,-1.2608695652173998,1.9738219895287958,-1.2573529411764712,0.6272727272727273,0,1,0,0
-0.406250000000005,-0.17391304347827483,0.41361256544502617,0.3602941176470589,-0.8727272727272727,0,1,0,0
0.2812499999999939,0.9130434782608502,-0.020942408376963352,0.10294117647058817,0.3,0,0,1,0
-0.18750000000000777,-0.34782608695652495,-0.8900523560209425,1.0294117647058827,0.36363636363636365,0,1,0,0
1.0,0.7391304347826001,0.2356020942408377,-0.48529411764705915,-0.2909090909090909,0,0,1,0
0.12499999999999334,0.4782608695652002,-0.5549738219895288,0.3750000000000003,-0.9545454545454546,1,0,0,0
0.0,-0.39130434782609985,-0.6178010471204188,0.4411764705882355,0.11818181818181818,0,0,1,0
0.09374999999998612,0.0,0.21465968586387435,0.13235294117647042,0.7,0,1,0,0
-0.218750000000015,-0.43478260869565005,-0.015706806282722512,0.2352941176470586,-0.8818181818181818,0,0,1,0
0.6562499999999917,0.7391304347826001,2.5026178010471205,-1.3455882352941182,-0.6454545454545455,0,1,0,0
-1.1875000000000078,-1.30434782608695,0.8324607329842932,-0.5294117647058828,0.7545454545454545,0,1,0,0
0.3749999999999978,0.34782608695650025,1.3455497382198953,-1.191176470588236,-0.2818181818181818,0,1,0,0
0.43749999999999445,0.2608695652173752,1.5026178010471205,-1.0220588235294124,-0.9,1,0,0,0
0.7187499999999883,0.39130434782607515,-0.8638743455497382,2.022058823529412,0.7909090909090909,0,1,0,1
-0.6250000000000022,-1.1304347826087,0.9476439790575916,-0.5147058823529413,0.8454545454545455,0,1,0,0
-0.218750000000015,-0.39130434782609985,-0.3089005235602094,0.595588235294118,-0.7545454545454545,0,1,0,0
-0.28125000000001166,-0.43478260869565005,-0.6073298429319371,0.632352941176471,-0.9363636363636364,0,1,0,0
0.6874999999999989,0.6086956521739002,-0.3036649214659686,0.3455882352941175,-0.38181818181818183,0,0,1,0
0.0,-0.21739130434782503,0.19895287958115182,-0.22794117647058842,-0.1,0,1,0,0
0.43749999999999445,0.0,0.7120418848167539,-0.4926470588235298,-0.5454545454545454,0,1,0,0
0.6250000000000022,0.4782608695652002,-0.05759162303664921,0.3602941176470589,0.5,0,1,0,0
0.43749999999999445,0.21739130434782503,0.39267015706806285,-0.4411764705882355,0.11818181818181818,0,1,0,0
0.6250000000000022,0.521739130434775,0.09424083769633508,-0.632352941176471,0.8636363636363636,0,1,0,0
0.031249999999989453,0.652173913043475,0.15706806282722513,0.463235294117647,-0.7545454545454545,0,0,1,0
-0.28125000000001166,0.04347826086955017,1.0157068062827226,-0.6985294117647062,-0.8636363636363636,0,1,0,0
0.3749999999999978,0.13043478260867525,0.387434554973822,0.6029411764705882,-0.2636363636363636,0,0,1,0
0.12499999999999334,-0.08695652173914978,-0.5549738219895288,0.4264705882352941,0.9363636363636364,1,0,0,1
0.18749999999999,0.9130434782608502,-0.8795811518324608,0.6544117647058825,-0.4090909090909091,1,0,0,0
0.6874999999999989,0.6956521739130253,0.16753926701570682,-0.13235294117647095,-0.9272727272727272,0,0,1,0
0.46875000000000167,0.34782608695650025,0.2931937172774869,0.007352941176470696,0.7636363636363637,0,1,0,0
-0.5937500000000128,-0.43478260869565005,-0.18848167539267016,0.3235294117647059,-0.24545454545454545,0,1,0,0
-0.37500000000001554,-0.56521739130435,0.13612565445026178,-0.5441176470588237,-0.4909090909090909,0,1,0,0
-0.7187500000000061,-0.782608695652175,0.33507853403141363,-0.3308823529411766,0.21818181818181817,0,0,1,0
-1.4375000000000122,-1.82608695652175,0.07853403141361257,0.29411764705882365,0.7909090909090909,0,0,1,0
0.15625000000000056,0.652173913043475,0.6649214659685864,-0.6102941176470591,-0.5,0,0,1,0
-0.15625000000000056,-0.2608695652173999,-0.2617801047120419,0.09558823529411747,0.5545454545454546,0,1,0,0
-0.06250000000001443,-0.21739130434782503,-0.4869109947643979,0.8161764705882357,-0.08181818181818182,1,0,0,0
-0.406250000000005,-0.08695652173914978,-0.1099476439790576,-0.07352941176470591,-0.5636363636363636,0,1,0,0
0.43749999999999445,0.21739130434782503,0.08376963350785341,0.04411764705882365,0.9181818181818182,0,1,0,0
0.031249999999989453,-0.3043478260869748,2.5026178010471205,-1.3750000000000009,-0.5727272727272728,0,1,0,0
-0.5000000000000089,-0.34782608695652495,-0.4293193717277487,0.75,0.15454545454545454,1,0,0,0
-0.09375000000000389,-0.3043478260869748,3.9424083769633507,-1.7794117647058834,0.8545454545454545,0,1,0,0
1.1562500000000007,1.04347826086955,-0.7172774869109948,0.36764705882352955,0.32727272727272727,0,0,1,0
-0.06250000000001443,0.17391304347825012,0.38219895287958117,-0.05147058823529435,0.6909090909090909,0,0,1,0
-0.9375000000000033,-0.7391304347826249,0.24607329842931938,-0.22794117647058842,0.5454545454545454,0,1,0,0
0.593749999999995,0.34782608695650025,-0.6544502617801047,0.9558823529411768,0.9545454545454546,0,1,0,1
-0.6562500000000094,-0.8260869565217499,-0.23036649214659685,0.14705882352941183,0.35454545454545455,0,1,0,0
0.34374999999999056,0.39130434782607515,-0.41361256544502617,0.09558823529411747,0.21818181818181817,0,0,1,0
-1.1562500000000184,-1.1739130434782747,-0.5235602094240838,0.6102941176470589,-0.33636363636363636,0,1,0,0
-0.3125000000000011,-0.13043478260869995,-0.5497382198952879,1.1250000000000002,1.0,0,1,0,1
0.15625000000000056,-0.3043478260869748,0.09424083769633508,-0.21323529411764705,-0.15454545454545454,0,0,1,0
0.3749999999999978,0.39130434782607515,-0.4869109947643979,0.9264705882352946,0.4909090909090909,0,0,1,0
1.2812499999999938,1.4782608695652002,0.1518324607329843,0.08823529411764679,0.4909090909090909,0,0,1,0
0.21874999999999722,0.21739130434782503,-0.45549738219895286,0.15441176470588253,1.0727272727272728,0,1,0,0
0.18749999999999,0.9999999999999752,0.45549738219895286,-0.16176470588235323,-0.08181818181818182,0,1,0,0
0.15625000000000056,-0.3043478260869748,-0.18324607329842932,0.29411764705882365,-0.2818181818181818,0,1,0,0
1.0624999999999967,0.9565217391304252,-0.612565445026178,0.6544117647058825,-0.6545454545454545,1,0,0,0
-0.06250000000001443,0.4782608695652002,-0.041884816753926704,-0.3161764705882357,0.6181818181818182,1,0,0,0
-0.3437500000000083,-0.3043478260869748,0.3036649214659686,-0.20588235294117688,-0.33636363636363636,0,0,1,0
-0.9375000000000033,-0.7391304347826249,0.44502617801047123,-0.4926470588235298,0.8818181818181818,0,0,1,0
-0.4375000000000122,-0.21739130434782503,-0.005235602094240838,0.48529411764705915,0.8272727272727273,0,1,0,0
0.6874999999999989,0.521739130434775,-0.93717277486911,0.5661764705882352,0.21818181818181817,0,1,0,0
-0.6875000000000167,-0.5217391304347998,-0.45549738219895286,-0.036764705882352956,-0.5636363636363636,1,0,0,0
-0.5000000000000089,-0.21739130434782503,-0.05759162303664921,0.11764705882352956,-0.06363636363636363,0,0,1,0
-0.81250000000001,-0.3043478260869748,-0.9685863874345549,1.330882352941177,0.35454545454545455,0,1,0,0
-0.218750000000015,-0.08695652173914978,0.33507853403141363,0.036764705882352956,-0.18181818181818182,0,0,1,0
-0.406250000000005,-0.652173913043475,0.9267015706806283,-0.7867647058823535,-0.10909090909090909,0,1,0,0
-0.9375000000000033,-0.6956521739130499,1.094240837696335,-0.5882352941176473,-0.5363636363636364,0,1,0,0
-0.9062500000000139,-0.6086956521739249,0.031413612565445025,-0.058823529411765045,-0.37272727272727274,0,1,0,0
-0.7500000000000133,-0.6956521739130499,0.2931937172774869,-0.3602941176470589,0.18181818181818182,0,0,1,0
-0.9687500000000105,-0.9565217391304498,0.6910994764397905,-0.6250000000000002,0.36363636363636365,0,1,0,0
-0.28125000000001166,-0.6086956521739249,0.7696335078534031,-0.7058823529411768,-0.12727272727272726,0,1,0,0
1.0624999999999967,0.9999999999999752,-1.1465968586387434,2.24264705882353,-0.11818181818181818,0,1,0,1
0.9375000000000033,0.9999999999999752,-0.6544502617801047,0.7352941176470591,-0.02727272727272727,0,0,1,0
-0.7500000000000133,-0.6086956521739249,1.706806282722513,-1.11764705882353,-0.8181818181818182,0,1,0,0
0.8124999999999922,0.6086956521739002,-0.04712041884816754,0.09558823529411747,0.38181818181818183,0,1,0,0
0.031249999999989453,-0.17391304347827483,0.9162303664921466,-0.7058823529411768,0.3181818181818182,0,1,0,0
0.46875000000000167,0.21739130434782503,3.141361256544503,-1.5000000000000009,-0.8636363636363636,0,1,0,0
-0.5312500000000161,-0.34782608695652495,0.20418848167539266,-0.345588235294118,0.9181818181818182,0,1,0,0
-0.5937500000000128,-0.34782608695652495,-0.774869109947644,0.2720588235294116,0.3181818181818182,0,1,0,0
-0.406250000000005,-0.39130434782609985,-1.031413612565445,1.058823529411765,-0.5181818181818182,1,0,0,0
0.7499999999999956,0.13043478260867525,-0.27225130890052357,0.9926470588235299,0.7909090909090909,0,0,1,0
0.18749999999999,0.3043478260869501,-0.14659685863874344,0.13970588235294112,0.36363636363636365,0,1,0,0
0.34374999999999056,0.39130434782607515,1.350785340314136,-0.808823529411765,0.8,0,1,0,0
0.12499999999999334,0.7826086956521503,1.293193717277487,-0.8676470588235299,0.9090909090909091,0,1,0,0
0.12499999999999334,0.652173913043475,1.2617801047120418,-0.9779411764705886,-0.11818181818181818,0,1,0,0
-0.28125000000001166,-0.7391304347826249,0.4031413612565445,-0.5514705882352944,0.3181818181818182,0,1,0,0
-0.8437500000000172,-0.6956521739130499,1.4607329842931938,-1.0441176470588243,-0.4818181818181818,0,1,0,0
1.1249999999999933,1.1304347826086751,0.1518324607329843,0.19117647058823548,0.7909090909090909,0,0,1,0
0.46875000000000167,0.21739130434782503,0.9842931937172775,-0.7352941176470591,-0.6090909090909091,0,0,1,0
1.0624999999999967,0.9999999999999752,0.0,-0.2647058823529414,0.7636363636363637,0,1,0,0
-0.6250000000000022,-0.56521739130435,-0.36649214659685864,0.595588235294118,-0.4090909090909091,0,0,1,0
0.031249999999989453,0.6086956521739002,-0.041884816753926704,-0.11764705882352956,-0.34545454545454546,0,1,0,0
-0.09375000000000389,-0.04347826086957489,-0.225130890052356,-0.22058823529411775,0.5636363636363636,0,0,1,0
-0.37500000000001554,-0.34782608695652495,0.4083769633507853,-0.6911764705882357,-0.38181818181818183,0,0,1,0
0.7812500000000028,0.04347826086955017,-0.9319371727748691,1.6397058823529416,-0.13636363636363635,0,1,0,1
-1.0000000000000178,-0.913043478260875,-0.49214659685863876,0.7794117647058828,-0.5818181818181818,0,0,1,0
-0.46875000000000167,0.0,0.4869109947643979,-0.5220588235294121,-0.8363636363636363,0,0,1,0
-0.6562500000000094,-1.086956521739125,-0.43455497382198954,0.4191176470588234,0.39090909090909093,1,0,0,0
-0.8750000000000067,-0.652173913043475,-0.3769633507853403,0.9485294117647062,0.4818181818181818,0,0,1,0
-0.1250000000000111,-0.39130434782609985,-0.13089005235602094,-0.095588235294118,0.8363636363636363,0,1,0,0
-0.1250000000000111,-0.39130434782609985,0.2670157068062827,0.11029411764705888,-0.4090909090909091,1,0,0,0
-0.06250000000001443,-0.43478260869565005,0.05235602094240838,0.2720588235294116,0.7363636363636363,0,0,1,0
-0.3437500000000083,-0.04347826086957489,-0.07853403141361257,0.45588235294117635,0.8272727272727273,0,0,1,0
-0.4375000000000122,-0.6956521739130499,0.21465968586387435,-0.3602941176470589,0.4727272727272727,0,1,0,0
-0.6562500000000094,-0.8260869565217499,-0.7643979057591623,0.595588235294118,-0.9090909090909091,0,1,0,0
-1.1562500000000184,-1.1304347826087,0.4869109947643979,-0.36764705882352955,-0.2909090909090909,1,0,0,0
-0.1250000000000111,-0.21739130434782503,-0.9528795811518325,0.9779411764705884,0.5363636363636364,0,1,0,0
1.0312499999999893,0.652173913043475,-0.4083769633507853,0.3897058823529411,0.7,0,0,1,0
0.18749999999999,-0.2608695652173999,-0.2198952879581152,0.7205882352941178,-0.9727272727272728,0,1,0,0
-0.25000000000000444,-0.6956521739130499,-0.612565445026178,0.15441176470588253,-0.7,0,0,1,0
0.43749999999999445,0.17391304347825012,-0.2617801047120419,0.3014705882352943,0.2,0,1,0,0
-0.37500000000001554,-0.21739130434782503,0.225130890052356,-0.3529411764705887,0.7545454545454545,1,0,0,0
-0.37500000000001554,-0.6086956521739249,0.225130890052356,0.2426470588235293,0.06363636363636363,0,1,0,0
1.3437499999999905,1.5217391304347752,0.4293193717277487,-0.0882352941176473,-0.8909090909090909,0,1,0,0
-1.218750000000015,-1.2608695652173998,-0.6335078534031413,0.8750000000000002,0.8545454545454545,0,1,0,0
0.09374999999998612,0.5652173913043252,-0.774869109947644,1.1838235294117654,0.13636363636363635,0,0,1,0
-0.8437500000000172,-0.56521739130435,0.18324607329842932,0.08088235294117661,0.17272727272727273,0,1,0,0
0.24999999999998668,0.13043478260867525,0.17277486910994763,-0.4338235294117648,-0.5636363636363636,0,1,0,0
0.15625000000000056,-0.3043478260869748,-0.1518324607329843,0.04411764705882365,-0.18181818181818182,0,1,0,0
-0.3437500000000083,0.04347826086955017,0.9790575916230366,-0.6911764705882357,1.2454545454545454,0,1,0,0
-1.125000000000011,-1.086956521739125,0.04712041884816754,0.2573529411764707,-0.13636363636363635,0,1,0,0
0.12499999999999334,0.13043478260867525,1.350785340314136,-1.0000000000000004,-0.8636363636363636,0,1,0,0
-0.5937500000000128,-0.4782608695652249,-0.7486910994764397,1.2279411764705885,0.0,1,0,0,0
-0.46875000000000167,-0.8260869565217499,-0.07853403141361257,0.286764705882353,-0.5818181818181818,0,0,1,0
-1.125000000000011,-1.086956521739125,-0.3769633507853403,0.3750000000000003,-0.15454545454545454,0,1,0,0
0.6874999999999989,0.6956521739130253,0.07329842931937172,-0.18382352941176477,0.15454545454545454,0,0,1,0
-0.18750000000000777,-0.4782608695652249,-0.5445026178010471,0.7058823529411768,0.9090909090909091,0,0,1,0
-0.1250000000000111,-0.39130434782609985,1.455497382198953,-0.7720588235294121,0.8545454545454545,0,1,0,0
0.8124999999999922,0.17391304347825012,-0.7958115183246073,0.12499999999999974,-0.8818181818181818,0,1,0,1
-0.6562500000000094,-0.08695652173914978,-0.5235602094240838,0.558823529411765,-0.5818181818181818,0,1,0,0
1.093750000000004,0.9999999999999752,-0.6020942408376964,0.13235294117647042,1.0363636363636364,0,1,0,0
0.2812499999999939,0.2608695652173752,1.1727748691099475,-0.4117647058823532,0.18181818181818182,0,1,0,0
-1.2500000000000044,-1.4782608695652248,-0.49214659685863876,0.19852941176470565,0.24545454545454545,0,1,0,0
0.8124999999999922,0.43478260869565005,-0.3298429319371728,-0.04411764705882365,0.35454545454545455,0,1,0,0
0.06249999999999667,0.6086956521739002,-0.20418848167539266,0.06617647058823521,-0.7090909090909091,1,0,0,0
0.4999999999999911,0.4782608695652002,0.07329842931937172,0.1691176470588234,0.05454545454545454,0,1,0,0
-0.4375000000000122,-0.17391304347827483,-0.21465968586387435,0.4926470588235293,-0.9363636363636364,0,1,0,0
