Air temperature [K],Process temperature [K],Rotational speed [rpm],Torque [Nm],Tool wear [min],Type_H,Type_L,Type_M,Machine failure
0.12499999999999334,-0.13043478260869995,-0.8272251308900523,1.6617647058823537,0.41818181818181815,0,1,0,0
1.1249999999999933,0.9999999999999752,0.05235602094240838,0.0,0.2545454545454545,0,1,0,0
0.7499999999999956,0.5652173913043252,0.2931937172774869,-0.18382352941176477,0.9272727272727272,0,1,0,0
-1.406250000000005,-1.652173913043475,0.031413612565445025,-0.3161764705882357,-0.42727272727272725,1,0,0,0
0.12499999999999334,-0.04347826086957489,-0.7591623036649214,1.4926470588235299,-0.045454545454545456,1,0,0,0
0.3749999999999978,0.0,-0.2513089005235602,0.29411764705882365,0.7363636363636363,1,0,0,0
0.7187499999999883,-0.04347826086957489,-0.4031413612565445,0.4779411764705884,-0.045454545454545456,0,1,0,0
-0.25000000000000444,-0.34782608695652495,-0.16753926701570682,0.4338235294117648,-0.5909090909090909,0,0,1,0
0.18749999999999,0.9565217391304252,0.45549738219895286,-0.2794117647058828,-0.12727272727272726,0,1,0,0
-0.37500000000001554,-0.8260869565217499,4.612565445026178,-1.8455882352941184,-0.8,0,1,0,0
-0.3437500000000083,-0.652173913043475,0.4397905759162304,-0.11029411764705888,0.15454545454545454,0,1,0,0
0.12499999999999334,0.652173913043475,-0.7225130890052356,0.9485294117647062,-0.2,0,1,0,0
0.24999999999998668,0.3043478260869501,0.08376963350785341,-0.38235294117647095,-0.3090909090909091,0,0,1,0
-0.6250000000000022,-0.7391304347826249,-0.3507853403141361,0.48529411764705915,-0.03636363636363636,0,1,0,0
-1.4375000000000122,-1.82608695652175,0.4712041884816754,-0.21323529411764705,0.8181818181818182,1,0,0,0
1.2187499999999971,1.2608695652173751,0.19895287958115182,0.4264705882352941,-0.39090909090909093,0,1,0,0
1.2187499999999971,1.3913043478260751,0.08376963350785341,-0.25,0.09090909090909091,0,1,0,0
1.1249999999999933,0.8695652173913001,-0.7329842931937173,0.8602941176470589,-0.15454545454545454,0,1,0,1
-0.9062500000000139,-0.7391304347826249,0.9109947643979057,-1.0073529411764712,0.35454545454545455,0,1,0,0
-0.4375000000000122,-0.7391304347826249,-0.32460732984293195,0.22794117647058842,0.22727272727272727,0,0,1,0
-0.1250000000000111,0.08695652173912506,-0.041884816753926704,0.22058823529411775,-0.05454545454545454,0,1,0,0
-0.37500000000001554,0.04347826086955017,6.460732984293194,-2.3014705882352953,0.3181818181818182,0,1,0,1
-0.5000000000000089,-0.9565217391304498,-1.2722513089005236,1.0367647058823535,0.3090909090909091,1,0,0,0
0.6874999999999989,0.2608695652173752,0.21465968586387435,-0.029411764705882262,0.3090909090909091,0,0,1,0
-0.37500000000001554,0.0,3.1727748691099475,-1.6250000000000009,-0.41818181818181815,0,1,0,0
0.21874999999999722,0.34782608695650025,0.09947643979057591,0.11764705882352956,0.07272727272727272,0,0,1,0
-1.3437500000000084,-1.6086956521739249,-0.7696335078534031,0.5808823529411766,-0.07272727272727272,0,1,0,0
-0.06250000000001443,0.521739130434775,0.005235602094240838,0.04411764705882365,-0.7909090909090909,0,1,0,0
-0.25000000000000444,-0.39130434782609985,1.4240837696335078,-1.1691176470588243,0.16363636363636364,0,1,0,0
1.1562500000000007,1.1304347826086751,0.020942408376963352,-0.11764705882352956,0.6636363636363637,0,0,1,0
-0.5312500000000161,-0.9565217391304498,1.031413612565445,-0.8750000000000006,0.11818181818181818,1,0,0,0
-0.25000000000000444,-0.652173913043475,-0.42408376963350786,0.6470588235294118,-0.21818181818181817,0,1,0,0
-1.0625000000000144,-1.043478260869575,0.1099476439790576,-0.24264705882352983,-0.22727272727272727,0,1,0,0
0.40624999999998723,0.13043478260867525,-0.16753926701570682,-0.19117647058823548,0.7818181818181819,0,1,0,0
-0.9062500000000139,-0.56521739130435,-0.09424083769633508,0.573529411764706,0.32727272727272727,0,0,1,0
-0.09375000000000389,-0.39130434782609985,0.9162303664921466,-0.757352941176471,0.8636363636363636,0,0,1,0
1.0,0.5652173913043252,0.774869109947644,-0.6985294117647062,-0.5181818181818182,1,0,0,0
0.0,0.17391304347825012,0.6492146596858639,-0.8014705882352946,-0.10909090909090909,0,1,0,0
0.3125000000000011,0.6956521739130253,-0.4973821989528796,0.45588235294117635,0.2545454545454545,0,1,0,0
0.8124999999999922,0.8260869565217251,0.18324607329842932,-0.25,-0.3,0,0,1,0
0.7812500000000028,0.13043478260867525,-0.7539267015706806,1.2573529411764712,-0.36363636363636365,0,1,0,1
-0.406250000000005,-0.08695652173914978,-0.900523560209424,1.580882352941177,-0.5545454545454546,0,0,1,0
-0.25000000000000444,-0.5217391304347998,1.8586387434554974,-1.1323529411764712,-0.05454545454545454,0,0,1,0
-0.81250000000001,-0.8695652173913001,-0.8848167539267016,2.3455882352941186,0.4,0,0,1,1
-0.6250000000000022,-0.6086956521739249,0.9842931937172775,-0.720588235294118,-0.5272727272727272,0,1,0,0
0.8124999999999922,0.9565217391304252,1.8586387434554974,-1.080882352941177,-0.9545454545454546,0,1,0,0
-0.5937500000000128,-0.7391304347826249,-0.6020942408376964,1.0073529411764708,0.2727272727272727,0,1,0,0
-0.8437500000000172,-0.34782608695652495,0.3193717277486911,-0.3014705882352943,0.17272727272727273,0,0,1,0
0.12499999999999334,0.17391304347825012,0.17277486910994763,-0.286764705882353,-0.8636363636363636,0,1,0,0
-0.6875000000000167,-1.1739130434782747,-0.5235602094240838,0.9338235294117648,-0.9727272727272728,0,0,1,0
-0.5937500000000128,-0.4782608695652249,-0.32460732984293195,0.3014705882352943,0.36363636363636365,0,0,1,0
-0.8750000000000067,-0.6956521739130499,-0.8010471204188482,1.2867647058823535,0.7181818181818181,0,1,0,0
-0.5625000000000056,-1.0,-0.581151832460733,0.7573529411764707,-0.05454545454545454,0,0,1,0
1.18749999999999,1.30434782608695,0.43455497382198954,-0.6029411764705886,0.00909090909090909,0,1,0,0
0.2812499999999939,0.9130434782608502,0.6596858638743456,-0.5514705882352944,-0.34545454545454546,0,0,1,0
-0.8437500000000172,-0.56521739130435,-0.18848167539267016,-0.08088235294117661,0.19090909090909092,0,1,0,0
-0.031250000000007216,-0.2608695652173999,1.455497382198953,-1.11764705882353,-0.33636363636363636,1,0,0,0
-0.7812500000000028,-0.652173913043475,0.13089005235602094,-0.007352941176470696,0.14545454545454545,0,1,0,0
0.6562499999999917,0.6086956521739002,1.2094240837696335,-1.1102941176470593,0.08181818181818182,0,0,1,0
0.4999999999999911,0.2608695652173752,1.361256544502618,-1.0441176470588243,-0.9454545454545454,0,1,0,0
-0.4375000000000122,-0.13043478260869995,-0.5706806282722513,0.01470588235294087,-0.8727272727272727,0,1,0,0
0.8749999999999889,1.04347826086955,0.9214659685863874,-0.6764705882352946,-0.2545454545454545,0,0,1,0
-0.406250000000005,-0.652173913043475,0.1099476439790576,-0.17647058823529407,0.5727272727272728,1,0,0,0
-0.5625000000000056,-0.652173913043475,0.2356020942408377,0.01470588235294087,0.3,0,1,0,0
-0.3125000000000011,0.04347826086955017,-0.9738219895287958,1.0808823529411766,1.1272727272727272,0,1,0,1
0.8749999999999889,0.4782608695652002,-0.9057591623036649,1.0000000000000004,0.8454545454545455,0,0,1,1
-1.3125000000000189,-1.5217391304347752,0.9162303664921466,-0.9852941176470594,-0.4909090909090909,0,1,0,0
0.3749999999999978,0.3043478260869501,1.130890052356021,-0.7794117647058828,-0.4090909090909091,0,1,0,0
0.18749999999999,0.21739130434782503,-0.1518324607329843,-0.22794117647058842,-0.6727272727272727,0,0,1,0
-0.9062500000000139,-0.6956521739130499,0.5287958115183246,0.04411764705882365,0.4636363636363636,0,0,1,0
-0.46875000000000167,-0.17391304347827483,-0.387434554973822,0.4191176470588234,0.05454545454545454,0,1,0,0
0.4999999999999911,0.4782608695652002,0.7120418848167539,-0.7426470588235299,0.4909090909090909,1,0,0,0
-0.7500000000000133,-1.2608695652173998,0.8638743455497382,-0.5441176470588237,-0.6909090909090909,0,1,0,0
-1.1875000000000078,-1.217391304347825,-0.5497382198952879,0.9264705882352946,-0.6909090909090909,0,1,0,0
0.6874999999999989,0.652173913043475,0.8638743455497382,-0.5073529411764707,-0.5,0,0,1,0
-0.7812500000000028,-0.7391304347826249,0.5654450261780105,-0.6691176470588239,-0.5363636363636364,0,0,1,0
1.2500000000000044,1.3913043478260751,0.9738219895287958,-0.558823529411765,0.24545454545454545,1,0,0,0
0.21874999999999722,0.21739130434782503,0.837696335078534,-0.6985294117647062,0.2909090909090909,0,1,0,0
0.06249999999999667,0.7826086956521503,-0.5916230366492147,0.6544117647058825,0.7909090909090909,1,0,0,0
0.9375000000000033,0.5652173913043252,1.7172774869109948,-1.2352941176470593,0.4909090909090909,0,0,1,0
-0.7812500000000028,-0.2608695652173999,2.607329842931937,-1.441176470588236,1.0272727272727273,0,1,0,0
0.34374999999999056,0.21739130434782503,-0.6178010471204188,0.6691176470588239,-0.01818181818181818,0,1,0,0
-0.25000000000000444,-0.5217391304347998,0.6282722513089005,-0.6617647058823533,0.4090909090909091,0,1,0,0
-0.5000000000000089,-0.2608695652173999,-0.12041884816753927,-0.14705882352941183,0.4818181818181818,0,1,0,0
-0.5000000000000089,-0.652173913043475,-0.6230366492146597,1.0514705882352944,-0.5727272727272728,0,0,1,0
-0.406250000000005,-0.56521739130435,-0.3036649214659686,0.7205882352941178,-0.9363636363636364,1,0,0,0
-0.8437500000000172,-0.3043478260869748,0.18848167539267016,0.15441176470588253,0.24545454545454545,0,0,1,0
0.5624999999999878,0.3043478260869501,0.28272251308900526,-0.3529411764705887,-0.38181818181818183,0,0,1,0
0.3749999999999978,0.43478260869565005,-1.0471204188481675,0.6691176470588239,0.9545454545454546,0,1,0,0
0.3125000000000011,0.3043478260869501,-0.17277486910994763,0.676470588235294,0.08181818181818182,0,1,0,0
0.09374999999998612,-0.2608695652173999,2.0157068062827226,-1.3382352941176479,1.0363636363636364,0,0,1,0
0.3125000000000011,0.9565217391304252,0.93717277486911,-0.7647058823529417,-0.21818181818181817,0,1,0,0
0.7812500000000028,0.652173913043475,-0.2617801047120419,-0.22794117647058842,0.2545454545454545,0,1,0,0
-0.5312500000000161,-0.6956521739130499,1.6963350785340314,-1.1617647058823535,0.41818181818181815,1,0,0,0
-0.9375000000000033,-0.6956521739130499,-0.4083769633507853,-0.007352941176470696,-0.6545454545454545,0,1,0,0
0.593749999999995,0.21739130434782503,0.31413612565445026,0.06617647058823521,0.7,0,0,1,0
0.6562499999999917,0.3043478260869501,-0.8534031413612565,0.5661764705882352,-0.4818181818181818,0,1,0,0
0.21874999999999722,0.9999999999999752,-0.19895287958115182,1.3970588235294124,-0.14545454545454545,0,1,0,1
-1.3437500000000084,-1.6086956521739249,-0.8586387434554974,0.9632352941176475,-0.36363636363636365,0,1,0,0
0.4999999999999911,0.39130434782607515,0.010471204188481676,0.286764705882353,0.7272727272727273,0,0,1,0
0.18749999999999,0.34782608695650025,-0.08900523560209424,-0.0882352941176473,-0.00909090909090909,0,0,1,0
0.5624999999999878,-0.21739130434782503,-0.29842931937172773,0.22794117647058842,1.0727272727272728,0,1,0,0
0.7187499999999883,0.652173913043475,0.21465968586387435,-0.07352941176470591,-0.33636363636363636,1,0,0,0
-0.5312500000000161,-0.34782608695652495,-0.774869109947644,0.7720588235294121,-0.9,0,0,1,0
0.12499999999999334,0.6086956521739002,-0.06806282722513089,-0.12500000000000025,-0.36363636363636365,0,1,0,0
0.6562499999999917,0.521739130434775,0.03664921465968586,-0.2573529411764707,-0.14545454545454545,0,0,1,0
0.8749999999999889,1.04347826086955,2.2041884816753927,-1.1838235294117654,-0.8181818181818182,0,0,1,0
0.09374999999998612,-0.21739130434782503,-0.7696335078534031,0.4264705882352941,-0.39090909090909093,0,1,0,0
0.0,-0.2608695652173999,0.28272251308900526,0.036764705882352956,-0.43636363636363634,0,1,0,0
-0.3125000000000011,-0.8260869565217499,-0.35602094240837695,0.3750000000000003,-0.5636363636363636,0,0,1,0
-0.4375000000000122,-0.17391304347827483,0.6230366492146597,-0.4044117647058825,-0.9,0,0,1,0
-0.5312500000000161,-0.913043478260875,0.06282722513089005,0.19852941176470565,0.16363636363636364,0,1,0,0
-0.06250000000001443,-0.39130434782609985,0.18848167539267016,0.22794117647058842,0.22727272727272727,0,0,1,0
0.40624999999998723,0.2608695652173752,-0.08376963350785341,0.3308823529411766,-0.17272727272727273,0,1,0,0
0.24999999999998668,0.8260869565217251,-0.5549738219895288,0.19117647058823548,0.9545454545454546,1,0,0,0
-0.09375000000000389,-0.17391304347827483,2.130890052356021,-1.3455882352941182,0.3090909090909091,0,0,1,0
0.7187499999999883,0.4782608695652002,-0.193717277486911,0.27941176470588225,0.4090909090909091,0,1,0,0
0.9062499999999961,1.1304347826086751,0.2513089005235602,0.12499999999999974,0.03636363636363636,0,1,0,0
0.06249999999999667,-0.08695652173914978,-0.04712041884816754,-0.11764705882352956,-0.6727272727272727,0,0,1,0
-0.5625000000000056,-0.652173913043475,-0.3717277486910995,0.6911764705882355,-0.14545454545454545,1,0,0,0
-0.81250000000001,-0.3043478260869748,0.9162303664921466,-0.41911764705882393,0.37272727272727274,0,0,1,0
-0.7187500000000061,-0.5217391304347998,1.9267015706806283,-1.0661764705882357,0.8454545454545455,0,1,0,1
0.8437499999999994,0.3043478260869501,-0.5287958115183246,0.7647058823529413,-0.7,0,1,0,0
-0.81250000000001,-0.7391304347826249,-0.3298429319371728,-0.30882352941176505,-0.8545454545454545,0,1,0,0
-1.1562500000000184,-1.30434782608695,0.7068062827225131,-0.558823529411765,0.35454545454545455,1,0,0,0
-0.406250000000005,0.0,0.3717277486910995,-0.286764705882353,0.6727272727272727,0,1,0,0
0.18749999999999,0.9565217391304252,0.2356020942408377,-0.16176470588235323,-0.44545454545454544,0,1,0,0
0.6874999999999989,0.34782608695650025,-0.7486910994764397,0.286764705882353,-0.36363636363636365,0,0,1,1
0.3749999999999978,0.21739130434782503,0.2774869109947644,-0.08088235294117661,-0.3181818181818182,0,1,0,0
-0.5312500000000161,-0.34782608695652495,-0.03664921465968586,0.4044117647058825,0.2,0,0,1,0
-0.7500000000000133,-1.2608695652173998,-0.387434554973822,0.29411764705882365,-0.7363636363636363,1,0,0,0
-0.6562500000000094,-1.043478260869575,-0.6073298429319371,0.7867647058823529,0.8818181818181818,0,1,0,0
1.1562500000000007,1.086956521739125,1.5183246073298429,-0.882352941176471,0.5727272727272728,0,1,0,0
0.6562499999999917,0.6086956521739002,0.33507853403141363,-0.5147058823529413,0.5545454545454546,0,1,0,0
-0.4375000000000122,-0.17391304347827483,0.23036649214659685,-0.19852941176470618,-0.9727272727272728,0,1,0,0
-0.8437500000000172,-0.6956521739130499,-0.16230366492146597,0.13970588235294112,0.39090909090909093,0,0,1,0
-0.1250000000000111,0.13043478260867525,0.581151832460733,-0.286764705882353,0.00909090909090909,0,1,0,0
0.031249999999989453,0.13043478260867525,-0.010471204188481676,0.20588235294117635,0.9545454545454546,1,0,0,0
0.46875000000000167,0.21739130434782503,0.6178010471204188,-0.47058823529411775,0.2727272727272727,0,1,0,0
-0.37500000000001554,-0.04347826086957489,-0.24607329842931938,0.2720588235294116,-0.8363636363636363,0,0,1,0
0.09374999999998612,-0.04347826086957489,0.4083769633507853,-0.720588235294118,-0.5909090909090909,0,1,0,0
-0.1250000000000111,0.2608695652173752,-0.02617801047120419,-0.1691176470588239,0.35454545454545455,0,0,1,0
-0.1250000000000111,-0.39130434782609985,0.5916230366492147,-0.6250000000000002,0.6181818181818182,0,1,0,0
-0.5937500000000128,-0.913043478260875,0.16753926701570682,-0.15441176470588253,0.6545454545454545,0,1,0,0
-0.1250000000000111,-0.34782608695652495,-0.5445026178010471,0.13235294117647042,1.0363636363636364,0,0,1,1
0.18749999999999,0.7391304347826001,-0.5026178010471204,0.1691176470588234,1.0636363636363637,0,0,1,0
0.4999999999999911,-0.08695652173914978,0.1099476439790576,0.4779411764705884,-0.02727272727272727,0,1,0,0
0.09374999999998612,0.521739130434775,2.738219895287958,-1.455882352941177,-0.7363636363636363,1,0,0,0
-0.25000000000000444,-0.56521739130435,0.6963350785340314,-0.7500000000000006,0.8545454545454545,0,1,0,0
-0.8750000000000067,-0.913043478260875,0.4973821989528796,-0.7867647058823535,0.37272727272727274,0,0,1,0
-0.46875000000000167,-0.17391304347827483,0.8848167539267016,-0.9264705882352946,-0.4818181818181818,1,0,0,0
-0.5312500000000161,-0.3043478260869748,-0.6178010471204188,0.22794117647058842,0.10909090909090909,0,1,0,0
-0.06250000000001443,-0.34782608695652495,-0.15706806282722513,0.022058823529411565,-0.43636363636363634,0,1,0,0
0.15625000000000056,-0.13043478260869995,1.0,-0.6617647058823533,0.7272727272727273,0,0,1,0
0.34374999999999056,0.3043478260869501,-1.4136125654450262,1.8014705882352944,-0.5636363636363636,0,1,0,0
0.0,-0.34782608695652495,-0.17801047120418848,0.27941176470588225,-0.7909090909090909,0,0,1,0
-0.28125000000001166,-0.43478260869565005,0.39267015706806285,-0.14705882352941183,0.01818181818181818,0,1,0,0
-0.15625000000000056,-0.4782608695652249,0.18848167539267016,-0.29411764705882365,-0.2818181818181818,0,0,1,0
0.06249999999999667,-0.08695652173914978,-0.2931937172774869,0.47058823529411775,-0.7181818181818181,0,0,1,0
-0.28125000000001166,-0.652173913043475,-1.2356020942408377,2.0661764705882364,-0.2818181818181818,0,1,0,1
0.7187499999999883,0.5652173913043252,-0.14659685863874344,0.022058823529411565,0.17272727272727273,0,1,0,0
0.3125000000000011,0.9565217391304252,0.4397905759162304,-0.4117647058823532,0.07272727272727272,0,1,0,0
-0.8437500000000172,-0.6086956521739249,1.544502617801047,-1.2573529411764712,0.2545454545454545,0,0,1,0
-0.5937500000000128,-1.0,0.06282722513089005,0.48529411764705915,-0.3,0,1,0,0
0.7187499999999883,0.5652173913043252,1.7172774869109948,-0.9705882352941183,0.12727272727272726,0,1,0,0
-0.4375000000000122,-0.7391304347826249,-0.680628272251309,0.5,-0.42727272727272725,0,1,0,0
-0.7812500000000028,-0.2608695652173999,1.0785340314136125,-0.5808823529411766,-0.38181818181818183,0,0,1,0
-0.7812500000000028,-0.21739130434782503,-0.39267015706806285,0.4779411764705884,-0.8545454545454545,1,0,0,0
-0.46875000000000167,-0.43478260869565005,-0.418848167539267,0.3088235294117645,-0.7090909090909091,1,0,0,0
1.1249999999999933,1.04347826086955,-0.11518324607329843,-0.5000000000000006,0.6818181818181818,0,1,0,0
-0.4375000000000122,-0.08695652173914978,0.4712041884816754,0.17647058823529407,0.35454545454545455,0,1,0,0
0.09374999999998612,0.3043478260869501,-0.5916230366492147,0.9117647058823533,0.33636363636363636,0,1,0,0
-0.7500000000000133,-0.7391304347826249,-0.08376963350785341,0.09558823529411747,-0.20909090909090908,0,1,0,0
0.18749999999999,0.6956521739130253,-0.47643979057591623,0.6617647058823533,1.018181818181818,0,0,1,0
0.3125000000000011,0.2608695652173752,0.6178010471204188,-0.6691176470588239,0.00909090909090909,0,0,1,0
-0.406250000000005,-0.8260869565217499,-0.2774869109947644,0.3382352941176473,-0.8454545454545455,1,0,0,0
-0.81250000000001,-0.782608695652175,-0.35602094240837695,0.01470588235294087,0.8181818181818182,0,1,0,0
-0.3437500000000083,0.13043478260867525,0.9109947643979057,-0.683823529411765,-0.3090909090909091,1,0,0,0
-0.15625000000000056,-0.43478260869565005,-0.7015706806282722,0.8308823529411766,0.5181818181818182,0,1,0,0
0.18749999999999,0.04347826086955017,0.34554973821989526,-0.5367647058823535,-0.6909090909090909,0,1,0,0
0.21874999999999722,0.5652173913043252,1.8272251308900525,-1.316176470588236,-0.4909090909090909,0,0,1,0
-0.18750000000000777,-0.34782608695652495,0.900523560209424,-0.8014705882352946,0.22727272727272727,0,0,1,0
0.06249999999999667,0.43478260869565005,-0.6020942408376964,0.6838235294117648,0.19090909090909092,0,1,0,0
0.21874999999999722,0.5652173913043252,-0.05759162303664921,0.036764705882352956,-0.7909090909090909,0,1,0,0
-0.8750000000000067,-0.9565217391304498,0.6544502617801047,-0.7279411764705886,-0.24545454545454545,0,1,0,0
0.6874999999999989,0.39130434782607515,-0.39267015706806285,0.573529411764706,0.6090909090909091,0,1,0,0
-0.1250000000000111,-0.39130434782609985,0.5497382198952879,-0.41911764705882393,-0.35454545454545455,0,0,1,0
1.0624999999999967,0.652173913043475,-0.39267015706806285,0.4485294117647062,0.2909090909090909,0,1,0,0
-0.37500000000001554,-0.652173913043475,-0.5392670157068062,0.6911764705882355,-0.2545454545454545,0,1,0,0
-0.8750000000000067,-0.913043478260875,-0.6230366492146597,0.6617647058823533,0.9,1,0,0,0
-0.5312500000000161,-0.2608695652173999,0.08900523560209424,-0.14705882352941183,-0.00909090909090909,0,1,0,0
0.8124999999999922,0.9999999999999752,-0.42408376963350786,0.3235294117647059,-0.5272727272727272,0,0,1,0
-0.406250000000005,0.17391304347825012,-0.6230366492146597,0.9338235294117648,0.8454545454545455,0,1,0,0
-0.7500000000000133,-0.34782608695652495,0.2931937172774869,-0.23529411764705913,0.34545454545454546,0,1,0,0
-1.093750000000004,-1.1304347826087,0.3298429319371728,-0.3750000000000003,0.8545454545454545,0,0,1,0
0.0,0.17391304347825012,-0.015706806282722512,-0.02205882352941209,0.0,0,1,0,0
-0.031250000000007216,-0.21739130434782503,0.4397905759162304,-0.5514705882352944,0.4090909090909091,0,0,1,0
0.24999999999998668,-0.04347826086957489,0.5078534031413613,-0.3014705882352943,0.8818181818181818,0,0,1,0
-0.28125000000001166,0.08695652173912506,0.2513089005235602,0.3455882352941175,-0.8090909090909091,0,0,1,0
0.593749999999995,0.21739130434782503,0.6282722513089005,-0.4264705882352946,-0.8909090909090909,0,0,1,0
0.7499999999999956,0.7826086956521503,-0.8534031413612565,1.4191176470588238,-0.42727272727272725,0,0,1,0
1.2812499999999938,1.4347826086956252,-0.9109947643979057,1.058823529411765,-0.2909090909090909,0,0,1,0
-0.8437500000000172,-0.6086956521739249,1.1675392670157068,-0.9779411764705886,0.4636363636363636,1,0,0,0
0.24999999999998668,0.3043478260869501,1.0732984293193717,-0.808823529411765,-0.8454545454545455,0,1,0,0
-0.81250000000001,-0.4782608695652249,-0.9581151832460733,1.0735294117647065,0.6545454545454545,0,1,0,0
-0.37500000000001554,0.04347826086955017,0.3089005235602094,0.17647058823529407,0.6545454545454545,0,1,0,0
-0.8750000000000067,-0.6956521739130499,0.8429319371727748,-0.8235294117647064,0.6090909090909091,0,0,1,0
1.312500000000001,1.3913043478260751,0.193717277486911,-0.08088235294117661,-0.8454545454545455,0,0,1,0
0.34374999999999056,0.13043478260867525,1.0157068062827226,-0.7426470588235299,0.11818181818181818,0,0,1,0
0.21874999999999722,0.04347826086955017,0.4973821989528796,-0.2647058823529414,0.8,0,0,1,0
0.3125000000000011,0.43478260869565005,0.46596858638743455,-0.3235294117647059,0.6090909090909091,0,0,1,0
0.43749999999999445,0.34782608695650025,0.1099476439790576,0.022058823529411565,0.15454545454545454,1,0,0,0
-0.5312500000000161,-0.652173913043475,0.1256544502617801,0.058823529411764525,-0.1,0,0,1,0
-1.0625000000000144,-1.043478260869575,-0.005235602094240838,0.27941176470588225,-0.20909090909090908,0,1,0,0
-0.3437500000000083,-0.04347826086957489,-0.7486910994764397,0.5882352941176473,-0.6363636363636364,0,1,0,0
0.7812500000000028,0.7391304347826001,0.7068062827225131,-0.36764705882352955,-0.8181818181818182,0,1,0,0
0.7812500000000028,0.9130434782608502,-0.6596858638743456,0.39705882352941185,-0.4818181818181818,0,1,0,0
0.6874999999999989,0.6956521739130253,0.7172774869109948,-0.632352941176471,0.8363636363636363,0,0,1,0
0.6874999999999989,0.3043478260869501,-0.4293193717277487,0.09558823529411747,-0.045454545454545456,0,1,0,0
0.593749999999995,0.2608695652173752,0.806282722513089,-0.6029411764705886,-0.6363636363636364,0,1,0,0
0.18749999999999,0.43478260869565005,0.9685863874345549,-0.6911764705882357,0.4909090909090909,0,1,0,0
-0.3437500000000083,0.13043478260867525,-0.5706806282722513,0.3750000000000003,0.13636363636363635,0,0,1,0
-1.406250000000005,-1.7391304347826002,-0.6858638743455497,1.1397058823529416,0.9818181818181818,0,1,0,1
0.6562499999999917,0.34782608695650025,1.4031413612565444,-0.9191176470588239,-0.4818181818181818,0,0,1,0
0.06249999999999667,-0.2608695652173999,0.2513089005235602,-0.16176470588235323,-0.5909090909090909,0,1,0,0
-0.3437500000000083,0.08695652173912506,0.387434554973822,-0.007352941176470696,0.6727272727272727,0,1,0,0
-0.81250000000001,-0.8695652173913001,2.115183246073298,-1.2205882352941182,0.16363636363636364,0,0,1,0
0.9375000000000033,1.086956521739125,0.2356020942408377,-0.2720588235294121,0.39090909090909093,0,1,0,0
0.8124999999999922,0.17391304347825012,0.7277486910994765,-0.683823529411765,0.8,0,1,0,0
-0.3437500000000083,0.0,0.4712041884816754,-0.345588235294118,-0.9272727272727272,0,0,1,0
-0.6875000000000167,-0.56521739130435,-0.612565445026178,0.6250000000000002,-0.2909090909090909,0,1,0,0
0.21874999999999722,0.04347826086955017,-0.05759162303664921,0.45588235294117635,0.7272727272727273,0,1,0,0
-0.25000000000000444,0.13043478260867525,0.2356020942408377,0.11029411764705888,-0.7454545454545455,1,0,0,0
0.7187499999999883,0.7391304347826001,-0.36649214659685864,0.15441176470588253,0.24545454545454545,0,1,0,0
-0.5312500000000161,-0.2608695652173999,-0.09947643979057591,0.11764705882352956,0.10909090909090909,0,0,1,0
1.0624999999999967,0.9565217391304252,2.319371727748691,-1.3970588235294124,0.045454545454545456,0,1,0,0
-0.28125000000001166,-0.8260869565217499,-0.193717277486911,0.08823529411764679,-0.9,0,1,0,0
-0.06250000000001443,-0.34782608695652495,-0.16753926701570682,0.12499999999999974,0.01818181818181818,0,1,0,0
-0.7812500000000028,-0.3043478260869748,0.6544502617801047,-0.4926470588235298,1.1090909090909091,0,1,0,0
0.12499999999999334,0.7826086956521503,-0.8010471204188482,0.8529411764705886,-0.8090909090909091,0,1,0,0
0.09374999999998612,-0.17391304347827483,-0.07853403141361257,-0.3235294117647059,0.6363636363636364,0,1,0,0
0.12499999999999334,0.17391304347825012,-0.17801047120418848,0.20588235294117635,-0.8454545454545455,0,0,1,0
-0.3437500000000083,0.13043478260867525,0.04712041884816754,-0.095588235294118,0.01818181818181818,0,1,0,0
0.6250000000000022,0.5652173913043252,0.9581151832460733,-0.6764705882352946,-0.00909090909090909,0,1,0,0
-1.2500000000000044,-1.347826086956525,0.10471204188481675,0.13970588235294112,0.5181818181818182,0,0,1,0
0.12499999999999334,0.6956521739130253,1.612565445026178,-0.9779411764705886,-0.5454545454545454,0,1,0,0
-0.406250000000005,-0.13043478260869995,-1.12565445026178,1.6029411764705888,-0.2545454545454545,0,0,1,0
-0.8437500000000172,-0.6086956521739249,-0.581151832460733,0.463235294117647,0.6090909090909091,0,0,1,0
-0.37500000000001554,0.04347826086955017,-0.4816753926701571,0.47058823529411775,0.8636363636363636,0,1,0,0
-1.218750000000015,-1.217391304347825,1.0890052356020943,-0.7500000000000006,-0.5909090909090909,0,1,0,0
-0.6875000000000167,-0.08695652173914978,-0.4869109947643979,1.1250000000000002,0.7363636363636363,0,0,1,0
-0.3125000000000011,-0.6956521739130499,0.46596858638743455,-0.4338235294117648,0.41818181818181815,0,0,1,0
-0.4375000000000122,-0.13043478260869995,-0.9476439790575916,1.2426470588235299,0.3,0,1,0,0
-0.37500000000001554,0.08695652173912506,-0.09947643979057591,0.2720588235294116,0.15454545454545454,0,1,0,0
-0.6562500000000094,-1.1304347826087,0.7382198952879581,-0.5367647058823535,0.9818181818181818,0,1,0,0
-0.406250000000005,0.21739130434782503,0.7172774869109948,-0.4632352941176476,-0.8909090909090909,0,0,1,0
-0.9375000000000033,-0.8260869565217499,-0.7958115183246073,1.2132352941176476,0.17272727272727273,0,1,0,0
-0.5937500000000128,-1.0,1.287958115183246,-1.0294117647058827,-0.37272727272727274,0,1,0,0
0.5312499999999983,0.3043478260869501,-0.24607329842931938,0.4779411764705884,-0.6545454545454545,0,1,0,0
-1.4375000000000122,-1.782608695652175,0.6178010471204188,-0.7794117647058828,0.6272727272727273,0,1,0,0
-1.0000000000000178,-1.0,-0.193717277486911,0.4117647058823532,0.41818181818181815,0,1,0,0
0.7499999999999956,0.5652173913043252,1.3403141361256545,-1.1397058823529416,0.15454545454545454,0,1,0,0
0.40624999999998723,-0.04347826086957489,0.774869109947644,-0.757352941176471,-0.5727272727272728,0,0,1,0
-0.37500000000001554,0.04347826086955017,-0.02617801047120419,0.7426470588235299,0.4818181818181818,0,1,0,0
-0.3437500000000083,-0.652173913043475,0.7591623036649214,-0.683823529411765,-0.08181818181818182,0,1,0,0
-0.7812500000000028,-0.6956521739130499,0.3612565445026178,-0.30882352941176505,-0.32727272727272727,0,1,0,0
-0.46875000000000167,-0.34782608695652495,-0.28272251308900526,0.47058823529411775,-0.7363636363636363,0,1,0,0
-0.7187500000000061,-0.7391304347826249,0.04712041884816754,-0.014705882352941391,0.6727272727272727,0,1,0,0
1.1249999999999933,0.9999999999999752,0.225130890052356,-0.47058823529411775,0.38181818181818183,0,0,1,0
0.4999999999999911,-0.08695652173914978,-0.2670157068062827,0.10294117647058817,-0.19090909090909092,0,0,1,0
-0.5312500000000161,-0.43478260869565005,1.544502617801047,-0.7720588235294121,-0.23636363636363636,0,1,0,0
-0.37500000000001554,-0.21739130434782503,-1.1465968586387434,1.1176470588235297,0.5363636363636364,0,0,1,0
-0.5312500000000161,-0.6086956521739249,0.10471204188481675,-0.29411764705882365,0.17272727272727273,0,1,0,0
0.43749999999999445,0.17391304347825012,0.4712041884816754,-0.5294117647058828,0.43636363636363634,0,1,0,0
-0.9062500000000139,-0.8695652173913001,0.8324607329842932,-0.6470588235294121,-0.9727272727272728,0,1,0,0
-0.09375000000000389,0.34782608695650025,3.0418848167539267,-1.6544117647058831,0.6181818181818182,0,1,0,0
-0.46875000000000167,-0.43478260869565005,0.17801047120418848,-0.3235294117647059,0.8272727272727273,0,1,0,0
0.7812500000000028,0.8695652173913001,1.4607329842931938,-0.9779411764705886,0.8272727272727273,0,1,0,0
0.40624999999998723,0.43478260869565005,-0.041884816753926704,-0.2794117647058828,0.7818181818181819,0,1,0,0
-0.3125000000000011,-0.6086956521739249,2.643979057591623,-1.455882352941177,0.6454545454545455,0,0,1,0
-0.8437500000000172,-0.652173913043475,-0.23036649214659685,0.08823529411764679,0.8090909090909091,0,1,0,0
-0.7187500000000061,-0.39130434782609985,-0.6858638743455497,0.5294117647058822,-0.8363636363636363,0,1,0,0
-0.7500000000000133,-0.8260869565217499,-0.8848167539267016,0.9485294117647062,0.44545454545454544,0,1,0,0
0.18749999999999,-0.13043478260869995,0.4869109947643979,-0.632352941176471,0.14545454545454545,0,1,0,0
-0.218750000000015,-0.43478260869565005,-0.20418848167539266,0.029411764705882262,0.9818181818181818,0,1,0,0
-0.5312500000000161,-0.17391304347827483,0.14136125654450263,-0.11029411764705888,0.4909090909090909,0,1,0,0
-1.0625000000000144,-1.0,0.8848167539267016,-0.5661764705882357,0.05454545454545454,0,0,1,0
0.8749999999999889,0.9999999999999752,-0.6282722513089005,0.8308823529411766,0.4818181818181818,0,1,0,0
0.43749999999999445,0.2608695652173752,-0.8167539267015707,0.573529411764706,-0.7090909090909091,0,0,1,0
0.43749999999999445,0.0,-0.38219895287958117,0.47058823529411775,-0.6545454545454545,0,1,0,0
-1.0312500000000073,-0.913043478260875,0.8534031413612565,-0.757352941176471,-0.6,0,1,0,0
-0.46875000000000167,-0.3043478260869748,-0.7382198952879581,0.38235294117647045,-0.4636363636363636,1,0,0,0
-0.1250000000000111,-0.43478260869565005,1.0994764397905759,-0.48529411764705915,0.3090909090909091,0,1,0,0
-0.6875000000000167,-1.086956521739125,0.9633507853403142,-0.808823529411765,0.6272727272727273,0,1,0,0
0.031249999999989453,0.5652173913043252,-0.10471204188481675,0.3161764705882352,0.3090909090909091,0,1,0,0
0.12499999999999334,0.21739130434782503,-0.2879581151832461,0.45588235294117635,0.6,0,1,0,0
1.0,0.7391304347826001,1.5863874345549738,-0.9117647058823535,-0.5727272727272728,1,0,0,0
1.0,0.652173913043475,0.05759162303664921,-0.39705882352941185,0.20909090909090908,0,1,0,0
0.2812499999999939,0.13043478260867525,0.31413612565445026,-0.41911764705882393,0.15454545454545454,0,1,0,0
-0.3125000000000011,-0.8260869565217499,0.3403141361256545,-0.5000000000000006,0.14545454545454545,0,1,0,0
-0.8437500000000172,-0.652173913043475,-0.14136125654450263,0.1617647058823527,0.0,0,1,0,0
-0.8437500000000172,-0.56521739130435,-0.7539267015706806,0.632352941176471,1.0272727272727273,0,0,1,0
-0.5312500000000161,-0.8695652173913001,-0.041884816753926704,0.4338235294117648,0.8727272727272727,0,0,1,0
-1.093750000000004,-1.1304347826087,-0.09424083769633508,0.19117647058823548,0.8818181818181818,0,1,0,0
-1.1562500000000184,-1.1304347826087,0.24083769633507854,-0.29411764705882365,-0.44545454545454544,0,1,0,0
-0.6250000000000022,-1.0,0.34554973821989526,-0.6544117647058828,0.21818181818181817,0,0,1,0
-0.406250000000005,-0.6956521739130499,-0.7539267015706806,0.5514705882352944,-0.2,1,0,0,0
-0.6250000000000022,-0.56521739130435,-0.6544502617801047,0.9852941176470591,-0.38181818181818183,0,0,1,0
-0.4375000000000122,-0.08695652173914978,-0.2356020942408377,0.007352941176470696,0.2727272727272727,0,0,1,0
-0.4375000000000122,-0.21739130434782503,0.9581151832460733,-1.0220588235294124,0.7454545454545455,0,0,1,0
-0.5937500000000128,-0.5217391304347998,0.5340314136125655,-0.595588235294118,-0.2545454545454545,0,1,0,0
-0.3125000000000011,0.04347826086955017,-0.03664921465968586,0.3602941176470589,-0.02727272727272727,0,1,0,0
0.6874999999999989,0.521739130434775,0.93717277486911,-0.41911764705882393,0.18181818181818182,0,1,0,0
0.7499999999999956,0.39130434782607515,-0.2094240837696335,0.22058823529411775,0.6727272727272727,0,0,1,0
0.0,-0.21739130434782503,0.32460732984293195,-0.3897058823529417,-0.6818181818181818,0,1,0,0
1.1562500000000007,1.3913043478260751,-0.5078534031413613,0.882352941176471,0.5363636363636364,0,1,0,0
-1.406250000000005,-1.69565217391305,-0.31413612565445026,0.6470588235294118,-0.6727272727272727,0,1,0,0
0.40624999999998723,0.08695652173912506,0.5654450261780105,0.10294117647058817,-0.8727272727272727,1,0,0,0
-0.09375000000000389,-0.08695652173914978,0.2617801047120419,-0.2573529411764707,0.45454545454545453,0,1,0,0
1.1249999999999933,1.1304347826086751,-0.8795811518324608,0.808823529411765,0.4909090909090909,0,1,0,0
0.15625000000000056,0.21739130434782503,0.02617801047120419,-0.3897058823529417,-0.4090909090909091,0,1,0,0
-0.031250000000007216,-0.21739130434782503,0.36649214659685864,-0.029411764705882262,0.5,0,0,1,0
-0.46875000000000167,-0.3043478260869748,-0.19895287958115182,0.07352941176470591,-0.7,0,0,1,0
0.4999999999999911,0.0,-0.015706806282722512,-0.036764705882352956,-0.4636363636363636,0,1,0,0
-0.031250000000007216,0.5652173913043252,2.2198952879581153,-1.1397058823529416,0.22727272727272727,0,1,0,0
0.7499999999999956,0.6086956521739002,-0.03664921465968586,0.2720588235294116,1.009090909090909,1,0,0,0
-0.46875000000000167,-0.39130434782609985,1.2513089005235603,-0.7426470588235299,-0.6363636363636364,0,0,1,0
0.09374999999998612,-0.34782608695652495,1.3769633507853403,-0.8750000000000006,0.9090909090909091,0,1,0,0
0.21874999999999722,0.13043478260867525,-0.4397905759162304,0.463235294117647,0.8454545454545455,1,0,0,0
-0.6562500000000094,-0.6086956521739249,-0.04712041884816754,0.18382352941176477,-0.1,0,0,1,0
-0.8750000000000067,-0.8695652173913001,0.2670157068062827,0.1691176470588234,0.4636363636363636,1,0,0,0
-0.6562500000000094,-1.043478260869575,0.7329842931937173,-0.5735294117647064,0.8454545454545455,0,1,0,0
0.593749999999995,0.39130434782607515,2.4973821989528795,-1.36764705882353,-0.7909090909090909,0,0,1,0
-0.4375000000000122,0.0,0.7225130890052356,-0.6617647058823533,-0.5272727272727272,0,1,0,0
-0.06250000000001443,-0.3043478260869748,-0.5445026178010471,1.0808823529411766,-0.9454545454545454,0,0,1,0
-1.0000000000000178,-0.913043478260875,-0.38219895287958117,1.1617647058823533,-0.32727272727272727,0,0,1,0
0.7499999999999956,0.7826086956521503,-0.031413612565445025,0.11029411764705888,0.14545454545454545,0,1,0,0
-0.06250000000001443,0.13043478260867525,-0.9162303664921466,0.7205882352941178,0.9,0,1,0,0
-0.7812500000000028,-0.652173913043475,-0.05759162303664921,-0.3382352941176473,-0.17272727272727273,0,0,1,0
0.34374999999999056,0.9999999999999752,-0.12041884816753927,0.9852941176470591,-0.09090909090909091,0,1,0,0
-0.37500000000001554,-0.782608695652175,0.38219895287958117,-0.2573529411764707,-0.9090909090909091,0,1,0,0
-1.0000000000000178,-0.7391304347826249,0.28272251308900526,-0.5661764705882357,0.6,0,1,0,0
0.6250000000000022,0.21739130434782503,-0.9267015706806283,1.3970588235294124,-0.17272727272727273,0,0,1,1
0.031249999999989453,-0.13043478260869995,1.6963350785340314,-1.2573529411764712,-0.9181818181818182,0,1,0,0
0.3125000000000011,0.4782608695652002,2.130890052356021,-1.4632352941176479,-0.6,0,1,0,0
-0.09375000000000389,-0.43478260869565005,-0.09424083769633508,-0.014705882352941391,0.9090909090909091,0,1,0,0
0.15625000000000056,-0.3043478260869748,-0.643979057591623,0.5514705882352944,1.2636363636363637,1,0,0,1
1.0312499999999893,1.1304347826086751,-0.5445026178010471,0.6102941176470589,-0.6636363636363637,0,0,1,0
-0.37500000000001554,-0.8260869565217499,-0.8795811518324608,0.5661764705882352,-0.6090909090909091,0,0,1,0
-0.5937500000000128,-1.0,-0.14136125654450263,-0.24264705882352983,0.24545454545454545,0,1,0,0
-0.6562500000000094,-0.7391304347826249,2.136125654450262,-1.330882352941177,-0.8545454545454545,0,1,0,0
0.6874999999999989,0.34782608695650025,-0.23036649214659685,-0.3750000000000003,-0.6818181818181818,0,1,0,0
0.7812500000000028,0.8695652173913001,2.602094240837696,-1.3382352941176479,0.8454545454545455,0,0,1,0
-0.406250000000005,-0.04347826086957489,-1.0890052356020943,0.9264705882352946,-0.3,0,0,1,0
0.9062499999999961,0.4782608695652002,0.041884816753926704,0.4117647058823532,0.7,0,1,0,0
-0.6562500000000094,-0.43478260869565005,1.6596858638743455,-1.2132352941176476,0.11818181818181818,0,1,0,0
-0.06250000000001443,0.521739130434775,1.0471204188481675,-0.8602941176470594,0.24545454545454545,0,0,1,0
0.3125000000000011,0.9130434782608502,-0.5549738219895288,1.0882352941176474,-0.23636363636363636,0,1,0,0
0.6562499999999917,0.6956521739130253,-0.193717277486911,0.6544117647058825,-0.37272727272727274,0,0,1,0
0.3125000000000011,0.21739130434782503,-0.450261780104712,0.5514705882352944,-0.8818181818181818,0,1,0,0
0.4999999999999911,0.2608695652173752,0.20418848167539266,-0.007352941176470696,0.7363636363636363,0,1,0,0
0.15625000000000056,-0.13043478260869995,-0.2931937172774869,0.20588235294117635,-0.8636363636363636,0,0,1,0
0.7499999999999956,0.8260869565217251,2.8743455497382198,-1.5588235294117656,-0.6090909090909091,0,1,0,0
-0.25000000000000444,-0.5217391304347998,-0.387434554973822,0.21323529411764705,-0.1,1,0,0,0
0.5624999999999878,0.34782608695650025,0.7225130890052356,-0.5073529411764707,-0.9454545454545454,0,0,1,0
-0.6875000000000167,-1.0,0.010471204188481676,-0.20588235294117688,-0.06363636363636363,0,1,0,0
0.18749999999999,0.04347826086955017,-0.6073298429319371,0.7720588235294121,-0.21818181818181817,0,1,0,0
-0.3437500000000083,0.13043478260867525,0.1099476439790576,-0.02205882352941209,0.11818181818181818,0,1,0,0
0.06249999999999667,0.7391304347826001,1.2722513089005236,-1.0147058823529416,0.7272727272727273,0,1,0,0
1.1562500000000007,1.2173913043478004,0.450261780104712,-0.21323529411764705,0.8727272727272727,0,1,0,0
-0.6875000000000167,-1.217391304347825,1.6806282722513088,-1.0147058823529416,-0.9272727272727272,0,1,0,0
-0.06250000000001443,-0.13043478260869995,-0.5392670157068062,0.632352941176471,0.10909090909090909,1,0,0,0
-0.8437500000000172,-0.5217391304347998,0.743455497382199,-0.683823529411765,0.8090909090909091,1,0,0,0
1.0,1.086956521739125,0.9895287958115183,-0.8161764705882357,0.16363636363636364,1,0,0,0
-0.09375000000000389,-0.21739130434782503,-0.675392670157068,0.845588235294118,0.2727272727272727,0,1,0,0
0.8437499999999994,0.39130434782607515,0.020942408376963352,-0.4926470588235298,-0.22727272727272727,0,0,1,0
-1.3437500000000084,-1.56521739130435,0.010471204188481676,-0.3602941176470589,-0.19090909090909092,0,1,0,0
1.2187499999999971,1.3913043478260751,0.14136125654450263,-0.3897058823529417,0.9454545454545454,0,1,0,0
-0.5937500000000128,-0.6086956521739249,-0.4031413612565445,0.18382352941176477,-0.7636363636363637,0,0,1,0
-0.5000000000000089,-0.2608695652173999,1.2303664921465969,-1.0955882352941182,-0.5272727272727272,0,1,0,0
-0.81250000000001,-0.7391304347826249,0.4869109947643979,-0.2573529411764707,-0.24545454545454545,0,0,1,0
-0.031250000000007216,-0.2608695652173999,1.1204188481675392,-0.8676470588235299,-0.5363636363636364,0,1,0,0
-0.031250000000007216,0.5652173913043252,-0.7905759162303665,1.595588235294118,-0.8818181818181818,0,0,1,0
-0.6562500000000094,-0.9565217391304498,-0.1256544502617801,0.5514705882352944,-0.2818181818181818,0,0,1,0
1.1249999999999933,1.2173913043478004,-0.5078534031413613,0.13235294117647042,-0.5363636363636364,0,0,1,0
-0.1250000000000111,-0.4782608695652249,-0.47643979057591623,0.6691176470588239,-0.2,0,1,0,0
0.12499999999999334,-0.13043478260869995,-0.2198952879581152,0.9117647058823533,0.35454545454545455,0,1,0,0
0.18749999999999,0.521739130434775,-0.08376963350785341,-0.02205882352941209,-0.5181818181818182,0,0,1,0
0.7187499999999883,0.7826086956521503,-1.1151832460732984,2.1985294117647065,0.2909090909090909,0,1,0,1
0.21874999999999722,0.4782608695652002,-0.05759162303664921,-0.08088235294117661,0.01818181818181818,0,1,0,0
0.2812499999999939,0.8260869565217251,-0.020942408376963352,-0.4044117647058825,0.9090909090909091,0,0,1,0
-0.1250000000000111,0.43478260869565005,0.7696335078534031,-0.5661764705882357,-0.42727272727272725,0,1,0,0
-0.6562500000000094,-1.043478260869575,-0.3193717277486911,0.2573529411764707,0.37272727272727274,0,1,0,0
-0.28125000000001166,-0.5217391304347998,0.09424083769633508,0.1617647058823527,0.9818181818181818,0,0,1,0
-0.46875000000000167,-0.7391304347826249,-0.5026178010471204,0.7647058823529413,0.5181818181818182,1,0,0,0
-0.4375000000000122,-0.6956521739130499,-0.43455497382198954,0.4117647058823532,0.32727272727272727,1,0,0,0
-0.1250000000000111,-0.3043478260869748,-0.5445026178010471,-0.014705882352941391,-0.14545454545454545,0,1,0,0
-1.0000000000000178,-1.0,1.7643979057591623,-1.1397058823529416,0.45454545454545453,0,0,1,0
0.18749999999999,0.8260869565217251,0.24607329842931938,-0.5661764705882357,-0.9272727272727272,0,1,0,0
0.7499999999999956,0.7826086956521503,0.1099476439790576,-0.3897058823529417,-0.19090909090909092,0,0,1,0
1.2500000000000044,1.5217391304347752,-0.6335078534031413,0.48529411764705915,0.24545454545454545,0,1,0,0
-0.5937500000000128,-0.913043478260875,0.8115183246073299,-0.7426470588235299,-0.9454545454545454,0,1,0,0
-0.406250000000005,-0.13043478260869995,-0.7329842931937173,0.286764705882353,-0.7454545454545455,0,1,0,0
0.8749999999999889,0.9565217391304252,0.14136125654450263,-0.38235294117647095,0.7090909090909091,0,1,0,0
-0.6250000000000022,-0.43478260869565005,-0.4083769633507853,0.3235294117647059,-0.5272727272727272,1,0,0,0
0.031249999999989453,0.521739130434775,0.4397905759162304,-0.6544117647058828,-0.3090909090909091,0,0,1,0
0.46875000000000167,0.21739130434782503,0.3089005235602094,-0.41911764705882393,0.5,0,1,0,0
0.5312499999999983,0.6086956521739002,-0.31413612565445026,0.2352941176470586,0.24545454545454545,0,1,0,0
-0.5937500000000128,-0.5217391304347998,-0.46596858638743455,0.3088235294117645,-0.35454545454545455,0,0,1,0
0.6562499999999917,0.6086956521739002,-0.31413612565445026,0.5073529411764707,-0.15454545454545454,0,0,1,0
-0.5937500000000128,-0.56521739130435,0.193717277486911,-0.3897058823529417,-0.6818181818181818,0,1,0,0
0.21874999999999722,0.652173913043475,0.3403141361256545,-0.3014705882352943,-0.7636363636363637,0,1,0,0
-0.6875000000000167,-1.1304347826087,0.3717277486910995,-0.3161764705882357,0.41818181818181815,0,1,0,0
0.7812500000000028,0.39130434782607515,0.20418848167539266,-0.029411764705882262,0.3090909090909091,0,0,1,0
-0.06250000000001443,-0.39130434782609985,-0.5968586387434555,0.8161764705882357,0.7090909090909091,0,0,1,0
1.0312499999999893,0.8695652173913001,-0.020942408376963352,-0.05147058823529435,0.8181818181818182,0,0,1,0
-0.8750000000000067,-0.782608695652175,-0.2198952879581152,0.10294117647058817,0.00909090909090909,1,0,0,0
-0.9062500000000139,-0.6956521739130499,0.42408376963350786,-0.007352941176470696,-0.9363636363636364,0,0,1,0
-0.18750000000000777,-0.34782608695652495,-0.49214659685863876,0.3382352941176473,-0.5545454545454546,0,1,0,0
-0.6562500000000094,-1.086956521739125,0.34554973821989526,-0.3308823529411766,0.6,0,0,1,0
-0.1250000000000111,-0.21739130434782503,-0.5445026178010471,0.823529411764706,0.33636363636363636,0,1,0,0
0.7499999999999956,0.39130434782607515,-0.6073298429319371,0.882352941176471,0.08181818181818182,0,0,1,0
-0.5625000000000056,-0.43478260869565005,-0.07853403141361257,0.036764705882352956,0.6272727272727273,0,0,1,0
-0.031250000000007216,-0.3043478260869748,-1.0209424083769634,0.7426470588235299,-0.6818181818181818,0,1,0,0
-0.7812500000000028,-0.6956521739130499,-0.14659685863874344,0.1691176470588234,-0.7545454545454545,0,1,0,0
0.06249999999999667,0.521739130434775,0.010471204188481676,-0.036764705882352956,0.0,0,1,0,0
0.7187499999999883,0.5652173913043252,-0.2774869109947644,0.29411764705882365,-0.4636363636363636,0,1,0,0
0.5312499999999983,-0.04347826086957489,2.769633507853403,-1.5514705882352948,0.8727272727272727,0,1,0,0
0.18749999999999,0.04347826086955017,1.0104712041884816,-0.9264705882352946,-0.3090909090909091,0,1,0,0
-1.218750000000015,-1.3913043478260998,0.06806282722513089,-0.07352941176470591,0.2818181818181818,0,1,0,0
0.593749999999995,0.13043478260867525,-0.20418848167539266,0.5220588235294121,0.4727272727272727,0,1,0,0
0.8749999999999889,0.39130434782607515,1.6596858638743455,-1.1397058823529416,0.19090909090909092,0,1,0,0
-0.8437500000000172,-0.6086956521739249,0.7068062827225131,-0.6029411764705886,0.21818181818181817,0,1,0,0
0.0,0.6956521739130253,0.0,0.18382352941176477,0.9181818181818182,0,1,0,0
0.43749999999999445,0.13043478260867525,-1.219895287958115,1.0367647058823535,-0.7363636363636363,0,1,0,0
0.6874999999999989,0.39130434782607515,0.19895287958115182,-0.2573529411764707,0.32727272727272727,0,0,1,0
0.09374999999998612,0.7391304347826001,1.068062827225131,-0.7426470588235299,0.5272727272727272,0,0,1,0
0.593749999999995,0.34782608695650025,-0.2513089005235602,0.22794117647058842,1.0272727272727273,0,1,0,0
-0.6875000000000167,-0.39130434782609985,-0.13089005235602094,-0.029411764705882262,-0.8818181818181818,0,1,0,0
0.4999999999999911,0.04347826086955017,-0.08900523560209424,0.21323529411764705,-0.37272727272727274,0,1,0,0
-0.406250000000005,-0.43478260869565005,-0.13612565445026178,0.1691176470588234,0.4636363636363636,0,1,0,0
-0.3125000000000011,-0.6956521739130499,-0.4607329842931937,0.2426470588235293,-0.9727272727272728,0,1,0,0
0.12499999999999334,0.652173913043475,0.8115183246073299,-0.7132352941176475,0.5727272727272728,0,0,1,0
-0.09375000000000389,-0.34782608695652495,-1.1099476439790577,1.198529411764706,0.7363636363636363,0,1,0,0
-0.6250000000000022,-0.9565217391304498,0.07329842931937172,0.051470588235293824,-0.5181818181818182,0,1,0,0
0.6874999999999989,0.5652173913043252,0.5549738219895288,-0.5735294117647064,-0.5272727272727272,0,1,0,0
0.15625000000000056,0.7826086956521503,-0.16230366492146597,0.3014705882352943,0.17272727272727273,0,1,0,0
-0.3437500000000083,-0.6956521739130499,2.005235602094241,-1.2573529411764712,0.8272727272727273,0,1,0,0
0.7187499999999883,0.7391304347826001,-1.2984293193717278,1.3897058823529416,0.2818181818181818,0,1,0,0
-1.0000000000000178,-1.043478260869575,0.24607329842931938,-0.029411764705882262,0.15454545454545454,0,1,0,0
1.0312499999999893,0.9130434782608502,0.2670157068062827,-0.24264705882352983,-0.2,1,0,0,0
0.15625000000000056,-0.13043478260869995,0.1518324607329843,0.17647058823529407,0.20909090909090908,0,0,1,0
0.4999999999999911,0.0,-0.08376963350785341,0.5808823529411766,-0.6454545454545455,0,1,0,0
0.40624999999998723,0.21739130434782503,0.28272251308900526,-0.13970588235294112,0.45454545454545453,0,1,0,0
0.8124999999999922,0.17391304347825012,0.31413612565445026,-0.3750000000000003,-0.9,0,1,0,0
0.24999999999998668,0.5652173913043252,-0.6073298429319371,0.19117647058823548,0.12727272727272726,1,0,0,0
-1.3125000000000189,-1.5217391304347752,0.9214659685863874,-0.7132352941176475,0.09090909090909091,0,1,0,0
0.12499999999999334,0.7826086956521503,0.38219895287958117,-0.6617647058823533,0.38181818181818183,0,1,0,0
0.7812500000000028,0.9999999999999752,-0.612565445026178,0.4191176470588234,-0.6272727272727273,0,1,0,0
0.6874999999999989,0.652173913043475,0.5497382198952879,-0.014705882352941391,0.2636363636363636,0,0,1,0
-0.15625000000000056,0.04347826086955017,-0.6387434554973822,1.5000000000000004,-0.8545454545454545,0,1,0,0
0.3749999999999978,0.6086956521739002,0.7591623036649214,-0.5661764705882357,-0.9727272727272728,0,0,1,0
0.06249999999999667,0.6956521739130253,0.7958115183246073,-0.7500000000000006,0.7818181818181819,1,0,0,0
0.6874999999999989,0.6086956521739002,0.2094240837696335,-0.5147058823529413,-0.6181818181818182,0,1,0,0
0.7499999999999956,0.8260869565217251,-0.27225130890052357,0.22794117647058842,0.7454545454545455,0,0,1,0
0.4999999999999911,0.39130434782607515,-1.0732984293193717,1.3235294117647065,0.5545454545454546,0,0,1,0
-0.8437500000000172,-0.34782608695652495,1.4240837696335078,-1.0514705882352946,-0.14545454545454545,0,0,1,0
-0.9062500000000139,-0.9565217391304498,-0.24607329842931938,0.35294117647058815,-0.2,0,0,1,0
-0.8437500000000172,-0.8695652173913001,-0.8115183246073299,1.0000000000000004,-0.35454545454545455,0,1,0,0
0.40624999999998723,0.17391304347825012,-0.27225130890052357,0.38235294117647045,0.6909090909090909,0,0,1,0
1.0312499999999893,0.6086956521739002,1.968586387434555,-1.3823529411764712,-0.2636363636363636,0,1,0,0
-0.3437500000000083,0.13043478260867525,1.0994764397905759,-0.8897058823529417,0.08181818181818182,0,1,0,0
-0.6562500000000094,-1.043478260869575,0.5392670157068062,-0.683823529411765,-0.8181818181818182,0,1,0,0
0.8437499999999994,0.39130434782607515,0.3193717277486911,-0.11764705882352956,-0.2,0,1,0,0
-0.6250000000000022,-0.4782608695652249,-0.005235602094240838,0.058823529411764525,0.41818181818181815,0,1,0,0
0.3749999999999978,0.43478260869565005,1.1518324607329844,-0.9191176470588239,0.9363636363636364,0,1,0,0
1.2187499999999971,1.2608695652173751,0.3769633507853403,-0.4117647058823532,-0.13636363636363635,0,0,1,0
1.18749999999999,1.30434782608695,-0.34554973821989526,0.6029411764705882,0.02727272727272727,0,0,1,0
-0.09375000000000389,-0.2608695652173999,0.7225130890052356,-0.9558823529411768,-0.8272727272727273,0,1,0,0
0.6562499999999917,0.5652173913043252,-0.28272251308900526,0.47058823529411775,-0.42727272727272725,0,1,0,0
-0.031250000000007216,0.521739130434775,0.08900523560209424,-0.06617647058823521,-0.5818181818181818,0,1,0,0
0.40624999999998723,0.3043478260869501,0.14136125654450263,-0.014705882352941391,0.0,0,0,1,0
-0.8437500000000172,-0.6956521739130499,-0.44502617801047123,0.8161764705882357,-0.5,0,1,0,0
-0.8750000000000067,-0.782608695652175,4.476439790575916,-1.8529411764705892,-0.5272727272727272,0,1,0,0
-0.4375000000000122,-0.17391304347827483,0.8586387434554974,-0.7132352941176475,-0.13636363636363635,0,1,0,0
0.06249999999999667,-0.13043478260869995,0.10471204188481675,-0.06617647058823521,-0.7545454545454545,0,1,0,0
-1.3750000000000155,-1.69565217391305,-0.20418848167539266,0.4485294117647062,-0.13636363636363635,0,1,0,0
-0.5312500000000161,-0.43478260869565005,0.39790575916230364,-0.29411764705882365,0.14545454545454545,0,1,0,0
0.7187499999999883,0.8260869565217251,-1.036649214659686,0.6617647058823533,-0.8272727272727273,0,1,0,0
-0.5000000000000089,-0.04347826086957489,1.5759162303664922,-1.0294117647058827,-0.7727272727272727,0,1,0,0
0.7812500000000028,0.39130434782607515,0.8219895287958116,-0.15441176470588253,-0.07272727272727272,0,1,0,0
-0.9375000000000033,-0.6956521739130499,0.6178010471204188,-0.5661764705882357,0.7909090909090909,0,0,1,0
-0.7812500000000028,-0.34782608695652495,0.13612565445026178,0.13235294117647042,-0.9454545454545454,0,0,1,0
-0.6250000000000022,-1.043478260869575,-0.1256544502617801,0.3602941176470589,0.2636363636363636,0,1,0,0
0.15625000000000056,-0.3043478260869748,-0.3193717277486911,0.22794117647058842,-0.1,0,1,0,0
0.7187499999999883,0.7826086956521503,1.905759162303665,-1.0441176470588243,0.12727272727272726,0,1,0,0
0.6874999999999989,0.39130434782607515,-0.3193717277486911,0.2647058823529414,0.4090909090909091,0,1,0,0
0.06249999999999667,0.7391304347826001,-0.07853403141361257,-0.12500000000000025,-0.509090909090909,0,1,0,0
-0.7500000000000133,-0.43478260869565005,1.198952879581152,-0.882352941176471,0.5454545454545454,0,0,1,0
0.09374999999998612,0.17391304347825012,-0.5287958115183246,1.0441176470588236,-0.5727272727272728,0,1,0,0
-0.18750000000000777,-0.43478260869565005,0.2356020942408377,0.3088235294117645,-0.6090909090909091,1,0,0,0
0.2812499999999939,0.2608695652173752,-0.05235602094240838,0.5882352941176473,0.34545454545454546,0,0,1,0
0.7812500000000028,0.34782608695650025,-0.900523560209424,0.8750000000000002,0.42727272727272725,0,1,0,1
0.40624999999998723,-0.08695652173914978,-1.2774869109947644,1.7500000000000004,-0.7909090909090909,0,1,0,1
-0.28125000000001166,-0.6086956521739249,-0.6701570680628273,1.1029411764705888,-0.2636363636363636,1,0,0,0
0.0,-0.21739130434782503,-0.9528795811518325,0.5,-0.2909090909090909,0,1,0,0
-0.37500000000001554,0.04347826086955017,1.4031413612565444,-0.9779411764705886,0.990909090909091,1,0,0,0
0.06249999999999667,0.43478260869565005,-0.13612565445026178,0.3014705882352943,0.5363636363636364,0,0,1,0
0.3749999999999978,0.3043478260869501,-0.5916230366492147,1.2720588235294121,0.5181818181818182,0,1,0,0
-0.3125000000000011,-0.782608695652175,-0.07329842931937172,-0.14705882352941183,-0.6818181818181818,0,1,0,0
-0.5937500000000128,-0.04347826086957489,-0.36649214659685864,0.3014705882352943,-0.35454545454545455,1,0,0,0
-1.218750000000015,-1.2608695652173998,-0.6178010471204188,0.286764705882353,-0.9272727272727272,0,0,1,0
-0.5937500000000128,-1.043478260869575,0.5497382198952879,-0.4632352941176476,-0.00909090909090909,0,0,1,0
0.3125000000000011,0.0,-0.07329842931937172,0.4191176470588234,-0.5909090909090909,0,1,0,0
-0.4375000000000122,0.0,0.612565445026178,-0.3897058823529417,0.045454545454545456,0,1,0,0
1.18749999999999,1.086956521739125,-0.4031413612565445,0.9779411764705884,0.5909090909090909,0,1,0,0
0.7812500000000028,0.9565217391304252,0.7539267015706806,-0.6102941176470591,-0.5,0,1,0,0
0.34374999999999056,0.3043478260869501,-0.1256544502617801,-0.13970588235294112,0.2909090909090909,0,1,0,0
-0.7187500000000061,-0.7391304347826249,-0.675392670157068,0.5147058823529413,0.39090909090909093,0,1,0,0
0.031249999999989453,0.21739130434782503,2.513089005235602,-1.4191176470588243,-0.21818181818181817,0,0,1,0
-0.5625000000000056,-0.2608695652173999,1.0890052356020943,-0.720588235294118,0.37272727272727274,0,1,0,0
-0.4375000000000122,-0.6956521739130499,-0.7853403141361257,0.5073529411764707,0.7545454545454545,0,1,0,0
-0.8750000000000067,-0.7391304347826249,0.09424083769633508,-0.13970588235294112,-0.18181818181818182,0,0,1,0
0.031249999999989453,0.04347826086955017,0.14136125654450263,0.6176470588235295,-0.8363636363636363,0,1,0,0
-0.81250000000001,-0.782608695652175,5.554973821989528,-2.0073529411764715,0.18181818181818182,0,1,0,1
1.1562500000000007,1.3478260869565002,-0.8743455497382199,0.5661764705882352,0.6272727272727273,0,1,0,0
-0.09375000000000389,0.13043478260867525,0.39790575916230364,-0.2720588235294121,-0.9727272727272728,0,1,0,0
0.3749999999999978,0.3043478260869501,-0.3717277486910995,1.0514705882352944,-0.509090909090909,0,1,0,0
0.40624999999998723,0.2608695652173752,-0.39267015706806285,1.0000000000000004,0.6272727272727273,0,1,0,0
0.18749999999999,0.21739130434782503,-0.44502617801047123,0.45588235294117635,-0.20909090909090908,0,0,1,0
0.2812499999999939,0.34782608695650025,-0.05759162303664921,0.3308823529411766,-0.8363636363636363,0,1,0,0
0.6562499999999917,0.0,-0.2356020942408377,0.36764705882352955,-0.8363636363636363,0,1,0,0
-0.3125000000000011,-0.04347826086957489,-0.34554973821989526,0.07352941176470591,0.7727272727272727,0,0,1,0
0.46875000000000167,0.17391304347825012,-0.46596858638743455,0.676470588235294,-0.00909090909090909,0,0,1,0
-0.7187500000000061,-1.0,0.8324607329842932,-0.6911764705882357,-0.5363636363636364,1,0,0,0
-0.4375000000000122,-0.04347826086957489,-0.23036649214659685,0.007352941176470696,-0.34545454545454546,0,0,1,0
1.0,0.6086956521739002,-0.6230366492146597,1.0808823529411766,-0.5363636363636364,0,0,1,0
0.031249999999989453,0.13043478260867525,0.14136125654450263,-0.3235294117647059,-0.24545454545454545,0,0,1,0
-0.81250000000001,-0.6086956521739249,-0.6910994764397905,0.47058823529411775,0.12727272727272726,0,1,0,0
-0.6562500000000094,-0.652173913043475,-0.9947643979057592,0.7867647058823529,0.5727272727272728,0,1,0,0
-0.4375000000000122,-0.17391304347827483,1.9790575916230366,-1.352941176470589,-0.7090909090909091,0,1,0,0
0.6874999999999989,0.0,1.193717277486911,-0.4926470588235298,0.045454545454545456,0,0,1,0
0.24999999999998668,0.43478260869565005,-0.24083769633507854,-0.19852941176470618,-0.1,0,1,0,0
0.6874999999999989,0.6956521739130253,-0.04712041884816754,-0.22058823529411775,0.06363636363636363,0,0,1,0
0.12499999999999334,0.7826086956521503,0.225130890052356,-0.05147058823529435,0.8727272727272727,0,1,0,0
-0.3437500000000083,0.08695652173912506,0.806282722513089,-0.6691176470588239,-0.33636363636363636,0,0,1,0
-0.4375000000000122,0.04347826086955017,0.5759162303664922,-0.3014705882352943,-0.9727272727272728,1,0,0,0
0.18749999999999,-0.21739130434782503,0.8272251308900523,-0.720588235294118,0.2,0,1,0,0
-0.5312500000000161,-0.3043478260869748,0.193717277486911,0.22794117647058842,0.3090909090909091,0,1,0,0
0.6562499999999917,0.521739130434775,0.14136125654450263,-0.20588235294117688,0.9090909090909091,0,1,0,1
0.21874999999999722,0.5652173913043252,0.09424083769633508,-0.014705882352941391,-0.8363636363636363,0,0,1,0
0.6562499999999917,-0.04347826086957489,-0.10471204188481675,0.632352941176471,-0.7909090909090909,0,1,0,0
0.40624999999998723,0.521739130434775,4.293193717277487,-1.7794117647058834,-0.5181818181818182,0,1,0,0
0.6874999999999989,0.6086956521739002,0.14136125654450263,-0.1691176470588239,-0.45454545454545453,0,1,0,0
-1.0000000000000178,-0.8695652173913001,-0.35602094240837695,0.38235294117647045,-0.4090909090909091,0,1,0,0
-0.4375000000000122,-0.21739130434782503,0.06806282722513089,-0.11764705882352956,-0.41818181818181815,0,1,0,0
-1.1562500000000184,-1.1739130434782747,-0.45549738219895286,0.7279411764705884,0.9363636363636364,0,0,1,0
0.5312499999999983,0.39130434782607515,1.324607329842932,-0.9852941176470594,-0.6727272727272727,0,0,1,0
0.12499999999999334,0.17391304347825012,-0.2670157068062827,0.20588235294117635,-0.7090909090909091,0,1,0,0
0.7499999999999956,0.17391304347825012,-0.3507853403141361,-0.2647058823529414,-0.5818181818181818,0,1,0,0
0.46875000000000167,0.21739130434782503,-0.2513089005235602,0.27941176470588225,-0.9727272727272728,0,1,0,0
-0.5000000000000089,-0.17391304347827483,0.6858638743455497,-0.1691176470588239,-0.2636363636363636,0,1,0,0
0.5312499999999983,-0.08695652173914978,-0.8848167539267016,1.5367647058823535,0.6818181818181818,0,0,1,1
0.6874999999999989,0.6956521739130253,-0.1099476439790576,-0.08088235294117661,0.18181818181818182,1,0,0,0
1.0312499999999893,0.6086956521739002,-0.010471204188481676,-0.286764705882353,-0.34545454545454546,0,1,0,0
-0.81250000000001,-0.652173913043475,0.05235602094240838,-0.029411764705882262,-0.6818181818181818,0,1,0,0
-0.3437500000000083,-0.652173913043475,0.743455497382199,-0.4926470588235298,-0.7727272727272727,0,0,1,0
0.21874999999999722,0.3043478260869501,0.9738219895287958,-0.5294117647058828,0.4,0,1,0,0
0.06249999999999667,0.6956521739130253,0.35602094240837695,-0.6544117647058828,0.14545454545454545,0,1,0,0
0.5312499999999983,0.21739130434782503,-0.5654450261780105,0.7647058823529413,0.21818181818181817,0,1,0,0
-0.5312500000000161,-0.2608695652173999,-0.2774869109947644,0.573529411764706,0.045454545454545456,0,1,0,0
-0.6875000000000167,-1.086956521739125,2.4345549738219896,-1.4485294117647067,0.5818181818181818,0,1,0,0
0.09374999999998612,0.21739130434782503,-0.387434554973822,0.5,-0.8,0,1,0,0
-0.18750000000000777,-0.43478260869565005,-0.4607329842931937,0.6691176470588239,-0.9,0,1,0,0
-0.8437500000000172,-0.652173913043475,-0.43455497382198954,0.4191176470588234,0.11818181818181818,1,0,0,0
0.6874999999999989,0.6956521739130253,-0.08900523560209424,-0.036764705882352956,0.36363636363636365,0,0,1,0
-0.7187500000000061,-1.1304347826087,-0.5130890052356021,0.5,0.05454545454545454,0,0,1,0
0.0,0.0,0.7696335078534031,-0.6250000000000002,-0.8,0,1,0,0
-0.406250000000005,-0.34782608695652495,-0.2774869109947644,0.3455882352941175,-0.4,0,1,0,0
-0.81250000000001,-0.652173913043475,0.03664921465968586,-0.3382352941176473,0.43636363636363634,0,0,1,0
0.2812499999999939,0.3043478260869501,-0.14659685863874344,-0.3529411764705887,-0.8,0,1,0,0
-0.5937500000000128,-0.56521739130435,-0.8272251308900523,0.3088235294117645,-0.6363636363636364,0,1,0,0
0.15625000000000056,-0.2608695652173999,0.14136125654450263,0.007352941176470696,-0.12727272727272726,0,0,1,0
-1.0000000000000178,-0.8695652173913001,-0.3298429319371728,0.45588235294117635,-0.39090909090909093,0,0,1,0
1.18749999999999,1.1304347826086751,-0.09424083769633508,0.2352941176470586,0.6090909090909091,0,0,1,0
0.6874999999999989,0.34782608695650025,0.2198952879581152,-0.25,-0.8090909090909091,0,1,0,0
0.6562499999999917,0.4782608695652002,-0.6387434554973822,0.6838235294117648,0.9090909090909091,0,1,0,0
0.0,0.0,0.9476439790575916,-0.683823529411765,-0.8545454545454545,0,1,0,0
-0.06250000000001443,0.13043478260867525,-0.4973821989528796,-0.12500000000000025,0.33636363636363636,0,1,0,0
-0.6562500000000094,-0.652173913043475,0.020942408376963352,-0.20588235294117688,1.0,0,0,1,0
-1.4375000000000122,-1.782608695652175,1.5549738219895288,-0.9191176470588239,0.9181818181818182,0,1,0,0
-0.3437500000000083,-0.56521739130435,-0.44502617801047123,0.4117647058823532,0.8818181818181818,0,0,1,0
-0.3125000000000011,0.13043478260867525,-0.5130890052356021,0.9926470588235299,-0.19090909090909092,1,0,0,0
-0.218750000000015,-0.4782608695652249,0.5445026178010471,-0.47058823529411775,0.20909090909090908,1,0,0,0
0.6874999999999989,0.4782608695652002,1.4816753926701571,-1.1617647058823535,-0.23636363636363636,0,1,0,0
-0.5312500000000161,-0.9565217391304498,2.329842931937173,-1.3750000000000009,0.2636363636363636,1,0,0,0
-0.406250000000005,-0.13043478260869995,-0.05235602094240838,-0.11764705882352956,0.22727272727272727,0,1,0,0
0.0,-0.3043478260869748,0.34554973821989526,-0.6250000000000002,0.15454545454545454,0,0,1,0
0.0,0.5652173913043252,0.8219895287958116,-0.6397058823529417,-0.6272727272727273,0,1,0,0
0.6562499999999917,0.4782608695652002,0.7643979057591623,-0.5073529411764707,-0.8909090909090909,0,1,0,0
-0.5312500000000161,-0.43478260869565005,-0.418848167539267,0.5808823529411766,0.2545454545454545,0,1,0,0
-0.25000000000000444,-0.652173913043475,-0.5235602094240838,0.7720588235294121,0.7454545454545455,0,1,0,0
0.18749999999999,0.21739130434782503,0.5549738219895288,-0.9191176470588239,0.00909090909090909,0,0,1,0
-1.0312500000000073,-1.086956521739125,-0.8638743455497382,0.3161764705882352,0.19090909090909092,0,1,0,0
0.21874999999999722,0.34782608695650025,-0.4083769633507853,0.286764705882353,-0.6727272727272727,1,0,0,0
-0.7187500000000061,-1.217391304347825,-0.9214659685863874,1.5367647058823535,0.7181818181818181,0,1,0,1
1.2187499999999971,1.2608695652173751,0.9528795811518325,-0.8750000000000006,-0.37272727272727274,0,0,1,0
0.8124999999999922,0.9130434782608502,0.5654450261780105,-0.4411764705882355,0.7181818181818181,0,1,0,0
-0.7187500000000061,-1.217391304347825,1.5759162303664922,-1.0367647058823535,1.0454545454545454,0,0,1,0
0.031249999999989453,-0.34782608695652495,-0.7172774869109948,0.676470588235294,-0.43636363636363634,0,1,0,0
-0.46875000000000167,-0.2608695652173999,-0.2774869109947644,0.3088235294117645,-0.9090909090909091,0,1,0,0
-0.3125000000000011,0.17391304347825012,0.6544502617801047,-0.30882352941176505,0.6090909090909091,0,1,0,0
0.6250000000000022,0.6086956521739002,0.15706806282722513,-0.05147058823529435,-0.7363636363636363,0,1,0,0
0.5312499999999983,0.521739130434775,-0.16753926701570682,0.3014705882352943,0.37272727272727274,0,1,0,0
0.06249999999999667,0.0,-0.10471204188481675,-0.014705882352941391,0.6090909090909091,0,1,0,0
0.21874999999999722,0.4782608695652002,0.5706806282722513,-0.558823529411765,0.32727272727272727,1,0,0,0
-0.46875000000000167,-0.5217391304347998,-0.9214659685863874,1.3750000000000002,-0.8909090909090909,0,1,0,0
-0.6562500000000094,-1.043478260869575,-0.1256544502617801,0.17647058823529407,-0.5454545454545454,0,1,0,0
0.46875000000000167,0.0,0.9633507853403142,-0.9926470588235299,-0.8272727272727273,0,1,0,0
0.9062499999999961,0.4782608695652002,0.0,-0.22794117647058842,0.4090909090909091,1,0,0,0
0.5312499999999983,0.2608695652173752,3.0837696335078535,-1.580882352941177,-0.509090909090909,0,1,0,0
-0.8750000000000067,-0.782608695652175,0.21465968586387435,0.11764705882352956,-0.9181818181818182,0,0,1,0
-0.1250000000000111,-0.2608695652173999,-0.6701570680628273,0.4926470588235293,-0.19090909090909092,1,0,0,0
0.46875000000000167,0.04347826086955017,-0.4816753926701571,0.36764705882352955,-0.4818181818181818,0,0,1,0
-0.218750000000015,-0.43478260869565005,-0.680628272251309,0.29411764705882365,-0.23636363636363636,1,0,0,0
0.6250000000000022,0.4782608695652002,0.24607329842931938,-0.3897058823529417,0.6363636363636364,0,1,0,0
0.8749999999999889,0.39130434782607515,-0.34554973821989526,0.7205882352941178,-0.4727272727272727,0,0,1,0
-0.06250000000001443,0.0,-0.2931937172774869,0.8308823529411766,0.7090909090909091,1,0,0,0
-0.6562500000000094,-0.6956521739130499,0.8534031413612565,-0.6691176470588239,0.8272727272727273,0,0,1,0
-0.3437500000000083,0.0,0.27225130890052357,-0.11029411764705888,0.1,1,0,0,0
0.21874999999999722,0.3043478260869501,0.08900523560209424,-0.15441176470588253,-0.5636363636363636,0,0,1,0
-0.6875000000000167,-0.39130434782609985,0.13612565445026178,-0.14705882352941183,-0.1,0,0,1,0
0.18749999999999,-0.2608695652173999,-0.17277486910994763,0.632352941176471,-0.7818181818181819,0,0,1,0
0.6874999999999989,0.6956521739130253,-0.46596858638743455,0.5073529411764707,-0.8727272727272727,0,1,0,0
0.15625000000000056,0.17391304347825012,0.031413612565445025,0.22058823529411775,-0.6909090909090909,0,1,0,0
-1.1875000000000078,-1.1739130434782747,0.7591623036649214,-0.4485294117647062,-0.42727272727272725,0,1,0,0
0.12499999999999334,-0.3043478260869748,-0.005235602094240838,-0.4264705882352946,-0.6090909090909091,1,0,0,0
0.6874999999999989,0.43478260869565005,-0.680628272251309,0.9485294117647062,0.6727272727272727,0,1,0,0
-1.2812500000000118,-1.5217391304347752,0.041884816753926704,-0.3602941176470589,0.10909090909090909,0,1,0,0
-0.06250000000001443,0.5652173913043252,1.0628272251308901,-0.8308823529411768,0.03636363636363636,0,1,0,0
-0.031250000000007216,-0.4782608695652249,-0.7068062827225131,0.4191176470588234,-0.23636363636363636,0,0,1,0
-0.9062500000000139,-0.8695652173913001,-0.1518324607329843,0.3088235294117645,0.4090909090909091,0,1,0,0
-0.15625000000000056,-0.5217391304347998,0.5759162303664922,-0.683823529411765,-0.24545454545454545,0,1,0,0
0.6874999999999989,0.4782608695652002,0.680628272251309,-0.2720588235294121,0.06363636363636363,0,1,0,0
-0.9687500000000105,-1.0,-0.6178010471204188,1.198529411764706,0.8636363636363636,0,1,0,1
0.5312499999999983,0.04347826086955017,6.9214659685863875,-2.522058823529413,0.9818181818181818,0,1,0,1
0.09374999999998612,-0.17391304347827483,-0.015706806282722512,-0.3602941176470589,0.045454545454545456,1,0,0,0
0.21874999999999722,-0.17391304347827483,-0.11518324607329843,-0.14705882352941183,0.41818181818181815,0,1,0,0
-0.1250000000000111,0.34782608695650025,0.9528795811518325,-0.5882352941176473,-0.17272727272727273,0,0,1,0
-0.8437500000000172,-0.4782608695652249,0.010471204188481676,-0.06617647058823521,0.9272727272727272,0,1,0,0
0.2812499999999939,0.13043478260867525,0.581151832460733,-0.6250000000000002,-0.20909090909090908,0,1,0,0
0.18749999999999,-0.17391304347827483,0.6282722513089005,-0.5441176470588237,-0.9727272727272728,1,0,0,0
0.6874999999999989,0.5652173913043252,0.005235602094240838,-0.10294117647058817,-0.38181818181818183,0,1,0,0
-0.5312500000000161,-0.8260869565217499,-0.18324607329842932,0.2720588235294116,-0.9545454545454546,0,0,1,0
-0.5625000000000056,-0.7391304347826249,0.13089005235602094,-0.20588235294117688,0.4818181818181818,0,1,0,0
-0.5937500000000128,-0.6086956521739249,-0.4973821989528796,0.45588235294117635,-0.9454545454545454,0,1,0,0
0.21874999999999722,0.4782608695652002,-0.3612565445026178,0.4044117647058825,0.6090909090909091,0,1,0,0
0.15625000000000056,-0.21739130434782503,0.44502617801047123,-0.22794117647058842,-0.5181818181818182,0,0,1,0
0.06249999999999667,0.652173913043475,-0.675392670157068,0.5367647058823529,0.8181818181818182,0,1,0,0
-0.7187500000000061,-0.6956521739130499,0.3036649214659686,0.45588235294117635,0.7909090909090909,0,1,0,0
-0.4375000000000122,-0.17391304347827483,-1.0052356020942408,1.058823529411765,-0.5,1,0,0,0
0.18749999999999,0.13043478260867525,0.2094240837696335,0.5294117647058822,0.8727272727272727,0,1,0,0
0.15625000000000056,0.9130434782608502,-1.0209424083769634,1.0735294117647065,-0.5,0,1,0,0
-0.6875000000000167,-0.6956521739130499,-1.0628272251308901,0.9485294117647062,0.5909090909090909,0,0,1,0
-0.28125000000001166,-0.4782608695652249,0.49214659685863876,-0.720588235294118,0.07272727272727272,0,0,1,0
-0.5312500000000161,-0.5217391304347998,-0.03664921465968586,-0.16176470588235323,0.7909090909090909,0,1,0,0
0.2812499999999939,0.9130434782608502,6.319371727748691,-2.2352941176470598,0.32727272727272727,0,0,1,1
-0.1250000000000111,0.08695652173912506,-0.612565445026178,0.4779411764705884,-0.9545454545454546,0,1,0,0
0.21874999999999722,0.6956521739130253,-0.3717277486910995,0.4191176470588234,-0.9181818181818182,0,1,0,0
1.18749999999999,1.2608695652173751,1.3403141361256545,-0.8602941176470594,-0.3,0,1,0,0
0.5312499999999983,0.21739130434782503,-0.32460732984293195,0.45588235294117635,-0.06363636363636363,1,0,0,0
-0.5937500000000128,-0.7391304347826249,-0.41361256544502617,0.5514705882352944,0.6545454545454545,0,1,0,0
0.031249999999989453,0.04347826086955017,-0.4607329842931937,0.6985294117647062,-0.7818181818181819,0,1,0,0
-0.8750000000000067,-0.7391304347826249,0.5026178010471204,-0.5294117647058828,-0.44545454545454544,0,0,1,0
-0.6562500000000094,-0.782608695652175,-0.7382198952879581,1.2279411764705885,0.990909090909091,0,1,0,1
0.7812500000000028,0.6086956521739002,0.5549738219895288,-0.3014705882352943,0.5,0,1,0,0
-0.8750000000000067,-0.6956521739130499,-0.6230366492146597,-0.036764705882352956,0.33636363636363636,0,1,0,0
0.40624999999998723,0.2608695652173752,0.7120418848167539,-0.757352941176471,0.18181818181818182,0,0,1,0
0.34374999999999056,0.13043478260867525,-0.5916230366492147,0.7205882352941178,-0.3,0,1,0,0
0.06249999999999667,0.6956521739130253,-0.9633507853403142,0.8308823529411766,0.5727272727272728,0,0,1,0
0.6562499999999917,0.521739130434775,0.518324607329843,-0.5367647058823535,0.11818181818181818,0,1,0,0
-0.8437500000000172,-0.8260869565217499,-0.16753926701570682,0.47058823529411775,-0.7454545454545455,0,1,0,0
0.15625000000000056,-0.21739130434782503,-0.49214659685863876,0.1691176470588234,-0.45454545454545453,0,1,0,0
-0.7500000000000133,-0.7391304347826249,-1.1204188481675392,0.823529411764706,-0.22727272727272727,0,1,0,0
-0.5937500000000128,-0.43478260869565005,-0.8010471204188482,0.8750000000000002,0.2636363636363636,0,1,0,0
-0.406250000000005,-0.08695652173914978,-0.9581151832460733,0.5367647058823529,0.9363636363636364,0,1,0,0
0.5312499999999983,0.34782608695650025,-0.8219895287958116,0.3308823529411766,0.3181818181818182,0,0,1,0
0.18749999999999,0.6956521739130253,1.036649214659686,-0.683823529411765,-0.5727272727272728,0,0,1,0
1.093750000000004,0.8260869565217251,0.743455497382199,-0.3235294117647059,-0.23636363636363636,0,0,1,0
-0.7187500000000061,-1.217391304347825,-0.47643979057591623,0.7794117647058828,-0.7545454545454545,0,1,0,0
-0.09375000000000389,-0.43478260869565005,-1.2303664921465969,1.3161764705882357,-0.15454545454545454,0,0,1,0
-0.18750000000000777,0.2608695652173752,-0.41361256544502617,0.08823529411764679,-0.05454545454545454,0,0,1,0
-0.8437500000000172,-0.56521739130435,-0.9319371727748691,1.6397058823529416,0.8818181818181818,0,0,1,1
-1.218750000000015,-1.43478260869565,0.12041884816753927,0.1617647058823527,0.2,0,0,1,0
-0.5937500000000128,-0.39130434782609985,-0.8952879581151832,1.477941176470589,0.36363636363636365,0,0,1,0
0.9062499999999961,0.521739130434775,-0.193717277486911,0.21323529411764705,0.9363636363636364,0,1,0,0
1.0624999999999967,1.086956521739125,0.7277486910994765,-0.7867647058823535,-0.8090909090909091,0,0,1,0
0.3749999999999978,0.39130434782607515,0.20418848167539266,-0.36764705882352955,0.8818181818181818,0,1,0,0
0.5312499999999983,0.08695652173912506,-0.49214659685863876,0.9117647058823533,-0.7363636363636363,0,0,1,0
-0.5625000000000056,-0.3043478260869748,-0.6544502617801047,0.8970588235294118,-0.8636363636363636,0,1,0,0
1.093750000000004,0.9999999999999752,1.455497382198953,-0.8382352941176475,0.15454545454545454,0,1,0,0
0.15625000000000056,0.652173913043475,2.413612565445026,-1.3750000000000009,-0.8363636363636363,0,1,0,0
0.24999999999998668,0.08695652173912506,-0.29842931937172773,0.3235294117647059,0.2545454545454545,0,1,0,0
-0.4375000000000122,-0.2608695652173999,-0.5706806282722513,0.4338235294117648,0.05454545454545454,0,0,1,0
-0.3125000000000011,-0.782608695652175,-0.41361256544502617,0.2426470588235293,-0.8272727272727273,1,0,0,0
-0.46875000000000167,-0.04347826086957489,0.19895287958115182,-0.23529411764705913,-0.8636363636363636,0,0,1,0
-1.093750000000004,-1.086956521739125,-0.02617801047120419,0.07352941176470591,-0.24545454545454545,0,1,0,0
-0.9687500000000105,-1.043478260869575,-0.02617801047120419,0.5147058823529413,0.8363636363636363,0,0,1,0
-0.5625000000000056,-0.34782608695652495,0.2879581151832461,-0.21323529411764705,-0.3090909090909091,0,1,0,0
-1.093750000000004,-1.1304347826087,0.28272251308900526,-0.36764705882352955,-0.42727272727272725,0,1,0,0
-0.5937500000000128,-0.43478260869565005,0.34554973821989526,-0.3602941176470589,0.8363636363636363,0,1,0,0
0.15625000000000056,0.34782608695650025,1.0418848167539267,-0.720588235294118,-0.14545454545454545,0,0,1,0
-0.3125000000000011,-0.56521739130435,0.3298429319371728,0.4779411764705884,0.7727272727272727,1,0,0,0
0.34374999999999056,0.2608695652173752,0.8010471204188482,-1.0220588235294124,-0.39090909090909093,1,0,0,0
1.2500000000000044,1.2608695652173751,-0.4973821989528796,0.38235294117647045,-0.7181818181818181,0,1,0,0
-0.6250000000000022,-1.043478260869575,-0.4397905759162304,0.5367647058823529,0.3181818181818182,0,0,1,0
0.5312499999999983,0.04347826086955017,0.5549738219895288,-0.4338235294117648,1.0,0,0,1,0
0.2812499999999939,0.0,0.9319371727748691,-0.9338235294117653,0.9545454545454546,0,0,1,0
0.09374999999998612,0.6956521739130253,0.06282722513089005,0.5367647058823529,0.5727272727272728,0,1,0,0
0.5624999999999878,0.34782608695650025,1.549738219895288,-1.1691176470588243,-0.4818181818181818,0,1,0,0
0.09374999999998612,0.7391304347826001,-0.3193717277486911,0.36764705882352955,-0.9727272727272728,0,0,1,0
-0.5625000000000056,-0.56521739130435,-0.25654450261780104,0.6544117647058825,0.5363636363636364,0,1,0,0
-0.7812500000000028,-1.30434782608695,-0.03664921465968586,-0.06617647058823521,-0.8636363636363636,0,1,0,0
-0.218750000000015,0.13043478260867525,0.031413612565445025,0.036764705882352956,0.6181818181818182,0,1,0,0
0.5312499999999983,0.39130434782607515,0.13612565445026178,0.11029411764705888,-0.8636363636363636,0,1,0,0
-0.031250000000007216,-0.34782608695652495,2.2460732984293195,-1.3455882352941182,0.2545454545454545,0,0,1,0
-0.406250000000005,-0.21739130434782503,0.06806282722513089,0.007352941176470696,0.4090909090909091,1,0,0,0
-0.8437500000000172,-0.56521739130435,-0.7853403141361257,0.6838235294117648,0.7363636363636363,0,1,0,0
0.6874999999999989,0.39130434782607515,0.225130890052356,-0.3382352941176473,-0.33636363636363636,0,0,1,0
-0.8750000000000067,-0.7391304347826249,-0.3612565445026178,0.3455882352941175,-0.7818181818181819,0,0,1,0
0.7499999999999956,0.13043478260867525,0.4083769633507853,-0.5441176470588237,0.6727272727272727,0,0,1,0
0.2812499999999939,0.2608695652173752,-0.031413612565445025,-0.18382352941176477,0.08181818181818182,0,0,1,0
-0.8750000000000067,-0.6086956521739249,0.14659685863874344,-0.25,0.08181818181818182,0,1,0,0
0.7499999999999956,0.8260869565217251,-0.2931937172774869,0.4117647058823532,0.9363636363636364,0,0,1,0
0.15625000000000056,0.2608695652173752,0.7905759162303665,-0.595588235294118,0.6636363636363637,0,0,1,0
0.12499999999999334,-0.17391304347827483,2.0104712041884816,-1.1617647058823535,-0.7181818181818181,0,1,0,0
-0.406250000000005,-0.7391304347826249,1.225130890052356,-0.9117647058823535,0.20909090909090908,0,1,0,0
-0.9062500000000139,-0.913043478260875,1.3717277486910995,-0.6617647058823533,0.7636363636363637,0,0,1,0
-0.6562500000000094,-1.1304347826087,0.6020942408376964,-0.3602941176470589,-0.6909090909090909,0,1,0,0
-0.9062500000000139,-0.7391304347826249,-0.6544502617801047,0.13235294117647042,-0.09090909090909091,0,0,1,0
-0.7812500000000028,-0.7391304347826249,-0.5497382198952879,0.13235294117647042,0.9818181818181818,0,0,1,0
0.5312499999999983,0.2608695652173752,-1.0157068062827226,0.2352941176470586,-0.35454545454545455,0,0,1,0
1.0624999999999967,0.652173913043475,0.36649214659685864,-0.4485294117647062,0.24545454545454545,0,0,1,0
-0.25000000000000444,-0.4782608695652249,0.02617801047120419,-0.3750000000000003,-0.33636363636363636,1,0,0,0
0.3125000000000011,0.9565217391304252,0.4816753926701571,-0.6029411764705886,0.24545454545454545,0,1,0,0
-0.25000000000000444,-0.4782608695652249,-0.43455497382198954,0.11029411764705888,0.43636363636363634,0,0,1,0
0.593749999999995,0.4782608695652002,-0.43455497382198954,0.4191176470588234,0.7727272727272727,0,1,0,0
-0.7812500000000028,-0.2608695652173999,0.5968586387434555,-0.286764705882353,-0.5909090909090909,0,1,0,0
1.18749999999999,1.2608695652173751,-0.14659685863874344,0.06617647058823521,-0.8727272727272727,0,0,1,0
0.0,-0.39130434782609985,-0.4293193717277487,0.17647058823529407,-0.41818181818181815,0,1,0,0
-0.218750000000015,-0.34782608695652495,0.16230366492146597,-0.19117647058823548,-0.6181818181818182,1,0,0,0
0.24999999999998668,0.2608695652173752,-0.39790575916230364,0.29411764705882365,0.3090909090909091,0,1,0,0
0.6562499999999917,0.21739130434782503,-0.21465968586387435,0.2573529411764707,-0.9727272727272728,0,1,0,0
-0.25000000000000444,0.21739130434782503,-0.31413612565445026,0.4117647058823532,-0.09090909090909091,0,1,0,0
-0.3125000000000011,-0.5217391304347998,-0.5549738219895288,0.9044117647058825,0.045454545454545456,0,0,1,0
-0.15625000000000056,-0.39130434782609985,0.774869109947644,-0.683823529411765,-0.13636363636363635,0,0,1,0
0.0,-0.21739130434782503,1.3455497382198953,-1.080882352941177,-0.4727272727272727,0,1,0,0
0.7187499999999883,0.4782608695652002,-0.9057591623036649,1.3602941176470593,0.8545454545454545,0,0,1,0
0.031249999999989453,0.5652173913043252,0.3507853403141361,-0.3529411764705887,0.2818181818181818,0,0,1,0
-0.3125000000000011,0.08695652173912506,-0.23036649214659685,0.48529411764705915,-0.20909090909090908,0,1,0,0
-0.218750000000015,0.2608695652173752,-0.4031413612565445,0.4117647058823532,0.9636363636363636,0,1,0,0
-0.06250000000001443,0.13043478260867525,1.6596858638743455,-0.9926470588235299,0.6181818181818182,0,0,1,0
0.09374999999998612,0.8260869565217251,0.4869109947643979,-0.7132352941176475,0.7636363636363637,0,0,1,0
-1.0625000000000144,-0.8695652173913001,-0.2774869109947644,0.058823529411764525,0.8,0,1,0,0
0.15625000000000056,0.8695652173913001,-0.7801047120418848,0.5,0.2818181818181818,1,0,0,0
-0.06250000000001443,-0.21739130434782503,-0.21465968586387435,0.8014705882352944,0.10909090909090909,1,0,0,0
-0.6875000000000167,-0.43478260869565005,-0.8638743455497382,0.6985294117647062,-0.4636363636363636,0,0,1,0
-0.7500000000000133,-0.8695652173913001,1.2094240837696335,-0.6911764705882357,0.6363636363636364,0,1,0,0
-0.7187500000000061,-0.08695652173914978,-0.7958115183246073,0.6544117647058825,0.6727272727272727,0,1,0,0
-0.5625000000000056,-0.21739130434782503,-0.43455497382198954,0.29411764705882365,0.8181818181818182,0,1,0,0
-1.1875000000000078,-1.217391304347825,-0.7068062827225131,0.6911764705882355,-0.8818181818181818,0,0,1,0
0.0,-0.2608695652173999,-0.2774869109947644,0.0,-0.06363636363636363,0,1,0,0
-0.6562500000000094,-1.1304347826087,-0.39790575916230364,0.36764705882352955,-0.10909090909090909,0,0,1,0
-0.06250000000001443,-0.39130434782609985,0.29842931937172773,-0.0882352941176473,0.6636363636363637,0,1,0,0
-0.5625000000000056,-0.43478260869565005,2.099476439790576,-1.455882352941177,0.3,0,1,0,0
-0.031250000000007216,0.17391304347825012,-0.47643979057591623,0.9044117647058825,0.3181818181818182,0,1,0,0
0.7187499999999883,0.08695652173912506,-0.6544502617801047,1.0441176470588236,0.5272727272727272,0,0,1,1
-0.7187500000000061,-1.0,-0.5602094240837696,0.17647058823529407,-0.7636363636363637,0,1,0,0
0.43749999999999445,-0.13043478260869995,0.24083769633507854,-0.11764705882352956,-0.23636363636363636,0,1,0,0
0.12499999999999334,0.17391304347825012,5.9162303664921465,-2.0514705882352953,-0.8181818181818182,0,1,0,1
0.6874999999999989,0.8260869565217251,-0.5497382198952879,0.2352941176470586,0.5818181818181818,0,1,0,0
-0.1250000000000111,0.04347826086955017,-0.3298429319371728,0.19852941176470565,-0.7,0,0,1,0
-0.8750000000000067,-0.8260869565217499,-0.5602094240837696,0.9264705882352946,0.9545454545454546,0,1,0,1
0.12499999999999334,-0.21739130434782503,-0.5916230366492147,0.6102941176470589,0.7909090909090909,0,1,0,0
-0.8750000000000067,-0.8260869565217499,2.0575916230366493,-1.1544117647058831,-0.5454545454545454,0,1,0,0
0.8437499999999994,0.21739130434782503,-0.17277486910994763,0.07352941176470591,0.8909090909090909,0,1,0,0
0.34374999999999056,0.2608695652173752,0.1256544502617801,0.07352941176470591,-0.4909090909090909,0,0,1,0
-0.37500000000001554,-0.13043478260869995,1.743455497382199,-1.2720588235294124,-0.8090909090909091,0,0,1,0
0.7812500000000028,0.17391304347825012,0.20418848167539266,-0.014705882352941391,0.7,0,0,1,0
0.031249999999989453,0.7391304347826001,1.2827225130890052,-0.8529411764705886,0.7,0,0,1,0
-0.5625000000000056,-0.782608695652175,-0.6492146596858639,0.5808823529411766,0.6727272727272727,0,0,1,0
0.3125000000000011,0.3043478260869501,0.09424083769633508,0.06617647058823521,-0.07272727272727272,0,1,0,0
-1.093750000000004,-1.086956521739125,0.8795811518324608,-0.8308823529411768,0.00909090909090909,0,1,0,0
0.9062499999999961,0.39130434782607515,-0.7539267015706806,0.3014705882352943,0.07272727272727272,0,1,0,1
-1.1562500000000184,-1.1304347826087,-0.5235602094240838,0.9338235294117648,-0.11818181818181818,1,0,0,0
-0.031250000000007216,0.17391304347825012,0.5392670157068062,-0.48529411764705915,0.2545454545454545,0,1,0,0
-0.406250000000005,0.21739130434782503,1.5706806282722514,-1.080882352941177,0.9272727272727272,0,1,0,0
-0.5312500000000161,-1.0,0.5968586387434555,-0.6250000000000002,0.6,0,0,1,0
0.06249999999999667,0.521739130434775,0.015706806282722512,0.04411764705882365,-0.08181818181818182,0,0,1,0
-0.5625000000000056,-0.34782608695652495,-0.6649214659685864,1.2426470588235299,0.8272727272727273,0,0,1,0
-0.37500000000001554,-0.39130434782609985,-0.6492146596858639,0.7794117647058828,-0.00909090909090909,1,0,0,0
0.7187499999999883,0.0,-0.6492146596858639,0.6470588235294118,0.0,0,0,1,1
0.3125000000000011,-0.21739130434782503,-0.010471204188481676,-0.29411764705882365,0.44545454545454544,0,1,0,0
0.4999999999999911,0.2608695652173752,0.1518324607329843,-0.02205882352941209,-0.13636363636363635,0,1,0,0
-0.15625000000000056,0.21739130434782503,0.680628272251309,-0.4338235294117648,0.4,0,0,1,0
0.06249999999999667,0.6956521739130253,2.5445026178010473,-1.3088235294117654,0.12727272727272726,0,1,0,0
-0.7500000000000133,-0.4782608695652249,0.6963350785340314,-0.7647058823529417,-0.6818181818181818,0,0,1,0
1.18749999999999,1.1304347826086751,1.4973821989528795,-1.1544117647058831,0.509090909090909,0,1,0,0
0.7187499999999883,0.04347826086955017,-0.5392670157068062,1.0000000000000004,0.6181818181818182,0,1,0,0
-0.9687500000000105,-0.9565217391304498,0.4816753926701571,-0.6176470588235299,0.5727272727272728,0,1,0,0
0.09374999999998612,-0.17391304347827483,0.9528795811518325,-0.5735294117647064,0.5454545454545454,0,0,1,0
0.593749999999995,0.13043478260867525,0.33507853403141363,-0.2720588235294121,0.06363636363636363,0,0,1,0
0.6874999999999989,0.6956521739130253,0.03664921465968586,-0.10294117647058817,0.3090909090909091,0,1,0,0
-0.06250000000001443,-0.21739130434782503,-0.07329842931937172,0.11764705882352956,-0.4636363636363636,0,0,1,0
-0.3125000000000011,-0.08695652173914978,0.43455497382198954,-0.2573529411764707,0.9818181818181818,0,1,0,0
0.031249999999989453,0.04347826086955017,-0.387434554973822,0.2720588235294116,-0.4818181818181818,0,0,1,0
-0.5000000000000089,-0.4782608695652249,1.2460732984293195,-0.8897058823529417,-0.7818181818181819,0,0,1,0
0.593749999999995,0.21739130434782503,-0.581151832460733,1.5000000000000004,-0.8818181818181818,0,0,1,0
1.0312499999999893,1.17391304347825,0.6230366492146597,-0.36764705882352955,0.0,0,0,1,0
0.40624999999998723,0.17391304347825012,0.31413612565445026,-0.014705882352941391,-0.21818181818181817,0,0,1,0
0.40624999999998723,0.13043478260867525,-0.3507853403141361,0.7058823529411768,0.00909090909090909,0,1,0,0
-0.6250000000000022,-1.0,-0.4712041884816754,1.0294117647058827,0.05454545454545454,0,1,0,0
0.43749999999999445,0.3043478260869501,-0.1518324607329843,-0.10294117647058817,-0.44545454545454544,1,0,0,0
-0.28125000000001166,0.17391304347825012,1.057591623036649,-0.7794117647058828,-0.10909090909090909,0,1,0,0
0.031249999999989453,-0.13043478260869995,0.28272251308900526,-0.4632352941176476,-0.8,0,1,0,0
-1.218750000000015,-1.217391304347825,-0.27225130890052357,0.19852941176470565,-0.8727272727272727,0,0,1,0
0.43749999999999445,0.21739130434782503,0.7068062827225131,-0.6029411764705886,0.2727272727272727,0,0,1,0
0.4999999999999911,0.521739130434775,0.42408376963350786,-0.095588235294118,0.22727272727272727,0,1,0,0
0.6562499999999917,0.21739130434782503,-0.774869109947644,0.8382352941176473,0.17272727272727273,0,0,1,1
-0.9375000000000033,-1.0,-0.31413612565445026,0.27941176470588225,0.2727272727272727,0,0,1,0
0.09374999999998612,0.6086956521739002,1.293193717277487,-0.9411764705882357,0.08181818181818182,0,0,1,0
-0.5937500000000128,-0.8260869565217499,-0.13089005235602094,0.7352941176470591,0.5363636363636364,0,1,0,0
0.7187499999999883,0.39130434782607515,3.7068062827225132,-1.8161764705882362,0.8727272727272727,0,1,0,0
0.18749999999999,0.3043478260869501,-0.08900523560209424,0.08088235294117661,-0.32727272727272727,0,0,1,0
0.40624999999998723,0.17391304347825012,0.17277486910994763,-0.014705882352941391,0.8545454545454545,1,0,0,0
-0.8437500000000172,-0.7391304347826249,-0.837696335078534,-0.007352941176470696,-0.41818181818181815,0,1,0,0
-1.093750000000004,-1.1304347826087,-0.33507853403141363,0.39705882352941185,0.8363636363636363,0,1,0,0
0.6562499999999917,0.7391304347826001,0.6020942408376964,-0.3014705882352943,0.4636363636363636,0,1,0,0
-0.6875000000000167,-1.1304347826087,0.518324607329843,-0.13235294117647095,-0.7818181818181819,0,1,0,0
1.3437499999999905,1.5217391304347752,0.34554973821989526,-0.12500000000000025,-0.8727272727272727,0,1,0,0
-0.1250000000000111,-0.39130434782609985,0.9842931937172775,-0.9117647058823535,0.8727272727272727,1,0,0,0
-0.25000000000000444,-0.43478260869565005,0.14659685863874344,-0.16176470588235323,0.18181818181818182,0,1,0,0
-0.18750000000000777,-0.34782608695652495,0.10471204188481675,0.10294117647058817,0.6727272727272727,0,1,0,0
-0.09375000000000389,-0.21739130434782503,-0.8219895287958116,0.9632352941176475,-0.10909090909090909,0,0,1,0
-1.1875000000000078,-1.30434782608695,-0.4397905759162304,0.6250000000000002,0.3181818181818182,0,1,0,0
-0.218750000000015,-0.39130434782609985,0.25654450261780104,-0.19852941176470618,-0.6363636363636364,0,1,0,0
-0.3437500000000083,0.08695652173912506,0.6910994764397905,-0.4117647058823532,0.5545454545454546,0,0,1,0
0.6874999999999989,0.39130434782607515,0.39267015706806285,-0.48529411764705915,0.4636363636363636,0,0,1,0
-0.031250000000007216,-0.08695652173914978,0.020942408376963352,0.09558823529411747,-0.3,0,1,0,0
-0.28125000000001166,-0.6956521739130499,0.06282722513089005,-0.02205882352941209,0.3090909090909091,0,1,0,0
0.12499999999999334,0.7826086956521503,-0.3717277486910995,0.22058823529411775,-0.8272727272727273,0,1,0,0
1.312500000000001,1.4347826086956252,-0.1099476439790576,0.2720588235294116,-0.6,0,0,1,0
-0.7812500000000028,-0.782608695652175,-0.18848167539267016,-0.25,-0.35454545454545455,0,0,1,0
0.09374999999998612,0.5652173913043252,-1.0157068062827226,1.132352941176471,-0.32727272727272727,0,1,0,0
0.34374999999999056,-0.08695652173914978,2.518324607329843,-1.5000000000000009,0.5636363636363636,0,1,0,0
1.1562500000000007,1.17391304347825,-0.31413612565445026,0.04411764705882365,0.34545454545454546,0,1,0,0
1.093750000000004,0.9565217391304252,3.481675392670157,-1.6470588235294126,1.018181818181818,0,1,0,0
0.0,0.5652173913043252,0.07853403141361257,0.5,-0.18181818181818182,1,0,0,0
1.18749999999999,1.2608695652173751,0.612565445026178,-0.2573529411764707,-0.24545454545454545,0,0,1,0
-0.3437500000000083,-0.652173913043475,-0.387434554973822,-0.17647058823529407,0.17272727272727273,0,1,0,0
0.7812500000000028,0.7391304347826001,0.6492146596858639,-0.6102941176470591,-0.7636363636363637,0,1,0,0
-0.031250000000007216,-0.2608695652173999,-0.4083769633507853,0.051470588235293824,0.6454545454545455,0,0,1,0
-0.8437500000000172,-0.43478260869565005,-0.13089005235602094,0.7132352941176471,0.39090909090909093,0,1,0,0
-0.031250000000007216,0.13043478260867525,0.010471204188481676,0.35294117647058815,0.23636363636363636,0,1,0,0
0.21874999999999722,0.13043478260867525,-1.12565445026178,1.7573529411764712,-0.9454545454545454,0,0,1,0
0.15625000000000056,0.04347826086955017,-0.13089005235602094,0.0,-0.9272727272727272,0,0,1,0
0.3125000000000011,0.04347826086955017,-0.03664921465968586,0.2426470588235293,-0.4818181818181818,0,1,0,0
-0.031250000000007216,0.0,1.1047120418848169,-0.8382352941176475,-0.4727272727272727,1,0,0,0
-0.6875000000000167,-1.043478260869575,0.6020942408376964,-0.30882352941176505,-0.13636363636363635,1,0,0,0
-0.5000000000000089,-0.17391304347827483,0.10471204188481675,0.3308823529411766,-0.21818181818181817,0,0,1,0
-1.0625000000000144,-0.9565217391304498,1.942408376963351,-1.3823529411764712,0.20909090909090908,0,0,1,0
1.1562500000000007,1.086956521739125,0.387434554973822,0.08823529411764679,0.24545454545454545,0,1,0,0
0.031249999999989453,-0.13043478260869995,-0.08376963350785341,-0.06617647058823521,0.13636363636363635,0,0,1,0
-0.37500000000001554,0.13043478260867525,1.2356020942408377,-1.0147058823529416,-0.7,0,1,0,0
-1.218750000000015,-1.30434782608695,-0.3089005235602094,0.48529411764705915,0.7909090909090909,0,1,0,0
-0.8750000000000067,-0.6086956521739249,-0.05759162303664921,0.2573529411764707,0.7454545454545455,0,1,0,0
-0.46875000000000167,-0.3043478260869748,1.418848167539267,-0.9264705882352946,0.42727272727272725,0,0,1,0
0.7812500000000028,0.8695652173913001,-0.020942408376963352,-0.3750000000000003,0.9818181818181818,0,1,0,0
-1.406250000000005,-1.69565217391305,0.5706806282722513,-0.6544117647058828,0.21818181818181817,0,1,0,0
-0.15625000000000056,0.39130434782607515,0.2670157068062827,-0.2794117647058828,-0.4090909090909091,0,1,0,0
-0.031250000000007216,-0.34782608695652495,-0.7277486910994765,0.08088235294117661,-0.02727272727272727,0,1,0,0
-0.37500000000001554,0.0,-0.5706806282722513,0.19117647058823548,0.6545454545454545,0,1,0,0
0.031249999999989453,0.6086956521739002,-0.015706806282722512,0.051470588235293824,-0.8181818181818182,0,1,0,0
0.7187499999999883,0.7826086956521503,-0.9947643979057592,1.1470588235294124,-0.045454545454545456,0,0,1,0
-0.81250000000001,-0.6956521739130499,-0.29842931937172773,0.13235294117647042,-0.6818181818181818,0,1,0,0
1.1249999999999933,1.086956521739125,-0.5602094240837696,0.29411764705882365,0.2636363636363636,0,1,0,0
-0.6250000000000022,-0.652173913043475,-0.7801047120418848,1.0147058823529413,0.9090909090909091,0,1,0,1
0.12499999999999334,-0.21739130434782503,1.3455497382198953,-0.6985294117647062,0.9636363636363636,0,1,0,0
0.40624999999998723,0.21739130434782503,0.24607329842931938,-0.24264705882352983,0.4727272727272727,0,1,0,0
0.7187499999999883,0.39130434782607515,-0.14659685863874344,0.573529411764706,-0.2545454545454545,0,1,0,0
-0.18750000000000777,-0.04347826086957489,0.47643979057591623,-0.36764705882352955,-0.4818181818181818,0,1,0,0
0.21874999999999722,0.8260869565217251,-0.13612565445026178,-0.20588235294117688,0.5181818181818182,0,1,0,0
1.1249999999999933,0.9999999999999752,-0.1518324607329843,-0.095588235294118,0.2909090909090909,0,0,1,0
0.4999999999999911,0.4782608695652002,0.09424083769633508,-0.25,0.20909090909090908,0,1,0,0
0.15625000000000056,0.2608695652173752,-0.3298429319371728,0.9117647058823533,0.8454545454545455,0,1,0,0
1.0312499999999893,0.652173913043475,0.3193717277486911,0.13235294117647042,0.2727272727272727,0,1,0,0
-0.9062500000000139,-0.652173913043475,-0.7172774869109948,0.7573529411764707,-0.3,0,1,0,0
-0.031250000000007216,0.6086956521739002,0.5130890052356021,-0.23529411764705913,-0.6545454545454545,0,1,0,0
0.6874999999999989,0.6086956521739002,-0.9790575916230366,0.5220588235294121,-0.9363636363636364,0,0,1,0
-0.6562500000000094,-0.9565217391304498,-0.450261780104712,0.8014705882352944,0.2727272727272727,0,0,1,0
0.593749999999995,0.17391304347825012,1.675392670157068,-1.1029411764705888,-0.18181818181818182,0,0,1,0
-0.3437500000000083,0.0,-0.3717277486910995,0.7279411764705884,-0.5636363636363636,1,0,0,0
-0.5625000000000056,-1.043478260869575,0.518324607329843,-0.4926470588235298,-0.00909090909090909,0,0,1,0
-0.9375000000000033,-0.9565217391304498,0.5549738219895288,-0.0882352941176473,0.5363636363636364,0,0,1,0
0.2812499999999939,0.652173913043475,-0.3298429319371728,0.2352941176470586,0.21818181818181817,0,1,0,0
1.1562500000000007,1.2608695652173751,1.4973821989528795,-1.2205882352941182,0.9818181818181818,0,0,1,0
0.3749999999999978,0.21739130434782503,-0.3507853403141361,0.3014705882352943,-0.2818181818181818,0,1,0,0
0.7187499999999883,0.21739130434782503,-0.3036649214659686,0.01470588235294087,0.5,0,1,0,0
-0.5937500000000128,-0.6086956521739249,-0.4973821989528796,-0.007352941176470696,-0.8909090909090909,0,1,0,0
0.18749999999999,0.08695652173912506,-0.7015706806282722,0.7794117647058828,-0.8636363636363636,1,0,0,0
0.21874999999999722,0.3043478260869501,-0.4607329842931937,0.3235294117647059,-0.18181818181818182,0,0,1,0
-0.3125000000000011,0.0,-0.45549738219895286,0.08088235294117661,0.7090909090909091,0,1,0,0
0.6874999999999989,0.39130434782607515,0.12041884816753927,-0.17647058823529407,0.5818181818181818,0,0,1,0
0.0,0.0,0.34554973821989526,0.25,-0.8181818181818182,0,1,0,0
-0.25000000000000444,-0.43478260869565005,-0.6649214659685864,0.48529411764705915,-0.5272727272727272,0,0,1,0
-0.09375000000000389,0.13043478260867525,1.0209424083769634,-0.8676470588235299,-0.03636363636363636,0,1,0,0
-0.5312500000000161,-0.8695652173913001,0.4973821989528796,-0.5441176470588237,-0.11818181818181818,0,1,0,0
0.09374999999998612,-0.17391304347827483,0.9214659685863874,-0.7352941176470591,0.2636363636363636,0,1,0,0
-0.406250000000005,-0.13043478260869995,-0.2198952879581152,-0.05147058823529435,0.3090909090909091,0,1,0,0
0.40624999999998723,0.2608695652173752,-0.7068062827225131,1.7352941176470598,-0.13636363636363635,0,0,1,1
-0.6562500000000094,-0.8260869565217499,-0.8115183246073299,1.3750000000000002,0.8636363636363636,0,1,0,1
0.031249999999989453,-0.17391304347827483,1.4031413612565444,-0.9558823529411768,-0.02727272727272727,0,1,0,0
-0.9687500000000105,-1.0,0.9424083769633508,-0.5735294117647064,0.8181818181818182,0,1,0,0
-0.18750000000000777,-0.34782608695652495,-0.6335078534031413,1.5367647058823535,0.3,0,1,0,0
0.8124999999999922,0.9130434782608502,-0.2931937172774869,0.5441176470588237,0.5363636363636364,0,1,0,0
-0.46875000000000167,0.0,-0.3089005235602094,0.5882352941176473,-0.6181818181818182,0,0,1,0
0.15625000000000056,-0.04347826086957489,-0.13089005235602094,-0.2794117647058828,-0.10909090909090909,0,0,1,0
-0.218750000000015,-0.43478260869565005,-0.2198952879581152,0.6250000000000002,-0.33636363636363636,0,0,1,0
-0.25000000000000444,-0.34782608695652495,-0.9319371727748691,1.6102941176470593,-0.5454545454545454,0,1,0,0
0.031249999999989453,0.04347826086955017,0.6544502617801047,-0.720588235294118,-0.7272727272727273,0,0,1,0
0.5624999999999878,0.43478260869565005,-0.2879581151832461,0.45588235294117635,-0.8454545454545455,0,1,0,0
1.0312499999999893,0.6956521739130253,-1.0890052356020943,0.823529411764706,-0.509090909090909,0,1,0,1
0.15625000000000056,0.3043478260869501,0.15706806282722513,-0.11764705882352956,0.09090909090909091,0,1,0,0
0.24999999999998668,0.13043478260867525,0.21465968586387435,-0.3014705882352943,0.37272727272727274,0,1,0,0
0.031249999999989453,-0.2608695652173999,-0.450261780104712,0.07352941176470591,0.2,0,1,0,0
-0.5937500000000128,-0.56521739130435,-0.7801047120418848,1.5294117647058827,-0.6818181818181818,0,1,0,0
0.0,-0.21739130434782503,0.6230366492146597,-0.29411764705882365,-0.5818181818181818,0,0,1,0
-0.5937500000000128,-0.17391304347827483,0.4293193717277487,-0.19852941176470618,0.1,0,1,0,0
-0.25000000000000444,-0.652173913043475,-0.34554973821989526,0.5882352941176473,-0.36363636363636365,0,1,0,0
-0.6562500000000094,-1.043478260869575,-0.08376963350785341,0.08823529411764679,0.4818181818181818,0,0,1,0
1.093750000000004,0.9565217391304252,0.5916230366492147,-0.7941176470588239,1.0818181818181818,0,1,0,0
-0.7812500000000028,-0.7391304347826249,-0.7853403141361257,1.2794117647058827,-0.17272727272727273,0,1,0,0
-0.25000000000000444,-0.43478260869565005,0.5078534031413613,-0.3529411764705887,-0.5,0,0,1,0
1.0312499999999893,1.17391304347825,0.12041884816753927,-0.683823529411765,-0.6363636363636364,0,0,1,0
0.4999999999999911,-0.08695652173914978,-0.24083769633507854,-0.06617647058823521,0.7727272727272727,0,0,1,0
0.8437499999999994,0.9565217391304252,0.005235602094240838,0.01470588235294087,0.8818181818181818,0,1,0,0
0.09374999999998612,-0.13043478260869995,0.24083769633507854,-0.0882352941176473,0.39090909090909093,0,1,0,0
0.18749999999999,0.9999999999999752,-0.17277486910994763,-0.11029411764705888,-0.4636363636363636,0,1,0,0
0.593749999999995,0.13043478260867525,0.5497382198952879,-0.5147058823529413,-0.09090909090909091,0,0,1,0
-0.5000000000000089,0.0,1.6020942408376964,-0.8235294117647064,-0.7909090909090909,0,1,0,0
-0.218750000000015,0.3043478260869501,0.4293193717277487,-0.6397058823529417,0.38181818181818183,1,0,0,0
-0.5000000000000089,0.04347826086955017,0.9057591623036649,-0.5441176470588237,-0.8090909090909091,0,1,0,0
-0.5312500000000161,-0.39130434782609985,0.9895287958115183,-0.757352941176471,0.2727272727272727,0,1,0,0
0.43749999999999445,0.17391304347825012,2.2198952879581153,-1.3014705882352948,0.38181818181818183,0,1,0,0
0.8749999999999889,0.9565217391304252,-0.450261780104712,0.632352941176471,-0.7363636363636363,1,0,0,0
-0.28125000000001166,0.13043478260867525,-0.16230366492146597,0.2352941176470586,-0.6818181818181818,0,1,0,0
0.5312499999999983,0.4782608695652002,1.6701570680628273,-1.0220588235294124,0.8818181818181818,0,1,0,0
-0.6250000000000022,-0.8260869565217499,0.7905759162303665,-0.5882352941176473,-0.7454545454545455,0,1,0,0
0.24999999999998668,0.4782608695652002,-0.7853403141361257,1.4926470588235299,0.2909090909090909,0,1,0,0
0.15625000000000056,-0.3043478260869748,-0.3717277486910995,0.3014705882352943,-0.20909090909090908,0,0,1,0
-0.5937500000000128,-0.4782608695652249,0.5130890052356021,-0.3161764705882357,-0.5818181818181818,0,1,0,0
0.46875000000000167,0.21739130434782503,-0.3769633507853403,-0.19117647058823548,0.2727272727272727,0,1,0,0
0.06249999999999667,0.04347826086955017,-0.05759162303664921,0.8970588235294118,-0.9545454545454546,0,1,0,0
0.8124999999999922,0.3043478260869501,-1.193717277486911,1.095588235294118,-0.7454545454545455,1,0,0,1
0.8749999999999889,0.43478260869565005,2.2146596858638743,-1.3455882352941182,-0.44545454545454544,0,0,1,0
-0.8437500000000172,-0.56521739130435,-0.15706806282722513,0.4485294117647062,0.5454545454545454,0,1,0,0
-0.8437500000000172,-0.782608695652175,-0.005235602094240838,0.2573529411764707,0.5636363636363636,1,0,0,0
0.2812499999999939,0.17391304347825012,-0.9738219895287958,0.7941176470588237,-0.2909090909090909,0,1,0,0
0.9375000000000033,0.4782608695652002,-0.2670157068062827,0.9411764705882355,-0.8727272727272727,0,1,0,0
-0.5625000000000056,-0.34782608695652495,-0.8691099476439791,1.1764705882352946,0.9,0,1,0,1
-0.406250000000005,-0.21739130434782503,2.094240837696335,-1.3088235294117654,0.34545454545454546,0,1,0,0
0.6562499999999917,0.43478260869565005,1.1780104712041886,-0.4485294117647062,0.6545454545454545,0,0,1,0
1.1249999999999933,1.1304347826086751,0.3612565445026178,-0.21323529411764705,0.7727272727272727,0,1,0,0
-0.8750000000000067,-0.652173913043475,-1.0785340314136125,0.4264705882352941,0.7,0,1,0,0
0.6250000000000022,0.6086956521739002,-0.3089005235602094,0.35294117647058815,-0.09090909090909091,0,1,0,0
-0.81250000000001,-0.2608695652173999,0.8638743455497382,-0.8970588235294124,1.209090909090909,1,0,0,0
-0.7812500000000028,-0.4782608695652249,-0.7801047120418848,1.1397058823529416,-0.5545454545454546,1,0,0,0
-0.5000000000000089,-0.3043478260869748,-0.450261780104712,0.08088235294117661,0.43636363636363634,1,0,0,0
0.8437499999999994,0.43478260869565005,0.24607329842931938,-0.5735294117647064,-0.2818181818181818,0,1,0,0
0.3125000000000011,0.0,0.3193717277486911,-0.24264705882352983,-0.9090909090909091,0,1,0,0
0.15625000000000056,0.9565217391304252,0.1518324607329843,-0.21323529411764705,-0.4818181818181818,0,1,0,0
-1.1875000000000078,-1.1739130434782747,-0.16230366492146597,-0.014705882352941391,-0.509090909090909,0,1,0,0
-0.37500000000001554,-0.17391304347827483,-0.5026178010471204,0.13235294117647042,0.9090909090909091,0,1,0,0
0.4999999999999911,0.0,-0.21465968586387435,-0.13235294117647095,-0.5272727272727272,1,0,0,0
-0.7500000000000133,-0.39130434782609985,-0.5863874345549738,0.3235294117647059,0.4727272727272727,0,1,0,0
0.21874999999999722,0.21739130434782503,-0.5287958115183246,1.0000000000000004,-0.12727272727272726,0,1,0,0
-0.5312500000000161,-0.8260869565217499,0.5287958115183246,-0.38235294117647095,-0.8727272727272727,0,1,0,0
1.0,0.521739130434775,-0.49214659685863876,0.8602941176470589,-0.8272727272727273,0,1,0,0
-1.2812500000000118,-1.5217391304347752,-0.581151832460733,0.823529411764706,0.15454545454545454,0,0,1,0
-0.1250000000000111,-0.43478260869565005,-0.14659685863874344,-0.007352941176470696,0.14545454545454545,0,1,0,0
0.7187499999999883,0.04347826086955017,-0.09424083769633508,0.4264705882352941,-0.5181818181818182,0,0,1,0
-0.8437500000000172,-0.3043478260869748,-1.0837696335078535,0.8970588235294118,-0.1,0,1,0,0
-0.09375000000000389,0.3043478260869501,-0.2094240837696335,0.25,0.44545454545454544,0,0,1,0
0.21874999999999722,0.17391304347825012,-0.3612565445026178,0.3235294117647059,-0.16363636363636364,0,1,0,0
0.6874999999999989,0.04347826086955017,-0.31413612565445026,1.0661764705882357,0.11818181818181818,1,0,0,0
0.06249999999999667,0.6086956521739002,0.837696335078534,-0.4779411764705884,-0.6272727272727273,0,1,0,0
0.031249999999989453,-0.43478260869565005,-0.1256544502617801,0.5073529411764707,-0.7727272727272727,0,1,0,0
0.06249999999999667,0.652173913043475,0.29842931937172773,-0.17647058823529407,0.0,0,1,0,0
-0.218750000000015,0.3043478260869501,0.6230366492146597,-0.4779411764705884,1.0,0,1,0,0
0.5312499999999983,0.4782608695652002,-0.450261780104712,1.1617647058823533,0.44545454545454544,0,1,0,0
1.0624999999999967,0.7826086956521503,0.32460732984293195,-0.0882352941176473,-0.8636363636363636,0,1,0,0
-0.406250000000005,0.0,0.33507853403141363,-0.24264705882352983,0.8181818181818182,1,0,0,0
0.06249999999999667,-0.21739130434782503,0.4712041884816754,-0.14705882352941183,0.3,0,1,0,0
0.24999999999998668,0.13043478260867525,-0.3036649214659686,0.11764705882352956,0.6636363636363637,0,1,0,0
0.8749999999999889,0.9999999999999752,2.7591623036649215,-1.5441176470588243,0.7727272727272727,0,1,0,0
-0.46875000000000167,-0.3043478260869748,-0.6701570680628273,1.1250000000000002,0.34545454545454546,0,1,0,0
-0.5937500000000128,-1.0,0.3769633507853403,-0.3750000000000003,0.2727272727272727,0,1,0,0
-0.3125000000000011,-0.6956521739130499,0.7539267015706806,-0.3750000000000003,-0.3,0,1,0,0
0.8124999999999922,0.17391304347825012,-0.5497382198952879,0.5294117647058822,-0.33636363636363636,0,0,1,0
0.8437499999999994,0.21739130434782503,0.8743455497382199,-0.808823529411765,-0.9545454545454546,0,1,0,0
0.15625000000000056,0.17391304347825012,-0.17277486910994763,-0.17647058823529407,-0.08181818181818182,0,1,0,0
1.0312499999999893,0.652173913043475,-0.28272251308900526,0.11764705882352956,0.22727272727272727,0,1,0,0
-1.4687500000000195,-1.82608695652175,0.07853403141361257,0.036764705882352956,0.6454545454545455,0,0,1,0
0.15625000000000056,0.13043478260867525,-0.5026178010471204,0.808823529411765,0.45454545454545453,0,0,1,0
0.24999999999998668,-0.08695652173914978,-0.19895287958115182,0.20588235294117635,0.9272727272727272,0,0,1,0
0.7187499999999883,0.521739130434775,-1.0,1.5735294117647065,-0.2,0,0,1,0
-0.7812500000000028,-0.6086956521739249,-0.14136125654450263,-0.08088235294117661,-0.5727272727272728,0,1,0,0
0.12499999999999334,0.8260869565217251,-0.2198952879581152,-0.14705882352941183,-0.6181818181818182,0,1,0,0
0.43749999999999445,0.21739130434782503,0.09947643979057591,0.06617647058823521,0.06363636363636363,0,1,0,0
-1.0000000000000178,-1.086956521739125,0.9528795811518325,-0.595588235294118,-0.8818181818181818,0,0,1,0
0.0,-0.34782608695652495,0.9528795811518325,-0.9558823529411768,0.8727272727272727,0,1,0,0
1.312500000000001,1.4782608695652002,-0.2670157068062827,0.10294117647058817,-0.8363636363636363,0,1,0,0
-0.406250000000005,-0.6956521739130499,0.03664921465968586,-0.10294117647058817,-0.37272727272727274,0,0,1,0
0.3125000000000011,-0.04347826086957489,0.05235602094240838,-0.15441176470588253,-0.8181818181818182,0,1,0,0
0.12499999999999334,0.652173913043475,0.13089005235602094,0.1691176470588234,0.509090909090909,0,1,0,0
0.7187499999999883,0.34782608695650025,-0.35602094240837695,0.1617647058823527,-0.21818181818181817,0,0,1,0
0.2812499999999939,0.39130434782607515,0.4083769633507853,-0.22794117647058842,0.18181818181818182,0,1,0,0
-1.5000000000000089,-1.8695652173913,0.450261780104712,-0.286764705882353,0.7,0,0,1,0
0.2812499999999939,0.9565217391304252,-0.07853403141361257,0.18382352941176477,0.0,0,1,0,0
0.6874999999999989,0.5652173913043252,1.7905759162303665,-1.3382352941176479,-0.7272727272727273,0,1,0,0
-0.37500000000001554,-0.6956521739130499,0.2931937172774869,-0.4264705882352946,0.17272727272727273,0,1,0,0
0.2812499999999939,-0.17391304347827483,-0.06282722513089005,0.20588235294117635,0.5272727272727272,0,1,0,0
0.34374999999999056,0.13043478260867525,-0.17277486910994763,0.286764705882353,0.05454545454545454,0,1,0,0
-0.5625000000000056,-0.04347826086957489,-0.4397905759162304,0.5147058823529413,-0.01818181818181818,1,0,0,0
0.15625000000000056,-0.21739130434782503,-0.4031413612565445,0.9926470588235299,-0.37272727272727274,0,1,0,0
-0.6250000000000022,-0.8695652173913001,-0.09947643979057591,0.022058823529411565,-0.43636363636363634,0,1,0,0
-0.6875000000000167,-0.652173913043475,1.3298429319371727,-0.9264705882352946,0.1,0,1,0,0
-0.1250000000000111,-0.4782608695652249,-0.19895287958115182,0.6544117647058825,0.4636363636363636,0,0,1,0
-0.4375000000000122,0.0,0.2879581151832461,-0.18382352941176477,-0.5727272727272728,0,1,0,0
0.9062499999999961,1.1304347826086751,0.2617801047120419,-0.3161764705882357,0.13636363636363635,0,0,1,0
0.06249999999999667,-0.21739130434782503,0.1099476439790576,-0.12500000000000025,-0.4818181818181818,0,0,1,0
-0.6875000000000167,-0.43478260869565005,0.4816753926701571,-0.595588235294118,-0.6818181818181818,0,1,0,0
-0.7500000000000133,-0.4782608695652249,0.8010471204188482,-0.5073529411764707,-0.7909090909090909,0,0,1,0
0.43749999999999445,0.17391304347825012,4.115183246073299,-1.7426470588235303,0.045454545454545456,0,1,0,0
-0.25000000000000444,-0.43478260869565005,-0.28272251308900526,0.573529411764706,0.21818181818181817,0,0,1,0
0.8437499999999994,0.9999999999999752,-0.4816753926701571,1.0073529411764708,1.2636363636363637,1,0,0,1
0.593749999999995,0.43478260869565005,0.6910994764397905,-0.3014705882352943,-0.7636363636363637,0,1,0,0
-0.37500000000001554,-0.6956521739130499,0.0,0.036764705882352956,0.34545454545454546,0,1,0,0
0.18749999999999,0.39130434782607515,0.2931937172774869,0.19852941176470565,0.12727272727272726,0,0,1,0
-0.5000000000000089,-0.17391304347827483,0.3036649214659686,-0.3529411764705887,0.9181818181818182,1,0,0,0
1.1249999999999933,1.04347826086955,-0.36649214659685864,0.9926470588235299,0.7090909090909091,0,1,0,0
0.4999999999999911,0.21739130434782503,0.9842931937172775,-0.9117647058823535,-0.01818181818181818,0,0,1,0
-0.37500000000001554,-0.04347826086957489,-0.8115183246073299,1.330882352941177,0.509090909090909,0,0,1,0
-0.3125000000000011,-0.3043478260869748,1.612565445026178,-1.1397058823529416,-0.2727272727272727,1,0,0,0
-1.093750000000004,-1.1739130434782747,-0.5968586387434555,0.19117647058823548,-0.5363636363636364,0,1,0,0
-0.3125000000000011,-0.5217391304347998,-0.3036649214659686,0.2426470588235293,0.8181818181818182,0,1,0,0
0.0,0.6086956521739002,0.8167539267015707,-0.6617647058823533,0.8727272727272727,0,1,0,0
0.12499999999999334,0.7826086956521503,-0.9424083769633508,1.308823529411765,0.43636363636363634,0,0,1,0
-0.37500000000001554,-0.7391304347826249,-1.057591623036649,0.808823529411765,0.2818181818181818,0,1,0,0
-0.28125000000001166,0.13043478260867525,-0.005235602094240838,-0.02205882352941209,-0.6636363636363637,0,0,1,0
0.18749999999999,-0.34782608695652495,0.4031413612565445,-0.13235294117647095,-0.045454545454545456,0,1,0,0
1.2187499999999971,1.3478260869565002,-0.34554973821989526,1.0147058823529413,-0.9090909090909091,0,0,1,0
0.7187499999999883,0.43478260869565005,1.1413612565445026,-0.7352941176470591,0.9363636363636364,0,0,1,0
0.18749999999999,0.3043478260869501,1.3141361256544504,-0.9117647058823535,-0.20909090909090908,0,1,0,0
0.5312499999999983,-0.21739130434782503,-0.31413612565445026,0.19117647058823548,1.1272727272727272,0,1,0,0
-1.406250000000005,-1.69565217391305,0.7696335078534031,-0.8750000000000006,-0.6545454545454545,0,1,0,0
-0.5000000000000089,-0.21739130434782503,0.41361256544502617,0.01470588235294087,-0.03636363636363636,0,1,0,0
0.18749999999999,0.0,-0.7958115183246073,0.5,0.5272727272727272,0,1,0,0
0.21874999999999722,0.2608695652173752,0.3612565445026178,-0.286764705882353,0.5454545454545454,0,0,1,0
-0.6875000000000167,-1.1304347826087,1.9738219895287958,-1.2352941176470593,0.35454545454545455,1,0,0,0
1.2500000000000044,1.3478260869565002,-0.47643979057591623,0.5441176470588237,0.39090909090909093,0,1,0,0
-0.6875000000000167,-0.6086956521739249,0.2198952879581152,-0.30882352941176505,0.11818181818181818,1,0,0,0
-0.7187500000000061,-1.0,-1.0104712041884816,1.308823529411765,-0.33636363636363636,0,0,1,0
0.2812499999999939,0.21739130434782503,-0.225130890052356,0.9926470588235299,-0.3,0,0,1,0
-0.6562500000000094,-1.086956521739125,0.4712041884816754,-0.5808823529411766,0.1,1,0,0,0
0.09374999999998612,0.652173913043475,-0.8952879581151832,1.0661764705882357,0.03636363636363636,0,1,0,0
0.34374999999999056,0.34782608695650025,1.544502617801047,-1.3088235294117654,-0.43636363636363634,1,0,0,0
-0.3437500000000083,-0.5217391304347998,-0.28272251308900526,-0.036764705882352956,-0.01818181818181818,0,0,1,0
-0.6562500000000094,-0.6956521739130499,-0.2198952879581152,0.5808823529411766,-0.35454545454545455,0,1,0,0
-0.6250000000000022,-0.652173913043475,-0.4083769633507853,0.13235294117647042,-0.8727272727272727,0,0,1,0
-0.37500000000001554,0.0,-0.3193717277486911,0.20588235294117635,0.41818181818181815,0,0,1,0
0.21874999999999722,0.4782608695652002,0.46596858638743455,-0.5294117647058828,-0.22727272727272727,0,0,1,0
-0.81250000000001,-0.7391304347826249,1.5183246073298429,-1.191176470588236,-0.7181818181818181,1,0,0,0
0.5624999999999878,0.39130434782607515,-0.18848167539267016,0.5882352941176473,-0.5818181818181818,0,0,1,0
-0.406250000000005,0.04347826086955017,-0.2513089005235602,0.35294117647058815,0.0,1,0,0,0
-1.406250000000005,-1.69565217391305,-0.9109947643979057,1.1176470588235297,0.2545454545454545,1,0,0,0
0.2812499999999939,0.6086956521739002,-0.3089005235602094,-0.02205882352941209,0.8181818181818182,0,1,0,0
-0.4375000000000122,-0.13043478260869995,-0.010471204188481676,0.3382352941176473,-0.5363636363636364,0,0,1,0
0.7499999999999956,0.13043478260867525,-0.806282722513089,1.1029411764705888,0.7272727272727273,0,1,0,1
0.5624999999999878,0.43478260869565005,0.5340314136125655,-0.007352941176470696,0.6545454545454545,0,0,1,0
0.031249999999989453,-0.2608695652173999,-0.2356020942408377,0.5,-0.7636363636363637,0,0,1,0
0.6250000000000022,0.521739130434775,-0.2617801047120419,0.36764705882352955,0.6090909090909091,0,0,1,0
0.3749999999999978,-0.04347826086957489,0.24607329842931938,0.10294117647058817,0.8181818181818182,0,1,0,0
0.7187499999999883,0.0,-0.5340314136125655,0.6397058823529411,0.6363636363636364,0,1,0,0
-0.9375000000000033,-0.782608695652175,1.4136125654450262,-1.1985294117647065,0.5636363636363636,0,1,0,0
0.6874999999999989,0.6086956521739002,-0.5654450261780105,1.0367647058823535,0.8272727272727273,0,1,0,0
0.9375000000000033,0.4782608695652002,-0.5706806282722513,0.38235294117647045,0.33636363636363636,0,1,0,0
-0.3437500000000083,-0.43478260869565005,-0.5706806282722513,0.36764705882352955,0.6545454545454545,0,1,0,0
0.2812499999999939,0.39130434782607515,0.2617801047120419,-0.3161764705882357,-0.7363636363636363,0,1,0,0
0.06249999999999667,0.6086956521739002,-0.6544502617801047,0.5441176470588237,-0.39090909090909093,0,1,0,0
-1.093750000000004,-1.1739130434782747,0.5916230366492147,-0.8897058823529417,0.6181818181818182,0,1,0,0
0.46875000000000167,-0.08695652173914978,-0.3298429319371728,0.2426470588235293,-0.06363636363636363,0,1,0,0
0.7499999999999956,0.13043478260867525,-0.387434554973822,0.22794117647058842,0.7636363636363637,0,0,1,0
-0.406250000000005,-0.652173913043475,-0.015706806282722512,-0.22058823529411775,0.9363636363636364,0,0,1,0
0.031249999999989453,0.6086956521739002,-0.05759162303664921,0.12499999999999974,0.19090909090909092,0,1,0,0
-0.218750000000015,-0.43478260869565005,1.3769633507853403,-1.1397058823529416,0.4636363636363636,0,1,0,0
0.7499999999999956,0.7826086956521503,-0.8167539267015707,1.0441176470588236,0.16363636363636364,0,0,1,0
-0.218750000000015,-0.4782608695652249,-0.6387434554973822,0.35294117647058815,-0.17272727272727273,0,0,1,0
0.40624999999998723,0.2608695652173752,0.3403141361256545,-0.3602941176470589,-0.7636363636363637,0,1,0,0
0.6562499999999917,0.521739130434775,0.8115183246073299,-0.6691176470588239,-0.9545454545454546,0,0,1,0
0.6562499999999917,0.652173913043475,-0.21465968586387435,0.7279411764705884,-0.509090909090909,0,1,0,0
-0.37500000000001554,0.04347826086955017,-0.49214659685863876,1.0808823529411766,0.3,0,1,0,0
-0.6250000000000022,-0.5217391304347998,-0.6020942408376964,0.9852941176470591,-0.21818181818181817,1,0,0,0
0.593749999999995,0.39130434782607515,0.675392670157068,-0.4338235294117648,-0.8090909090909091,0,1,0,0
-0.5625000000000056,-0.652173913043475,0.450261780104712,-0.22058823529411775,0.2727272727272727,0,0,1,0
-0.8437500000000172,-0.8260869565217499,0.15706806282722513,-0.19852941176470618,0.07272727272727272,0,1,0,0
0.21874999999999722,0.8260869565217251,-0.03664921465968586,-0.007352941176470696,0.6181818181818182,0,1,0,0
-0.81250000000001,-0.6086956521739249,-0.7905759162303665,0.9485294117647062,0.5818181818181818,0,0,1,0
0.15625000000000056,-0.2608695652173999,0.28272251308900526,-0.4632352941176476,-0.20909090909090908,0,0,1,0
-0.3437500000000083,0.0,0.6282722513089005,-0.5220588235294121,0.9363636363636364,0,1,0,0
0.21874999999999722,0.2608695652173752,0.680628272251309,-0.9044117647058828,-0.9727272727272728,0,1,0,0
0.15625000000000056,0.21739130434782503,-0.2094240837696335,0.39705882352941185,0.8090909090909091,0,0,1,0
-1.0312500000000073,-0.913043478260875,0.03664921465968586,-0.05147058823529435,-0.7090909090909091,0,1,0,0
-0.28125000000001166,-0.5217391304347998,-0.7068062827225131,0.5220588235294121,0.6181818181818182,0,1,0,0
-0.5937500000000128,-0.4782608695652249,-0.07329842931937172,0.036764705882352956,-0.16363636363636364,0,1,0,0
0.09374999999998612,-0.13043478260869995,0.05235602094240838,-0.5294117647058828,0.09090909090909091,0,1,0,0
-0.5000000000000089,-0.3043478260869748,-0.7225130890052356,0.632352941176471,-0.4636363636363636,0,0,1,0
0.3749999999999978,0.13043478260867525,-0.6230366492146597,0.7352941176470591,-0.17272727272727273,0,1,0,0
0.3125000000000011,-0.17391304347827483,0.8638743455497382,-0.683823529411765,0.4636363636363636,0,1,0,0
0.7812500000000028,0.3043478260869501,-0.17277486910994763,0.08088235294117661,0.44545454545454544,0,1,0,0
-0.6875000000000167,-0.4782608695652249,-1.1151832460732984,0.7132352941176471,-0.5818181818181818,0,1,0,0
1.0624999999999967,0.8260869565217251,-0.14659685863874344,0.20588235294117635,-0.2,0,0,1,0
-0.7500000000000133,-0.56521739130435,-0.518324607329843,0.75,-0.09090909090909091,1,0,0,0
0.593749999999995,0.17391304347825012,1.7696335078534031,-1.2132352941176476,0.10909090909090909,1,0,0,0
-0.37500000000001554,-0.21739130434782503,-0.16230366492146597,0.4338235294117648,0.8363636363636363,0,0,1,0
1.2500000000000044,1.3913043478260751,-0.17277486910994763,-0.014705882352941391,-0.33636363636363636,0,1,0,0
-0.46875000000000167,-0.21739130434782503,-0.16230366492146597,-0.07352941176470591,-0.8454545454545455,0,1,0,0
0.5624999999999878,0.17391304347825012,-0.4083769633507853,0.808823529411765,0.6,0,1,0,0
-1.1875000000000078,-1.2608695652173998,-0.29842931937172773,0.4264705882352941,0.6636363636363637,0,0,1,0
0.4999999999999911,0.17391304347825012,-0.7801047120418848,0.7279411764705884,0.5636363636363636,0,1,0,0
-0.9375000000000033,-0.7391304347826249,0.5863874345549738,-0.5514705882352944,0.7,0,0,1,0
-1.406250000000005,-1.69565217391305,-0.13612565445026178,0.3602941176470589,-0.6090909090909091,0,0,1,0
-0.1250000000000111,0.4782608695652002,0.5916230366492147,0.1617647058823527,0.6636363636363637,0,0,1,0
0.9062499999999961,0.4782608695652002,0.8429319371727748,-0.757352941176471,0.7181818181818181,0,1,0,0
-1.0000000000000178,-0.9565217391304498,0.28272251308900526,-0.2647058823529414,-0.4,1,0,0,0
0.46875000000000167,0.21739130434782503,-0.5392670157068062,0.6911764705882355,0.9454545454545454,1,0,0,0
0.09374999999998612,0.21739130434782503,0.2198952879581152,-0.3308823529411766,-0.8272727272727273,0,0,1,0
0.6874999999999989,0.34782608695650025,2.031413612565445,-1.2794117647058831,0.2545454545454545,0,1,0,0
-0.406250000000005,-0.13043478260869995,-0.06806282722513089,-0.30882352941176505,0.5818181818181818,1,0,0,0
1.2187499999999971,1.4782608695652002,1.198952879581152,-1.0220588235294124,0.17272727272727273,0,0,1,0
0.8124999999999922,0.8695652173913001,1.361256544502618,-1.0000000000000004,0.7,0,1,0,0
-0.28125000000001166,-0.4782608695652249,2.345549738219895,-1.3750000000000009,-0.045454545454545456,0,1,0,0
-0.37500000000001554,0.0,-0.9947643979057592,1.2279411764705885,0.5818181818181818,0,0,1,0
-0.1250000000000111,0.21739130434782503,1.225130890052356,-1.0294117647058827,0.33636363636363636,0,1,0,0
0.21874999999999722,0.4782608695652002,-0.11518324607329843,-0.11764705882352956,0.6727272727272727,0,1,0,0
-0.6250000000000022,-0.6956521739130499,-0.581151832460733,0.3455882352941175,0.03636363636363636,1,0,0,0
-0.406250000000005,0.17391304347825012,0.9162303664921466,-0.5367647058823535,-0.9363636363636364,0,0,1,0
1.2812499999999938,1.5217391304347752,-0.4816753926701571,0.4338235294117648,0.38181818181818183,0,1,0,0
0.12499999999999334,0.6086956521739002,-0.08376963350785341,0.21323529411764705,-0.2636363636363636,0,1,0,0
-0.37500000000001554,0.21739130434782503,0.9214659685863874,-0.3161764705882357,-0.8454545454545455,0,0,1,0
-0.5937500000000128,-0.2608695652173999,-0.13089005235602094,-0.2647058823529414,0.6818181818181818,0,0,1,0
-0.5000000000000089,-0.39130434782609985,1.1413612565445026,-0.7867647058823535,0.5727272727272728,0,0,1,0
0.5624999999999878,0.39130434782607515,1.9267015706806283,-1.0367647058823535,0.22727272727272727,1,0,0,0
0.5624999999999878,0.5652173913043252,-0.19895287958115182,-0.014705882352941391,0.41818181818181815,0,0,1,0
-0.5937500000000128,-0.34782608695652495,2.8952879581151834,-1.5735294117647067,0.33636363636363636,0,0,1,0
-0.9687500000000105,-1.0,-0.015706806282722512,-0.014705882352941391,0.6181818181818182,0,1,0,0
-0.6562500000000094,-0.5217391304347998,-0.5916230366492147,1.0147058823529413,-0.17272727272727273,0,1,0,0
-0.09375000000000389,-0.43478260869565005,1.4083769633507854,-1.1250000000000004,0.05454545454545454,0,1,0,0
0.12499999999999334,-0.34782608695652495,-0.16753926701570682,0.3750000000000003,1.0545454545454545,1,0,0,0
-0.9375000000000033,-0.9565217391304498,-0.43455497382198954,-0.02205882352941209,0.7727272727272727,1,0,0,0
0.15625000000000056,0.6956521739130253,-0.031413612565445025,0.2573529411764707,0.8272727272727273,0,1,0,0
0.18749999999999,0.6956521739130253,-0.5654450261780105,0.2647058823529414,0.9818181818181818,0,1,0,0
-0.8437500000000172,-0.652173913043475,-0.07853403141361257,-0.2720588235294121,-0.32727272727272727,0,1,0,0
0.2812499999999939,0.9130434782608502,0.193717277486911,-0.4411764705882355,0.05454545454545454,0,1,0,0
-0.5937500000000128,-0.8695652173913001,0.6230366492146597,-0.38235294117647095,-0.36363636363636365,0,1,0,0
-0.3125000000000011,0.0,-0.4293193717277487,0.08088235294117661,0.38181818181818183,1,0,0,0
0.3125000000000011,0.43478260869565005,1.549738219895288,-1.352941176470589,0.9,0,1,0,0
0.09374999999998612,0.7826086956521503,-0.14136125654450263,0.632352941176471,0.7454545454545455,0,1,0,0
0.9062499999999961,0.43478260869565005,-0.6858638743455497,1.0441176470588236,0.09090909090909091,0,0,1,1
0.46875000000000167,0.13043478260867525,-0.7015706806282722,0.3897058823529411,0.44545454545454544,1,0,0,0
-1.3125000000000189,-1.6086956521739249,2.0366492146596857,-1.352941176470589,-0.3181818181818182,0,1,0,0
0.6874999999999989,0.521739130434775,1.2617801047120418,-0.720588235294118,0.08181818181818182,1,0,0,0
-0.031250000000007216,0.17391304347825012,1.5026178010471205,-1.0588235294117654,0.14545454545454545,0,0,1,0
-0.5312500000000161,-0.8260869565217499,0.5706806282722513,-0.5514705882352944,-0.8818181818181818,1,0,0,0
-0.5625000000000056,-0.9565217391304498,-0.09424083769633508,0.13970588235294112,0.09090909090909091,0,0,1,0
-0.9375000000000033,-0.9565217391304498,-0.24607329842931938,0.7279411764705884,0.5363636363636364,0,1,0,0
1.2500000000000044,1.30434782608695,-0.9214659685863874,1.0294117647058827,-0.45454545454545453,0,1,0,0
-0.7500000000000133,-1.1739130434782747,-0.3717277486910995,0.007352941176470696,0.22727272727272727,1,0,0,0
-0.8437500000000172,-0.913043478260875,-0.418848167539267,-0.15441176470588253,0.42727272727272725,0,1,0,0
-0.4375000000000122,0.0,-0.5287958115183246,2.1764705882352953,-0.39090909090909093,0,0,1,1
0.0,0.5652173913043252,0.3769633507853403,-0.757352941176471,0.9363636363636364,0,0,1,0
0.3125000000000011,0.43478260869565005,0.3507853403141361,0.11029411764705888,0.8636363636363636,0,1,0,0
-0.4375000000000122,-0.6956521739130499,0.8638743455497382,-0.3602941176470589,-0.2727272727272727,0,1,0,0
-0.8437500000000172,-0.8260869565217499,-0.41361256544502617,1.0147058823529413,0.11818181818181818,0,0,1,0
-0.15625000000000056,0.0,0.14659685863874344,-0.24264705882352983,-0.4090909090909091,1,0,0,0
-0.6250000000000022,-1.086956521739125,-0.7801047120418848,0.2352941176470586,0.43636363636363634,0,1,0,0
0.8749999999999889,1.04347826086955,0.24607329842931938,0.39705882352941185,-0.3181818181818182,0,1,0,0
0.0,-0.2608695652173999,-0.21465968586387435,0.19852941176470565,-0.5181818181818182,0,0,1,0
-0.9687500000000105,-1.043478260869575,-1.2670157068062826,0.808823529411765,0.20909090909090908,0,0,1,0
-0.46875000000000167,-0.2608695652173999,1.1884816753926701,-0.7279411764705886,-0.6,0,1,0,0
0.7812500000000028,0.8695652173913001,-0.43455497382198954,0.845588235294118,0.6818181818181818,0,1,0,0
0.12499999999999334,0.652173913043475,0.16230366492146597,-0.17647058823529407,-0.15454545454545454,0,1,0,0
-0.46875000000000167,-0.2608695652173999,-0.7172774869109948,1.095588235294118,-0.38181818181818183,0,0,1,0
0.6562499999999917,0.3043478260869501,-0.7696335078534031,0.6029411764705882,-0.6454545454545455,0,0,1,0
0.8437499999999994,0.9130434782608502,1.2722513089005236,-0.9338235294117653,-0.5727272727272728,0,1,0,0
-0.6250000000000022,-0.9565217391304498,-0.005235602094240838,0.12499999999999974,-0.2545454545454545,0,1,0,0
-0.406250000000005,-0.21739130434782503,0.10471204188481675,0.13235294117647042,0.5272727272727272,0,1,0,0
0.3749999999999978,0.43478260869565005,1.7329842931937174,-1.080882352941177,-0.7727272727272727,0,0,1,0
1.1562500000000007,1.30434782608695,-0.42408376963350786,0.1691176470588234,0.4090909090909091,0,1,0,0
0.7499999999999956,0.13043478260867525,0.031413612565445025,-0.18382352941176477,-0.5636363636363636,0,0,1,0
-0.81250000000001,-0.913043478260875,2.774869109947644,-1.7205882352941184,0.19090909090909092,0,0,1,0
0.5624999999999878,0.43478260869565005,-0.450261780104712,0.9117647058823533,0.5818181818181818,0,0,1,0
-0.6250000000000022,-1.0,0.1099476439790576,0.051470588235293824,-0.32727272727272727,0,1,0,0
-0.406250000000005,-0.43478260869565005,0.04712041884816754,0.04411764705882365,0.44545454545454544,0,1,0,0
0.21874999999999722,0.8260869565217251,-0.42408376963350786,0.7794117647058828,1.018181818181818,0,0,1,0
-0.28125000000001166,0.08695652173912506,0.020942408376963352,0.08823529411764679,0.4636363636363636,0,1,0,0
0.15625000000000056,0.6956521739130253,-0.39267015706806285,0.9191176470588239,0.9181818181818182,0,1,0,0
-0.5937500000000128,-1.0,-0.418848167539267,0.5882352941176473,0.6909090909090909,0,1,0,0
0.12499999999999334,0.3043478260869501,-0.3036649214659686,0.4779411764705884,0.43636363636363634,0,1,0,0
1.1249999999999933,0.8260869565217251,2.0366492146596857,-1.2941176470588243,-0.2545454545454545,0,1,0,0
0.7187499999999883,0.521739130434775,-0.581151832460733,0.7647058823529413,-0.509090909090909,0,1,0,0
0.0,0.5652173913043252,-0.8429319371727748,0.6176470588235295,0.8727272727272727,0,0,1,0
-0.5312500000000161,-0.34782608695652495,-0.49214659685863876,0.22058823529411775,0.5363636363636364,0,1,0,0
1.0,0.5652173913043252,0.8115183246073299,-0.7058823529411768,-0.9090909090909091,0,1,0,0
-0.81250000000001,-0.34782608695652495,0.11518324607329843,0.11764705882352956,1.1636363636363636,1,0,0,0
0.21874999999999722,-0.08695652173914978,-1.0,1.8529411764705888,0.7727272727272727,0,1,0,1
0.18749999999999,0.6956521739130253,2.130890052356021,-1.5000000000000009,-0.8545454545454545,0,1,0,0
-0.218750000000015,-0.34782608695652495,-0.6596858638743456,0.2573529411764707,-0.7181818181818181,0,1,0,0
1.0312499999999893,0.6956521739130253,-0.7853403141361257,0.29411764705882365,0.7727272727272727,0,0,1,1
0.09374999999998612,0.43478260869565005,-0.08376963350785341,-0.19852941176470618,0.5,0,1,0,0
0.3125000000000011,0.521739130434775,-0.5968586387434555,0.9705882352941178,-0.9,0,0,1,0
-0.8437500000000172,-0.782608695652175,1.0628272251308901,-0.6764705882352946,-0.8909090909090909,0,1,0,0
0.43749999999999445,0.43478260869565005,0.8219895287958116,-0.4632352941176476,0.07272727272727272,0,0,1,0
-0.9687500000000105,-0.8695652173913001,0.17801047120418848,-0.08088235294117661,-0.03636363636363636,0,1,0,0
-0.15625000000000056,0.43478260869565005,0.9214659685863874,-0.6911764705882357,0.2,0,1,0,0
0.34374999999999056,0.34782608695650025,0.4973821989528796,-0.30882352941176505,-0.32727272727272727,1,0,0,0
-1.0000000000000178,-0.8695652173913001,-0.10471204188481675,0.3088235294117645,1.018181818181818,0,0,1,0
1.18749999999999,1.1304347826086751,-0.8586387434554974,1.632352941176471,0.44545454545454544,0,1,0,0
-0.9062500000000139,-0.8260869565217499,0.9162303664921466,-0.882352941176471,0.23636363636363636,0,0,1,0
-0.5937500000000128,-0.56521739130435,0.5445026178010471,-0.6029411764705886,-0.6181818181818182,0,0,1,0
-0.9062500000000139,-0.6956521739130499,0.05235602094240838,0.20588235294117635,0.9545454545454546,0,1,0,0
-0.9062500000000139,-0.652173913043475,2.2041884816753927,-1.3235294117647065,0.509090909090909,0,1,0,0
0.9375000000000033,1.04347826086955,1.3769633507853403,-0.9852941176470594,0.45454545454545453,0,0,1,0
-0.9062500000000139,-0.6956521739130499,-0.7277486910994765,1.0220588235294121,-0.5818181818181818,0,0,1,0
-0.25000000000000444,-0.43478260869565005,-0.041884816753926704,0.286764705882353,-0.4727272727272727,0,1,0,0
-0.46875000000000167,-0.2608695652173999,-0.4031413612565445,0.3897058823529411,-0.6272727272727273,0,0,1,0
-0.09375000000000389,0.4782608695652002,1.2670157068062826,-1.0147058823529416,0.39090909090909093,0,0,1,0
-0.4375000000000122,0.0,-0.35602094240837695,0.4044117647058825,-0.6363636363636364,1,0,0,0
-0.28125000000001166,-0.652173913043475,-0.7120418848167539,0.5514705882352944,0.5545454545454546,0,0,1,0
0.12499999999999334,0.04347826086955017,-0.612565445026178,0.595588235294118,1.0727272727272728,0,0,1,0
-0.9687500000000105,-0.8695652173913001,-0.387434554973822,1.0220588235294121,0.2818181818181818,0,1,0,0
0.4999999999999911,-0.04347826086957489,-0.5863874345549738,0.7720588235294121,0.8,0,0,1,0
-0.6562500000000094,-1.1739130434782747,-0.2094240837696335,0.47058823529411775,0.6818181818181818,0,0,1,0
-0.46875000000000167,0.0,-0.2356020942408377,0.13235294117647042,-0.41818181818181815,0,0,1,0
0.6250000000000022,0.39130434782607515,0.3717277486910995,-0.4411764705882355,0.9818181818181818,0,0,1,0
-0.06250000000001443,0.5652173913043252,-0.8691099476439791,1.0808823529411766,-0.6818181818181818,0,0,1,0
-0.37500000000001554,-0.6086956521739249,-0.36649214659685864,0.3382352941176473,0.00909090909090909,0,1,0,0
-0.81250000000001,-0.6956521739130499,1.0261780104712042,-0.7352941176470591,-0.6090909090909091,0,0,1,0
0.7499999999999956,0.7826086956521503,-1.031413612565445,1.441176470588236,0.5909090909090909,0,1,0,0
-0.7812500000000028,-0.2608695652173999,2.2041884816753927,-1.4338235294117654,-0.6363636363636364,0,1,0,0
0.06249999999999667,-0.34782608695652495,-0.13089005235602094,-0.04411764705882365,0.6636363636363637,0,1,0,0
1.2187499999999971,1.30434782608695,-0.193717277486911,-0.04411764705882365,-0.21818181818181817,0,0,1,0
-0.7812500000000028,-0.652173913043475,0.38219895287958117,-0.5441176470588237,-0.21818181818181817,0,1,0,0
-0.06250000000001443,-0.39130434782609985,0.4973821989528796,-0.4044117647058825,0.03636363636363636,0,1,0,0
-0.09375000000000389,-0.17391304347827483,-0.387434554973822,0.18382352941176477,0.18181818181818182,0,1,0,0
-0.5937500000000128,-1.0,0.14136125654450263,-0.30882352941176505,-0.35454545454545455,0,1,0,0
0.7499999999999956,0.8260869565217251,-0.08376963350785341,0.4411764705882355,0.6181818181818182,0,0,1,0
0.9062499999999961,0.43478260869565005,0.49214659685863876,-0.25,0.7636363636363637,0,0,1,0
0.3125000000000011,0.21739130434782503,1.4607329842931938,-1.11764705882353,-0.12727272727272726,1,0,0,0
0.24999999999998668,0.34782608695650025,0.6963350785340314,-0.3529411764705887,0.41818181818181815,0,0,1,0
-1.093750000000004,-1.1304347826087,-0.1099476439790576,-0.014705882352941391,0.41818181818181815,0,0,1,0
0.9062499999999961,0.521739130434775,-0.8795811518324608,0.9926470588235299,0.5181818181818182,0,0,1,1
-0.15625000000000056,-0.4782608695652249,-0.16230366492146597,0.6397058823529411,-0.3181818181818182,0,1,0,0
0.4999999999999911,0.17391304347825012,0.33507853403141363,-0.07352941176470591,0.06363636363636363,0,1,0,0
-1.0625000000000144,-1.043478260869575,2.2198952879581153,-1.191176470588236,0.045454545454545456,0,1,0,0
0.18749999999999,0.3043478260869501,2.2094240837696337,-1.330882352941177,-0.3,0,1,0,0
-0.3437500000000083,0.08695652173912506,-0.3769633507853403,-0.014705882352941391,0.45454545454545453,0,1,0,0
-0.4375000000000122,-0.7391304347826249,-0.38219895287958117,0.6985294117647062,0.2545454545454545,0,0,1,0
-0.8437500000000172,-0.7391304347826249,-0.9162303664921466,1.595588235294118,-0.08181818181818182,0,1,0,0
0.593749999999995,-0.08695652173914978,-0.2931937172774869,0.19852941176470565,0.7090909090909091,1,0,0,0
-0.15625000000000056,0.39130434782607515,0.3717277486910995,-0.3750000000000003,0.23636363636363636,0,1,0,0
0.43749999999999445,0.17391304347825012,0.0,-0.13970588235294112,0.8454545454545455,0,0,1,0
-0.37500000000001554,-0.5217391304347998,1.293193717277487,-0.7500000000000006,-0.5181818181818182,0,0,1,0
0.12499999999999334,-0.08695652173914978,0.25654450261780104,0.08823529411764679,0.08181818181818182,0,0,1,0
-0.8750000000000067,-0.8695652173913001,0.015706806282722512,-0.3014705882352943,0.39090909090909093,0,1,0,0
0.18749999999999,0.34782608695650025,0.09424083769633508,-0.05147058823529435,-0.41818181818181815,0,1,0,0
-0.6562500000000094,-0.6956521739130499,-0.518324607329843,0.4779411764705884,0.8545454545454545,0,1,0,0
-0.6562500000000094,-0.3043478260869748,0.3089005235602094,-0.14705882352941183,-0.44545454545454544,1,0,0,0
0.24999999999998668,0.6086956521739002,0.010471204188481676,0.07352941176470591,0.2,0,1,0,0
0.24999999999998668,0.2608695652173752,-0.13612565445026178,0.22794117647058842,0.32727272727272727,0,1,0,0
1.1562500000000007,1.1304347826086751,2.1780104712041886,-1.4632352941176479,0.21818181818181817,0,0,1,0
0.15625000000000056,0.13043478260867525,5.293193717277487,-1.963235294117648,0.9818181818181818,0,1,0,0
-0.6562500000000094,-1.086956521739125,-1.162303664921466,0.7867647058823529,0.13636363636363635,0,1,0,0
0.15625000000000056,0.08695652173912506,0.7591623036649214,-0.7058823529411768,1.0,0,1,0,1
0.3749999999999978,0.39130434782607515,0.38219895287958117,-0.7132352941176475,0.4,0,1,0,0
-0.46875000000000167,-0.08695652173914978,0.5863874345549738,-0.8308823529411768,0.8363636363636363,0,1,0,0
-0.7187500000000061,-0.39130434782609985,0.7591623036649214,-0.5220588235294121,-0.7090909090909091,1,0,0,0
-0.46875000000000167,-0.17391304347827483,-1.1675392670157068,1.7647058823529413,-0.32727272727272727,0,0,1,0
-0.6250000000000022,-0.5217391304347998,-0.7120418848167539,0.13235294117647042,0.05454545454545454,0,1,0,0
-1.125000000000011,-1.1304347826087,0.3298429319371728,-0.36764705882352955,0.9,0,1,0,0
0.6562499999999917,0.43478260869565005,-0.17277486910994763,-0.036764705882352956,-0.09090909090909091,0,1,0,0
-1.0312500000000073,-0.8695652173913001,-0.7696335078534031,0.6029411764705882,0.8545454545454545,0,1,0,0
0.3749999999999978,0.17391304347825012,0.0,0.6250000000000002,-0.3181818181818182,0,1,0,0
0.7812500000000028,0.8695652173913001,-0.8324607329842932,0.8014705882352944,0.9,0,1,0,0
-0.7500000000000133,-0.6086956521739249,1.193717277486911,-0.8602941176470594,-0.02727272727272727,0,1,0,0
-0.031250000000007216,-0.34782608695652495,0.2879581151832461,-0.7647058823529417,0.5545454545454546,0,1,0,0
-0.5312500000000161,-0.2608695652173999,0.08376963350785341,-0.345588235294118,0.23636363636363636,0,0,1,0
0.3749999999999978,0.3043478260869501,0.29842931937172773,-0.11764705882352956,-0.5,0,1,0,0
-0.46875000000000167,-0.17391304347827483,-0.7696335078534031,1.0220588235294121,-0.9181818181818182,0,1,0,0
-0.9375000000000033,-1.0,0.17277486910994763,0.022058823529411565,-0.13636363636363635,0,1,0,0
1.2812499999999938,1.4782608695652002,0.28272251308900526,-0.20588235294117688,0.5181818181818182,0,0,1,0
-0.9687500000000105,-1.043478260869575,-0.2931937172774869,0.463235294117647,-0.9,0,1,0,0
-0.5937500000000128,-0.652173913043475,-0.7853403141361257,1.0294117647058827,-0.6272727272727273,0,1,0,0
0.593749999999995,0.3043478260869501,-0.25654450261780104,-0.2573529411764707,-0.9727272727272728,0,1,0,0
0.4999999999999911,0.0,0.8219895287958116,-0.7941176470588239,-0.3181818181818182,1,0,0,0
-0.37500000000001554,-0.5217391304347998,1.1727748691099475,-0.9558823529411768,-0.6363636363636364,0,0,1,0
0.09374999999998612,0.6086956521739002,-0.14136125654450263,-0.5514705882352944,0.33636363636363636,0,0,1,0
-0.81250000000001,-0.652173913043475,-1.2984293193717278,1.514705882352942,-0.2727272727272727,0,0,1,0
0.0,-0.39130434782609985,-0.39790575916230364,-0.18382352941176477,-0.3090909090909091,0,1,0,0
0.43749999999999445,0.3043478260869501,-0.6178010471204188,0.5441176470588237,-0.7,0,0,1,0
0.4999999999999911,0.39130434782607515,1.1099476439790577,-1.1250000000000004,-0.8181818181818182,0,1,0,0
0.12499999999999334,-0.2608695652173999,0.9842931937172775,-0.9191176470588239,-0.36363636363636365,0,0,1,0
0.18749999999999,-0.21739130434782503,2.581151832460733,-1.49264705882353,0.8727272727272727,0,0,1,1
0.8749999999999889,0.4782608695652002,1.2984293193717278,-1.1985294117647065,0.8090909090909091,0,1,0,0
-0.46875000000000167,-0.13043478260869995,-0.6963350785340314,1.1691176470588238,-0.9727272727272728,0,1,0,0
-0.406250000000005,-0.4782608695652249,0.46596858638743455,-0.13970588235294112,0.5636363636363636,0,0,1,0
-0.6250000000000022,-1.1739130434782747,0.5497382198952879,-0.45588235294117685,0.7818181818181819,0,1,0,0
-0.9062500000000139,-0.8695652173913001,-0.3769633507853403,0.7058823529411768,0.9363636363636364,0,1,0,1
0.12499999999999334,-0.3043478260869748,-0.8167539267015707,0.7352941176470591,0.9636363636363636,0,0,1,0
0.34374999999999056,0.21739130434782503,-0.34554973821989526,0.8161764705882357,0.045454545454545456,0,1,0,0
-0.8437500000000172,-0.652173913043475,0.09947643979057591,-0.15441176470588253,-0.6727272727272727,0,0,1,0
0.2812499999999939,0.5652173913043252,-0.09947643979057591,-0.286764705882353,0.7363636363636363,0,1,0,0
1.093750000000004,0.7391304347826001,1.0052356020942408,-0.6911764705882357,-0.15454545454545454,0,1,0,0
-0.5312500000000161,-0.6956521739130499,1.2460732984293195,-0.5367647058823535,0.045454545454545456,0,1,0,0
0.46875000000000167,0.13043478260867525,-0.6596858638743456,0.35294117647058815,0.4909090909090909,0,0,1,0
-0.18750000000000777,-0.39130434782609985,1.638743455497382,-1.2573529411764712,-0.8363636363636363,0,1,0,0
0.5624999999999878,0.34782608695650025,0.34554973821989526,-0.558823529411765,0.7363636363636363,0,0,1,0
-0.15625000000000056,-0.34782608695652495,-0.6073298429319371,0.6029411764705882,-0.7454545454545455,0,0,1,0
0.6874999999999989,0.6086956521739002,-0.2879581151832461,0.6985294117647062,-0.7181818181818181,0,1,0,0
0.9687499999999928,0.6086956521739002,0.21465968586387435,0.17647058823529407,1.0909090909090908,0,1,0,0
-0.25000000000000444,0.21739130434782503,-0.12041884816753927,0.36764705882352955,0.0,0,1,0,0
0.21874999999999722,0.3043478260869501,0.6020942408376964,-0.5367647058823535,-0.6090909090909091,1,0,0,0
0.21874999999999722,0.34782608695650025,1.2827225130890052,-0.7500000000000006,0.3,0,1,0,0
-0.8437500000000172,-0.7391304347826249,0.4031413612565445,0.08088235294117661,-0.37272727272727274,0,1,0,0
0.21874999999999722,0.34782608695650025,-0.2617801047120419,0.27941176470588225,-0.20909090909090908,0,1,0,0
0.3125000000000011,0.21739130434782503,-0.4869109947643979,0.27941176470588225,-0.3090909090909091,0,0,1,0
0.18749999999999,-0.2608695652173999,1.7539267015706805,-1.11764705882353,-0.37272727272727274,0,0,1,0
-0.9062500000000139,-0.6956521739130499,-0.16753926701570682,0.11764705882352956,-0.6,0,1,0,0
1.0624999999999967,1.2608695652173751,-0.5235602094240838,0.8676470588235295,-0.2727272727272727,0,0,1,0
0.46875000000000167,-0.04347826086957489,0.3298429319371728,-0.720588235294118,-0.2545454545454545,0,1,0,0
0.031249999999989453,-0.2608695652173999,3.56020942408377,-1.639705882352942,-0.6181818181818182,0,1,0,0
0.4999999999999911,0.43478260869565005,-0.2513089005235602,-0.02205882352941209,0.1,0,1,0,0
-0.5625000000000056,-0.3043478260869748,0.6020942408376964,-0.632352941176471,0.00909090909090909,0,1,0,0
-0.3437500000000083,0.08695652173912506,0.193717277486911,-0.14705882352941183,0.6818181818181818,0,0,1,0
-0.46875000000000167,-0.782608695652175,-0.6596858638743456,0.882352941176471,0.6727272727272727,1,0,0,0
-0.37500000000001554,0.0,-0.041884816753926704,0.20588235294117635,0.6181818181818182,0,1,0,0
0.3125000000000011,0.3043478260869501,-1.198952879581152,1.1470588235294124,0.5636363636363636,0,1,0,0
0.0,-0.17391304347827483,-0.11518324607329843,-0.16176470588235323,-0.6636363636363637,0,1,0,0
1.18749999999999,1.2608695652173751,0.2513089005235602,-0.24264705882352983,0.3,0,1,0,0
0.18749999999999,-0.21739130434782503,-0.33507853403141363,0.21323529411764705,-0.41818181818181815,0,0,1,0
0.06249999999999667,0.6956521739130253,0.39790575916230364,-0.4779411764705884,-0.43636363636363634,0,1,0,0
0.0,0.5652173913043252,-0.6596858638743456,1.2205882352941182,-0.5181818181818182,1,0,0,0
-0.7812500000000028,-0.3043478260869748,2.3821989528795813,-1.3235294117647065,0.00909090909090909,0,1,0,0
-0.5937500000000128,-0.4782608695652249,-0.7853403141361257,1.3014705882352944,-0.16363636363636364,0,1,0,0
-0.7500000000000133,-0.6956521739130499,-0.680628272251309,1.2205882352941182,0.8727272727272727,0,1,0,1
-0.5000000000000089,-0.8695652173913001,0.8324607329842932,-0.845588235294118,-0.5363636363636364,0,1,0,0
0.2812499999999939,0.8260869565217251,0.2879581151832461,-0.19117647058823548,0.7545454545454545,0,0,1,0
-0.218750000000015,-0.43478260869565005,4.806282722513089,-1.9044117647058834,-0.45454545454545453,0,1,0,0
-0.3125000000000011,0.08695652173912506,-0.28272251308900526,0.04411764705882365,-0.6090909090909091,0,1,0,0
-0.9375000000000033,-0.9565217391304498,0.020942408376963352,-0.13235294117647095,0.5727272727272728,0,1,0,0
0.15625000000000056,-0.3043478260869748,0.25654450261780104,-0.2720588235294121,0.05454545454545454,0,1,0,0
0.7187499999999883,0.08695652173912506,2.1989528795811517,-1.2352941176470593,0.5909090909090909,0,1,0,0
0.7812500000000028,0.6086956521739002,0.5026178010471204,-0.22794117647058842,0.9454545454545454,0,1,0,0
0.06249999999999667,0.43478260869565005,0.5340314136125655,-0.22058823529411775,0.4818181818181818,0,1,0,0
-0.06250000000001443,0.521739130434775,-0.4712041884816754,0.12499999999999974,0.41818181818181815,1,0,0,0
-0.25000000000000444,0.3043478260869501,-0.10471204188481675,0.25,-0.8363636363636363,0,1,0,0
-0.1250000000000111,0.08695652173912506,0.8272251308900523,-0.4117647058823532,-0.9181818181818182,0,0,1,0
0.06249999999999667,0.6956521739130253,0.06282722513089005,-0.19117647058823548,-0.9272727272727272,0,1,0,0
-0.3437500000000083,-0.652173913043475,-1.0785340314136125,1.0367647058823535,0.02727272727272727,0,1,0,0
-0.1250000000000111,0.43478260869565005,0.6020942408376964,-0.720588235294118,0.16363636363636364,0,0,1,0
-0.4375000000000122,-0.13043478260869995,-0.14659685863874344,0.029411764705882262,-0.43636363636363634,0,0,1,0
-0.37500000000001554,-0.6086956521739249,-0.7853403141361257,0.5882352941176473,-0.2545454545454545,1,0,0,0
-0.3125000000000011,-0.04347826086957489,-0.3769633507853403,0.6911764705882355,0.8909090909090909,1,0,0,0
1.1249999999999933,1.17391304347825,0.9528795811518325,-0.6102941176470591,0.8727272727272727,0,0,1,0
0.6562499999999917,0.5652173913043252,-0.6858638743455497,1.1029411764705888,-0.8909090909090909,0,0,1,0
-0.15625000000000056,0.3043478260869501,-0.39790575916230364,0.7573529411764707,-0.08181818181818182,0,0,1,0
0.24999999999998668,0.8260869565217251,-0.015706806282722512,0.3014705882352943,0.7363636363636363,0,1,0,0
0.8124999999999922,0.9999999999999752,-0.7486910994764397,0.5661764705882352,-0.8727272727272727,0,1,0,0
-0.18750000000000777,-0.34782608695652495,0.387434554973822,-0.2573529411764707,-0.8454545454545455,0,1,0,0
-0.15625000000000056,-0.43478260869565005,-0.16753926701570682,0.3088235294117645,-0.36363636363636365,0,0,1,0
0.7499999999999956,0.8260869565217251,0.3717277486910995,0.13970588235294112,0.7363636363636363,0,1,0,0
1.1249999999999933,0.7826086956521503,0.3036649214659686,-0.5000000000000006,0.41818181818181815,0,1,0,0
-0.3125000000000011,0.17391304347825012,-0.39267015706806285,0.21323529411764705,-0.4909090909090909,0,0,1,0
-0.5000000000000089,-0.34782608695652495,-0.02617801047120419,-0.4044117647058825,-0.5545454545454546,0,0,1,0
-0.218750000000015,-0.4782608695652249,0.020942408376963352,0.06617647058823521,0.9636363636363636,0,1,0,0
0.2812499999999939,0.39130434782607515,0.41361256544502617,-0.19117647058823548,0.6272727272727273,0,1,0,0
-0.5312500000000161,-0.8695652173913001,-0.06282722513089005,0.7279411764705884,0.44545454545454544,0,1,0,0
-0.25000000000000444,0.13043478260867525,-0.7225130890052356,1.0147058823529413,0.5818181818181818,0,1,0,0
0.4999999999999911,0.21739130434782503,-0.08900523560209424,-0.11764705882352956,-0.2636363636363636,0,1,0,0
0.8749999999999889,0.9565217391304252,0.39267015706806285,-0.2794117647058828,0.3090909090909091,0,1,0,0
-0.6875000000000167,-1.0,0.6910994764397905,-0.4485294117647062,0.3181818181818182,1,0,0,0
0.40624999999998723,0.34782608695650025,0.17277486910994763,-0.13235294117647095,-0.8909090909090909,0,1,0,0
1.18749999999999,1.3478260869565002,0.3507853403141361,0.04411764705882365,-0.3,0,0,1,0
0.09374999999998612,0.4782608695652002,-0.5078534031413613,0.2573529411764707,-0.7727272727272727,0,1,0,0
0.43749999999999445,0.17391304347825012,0.6282722513089005,-0.48529411764705915,0.45454545454545453,0,0,1,0
-0.15625000000000056,0.0,0.2617801047120419,-0.15441176470588253,-0.21818181818181817,0,1,0,0
-0.5625000000000056,-1.043478260869575,-0.19895287958115182,0.6838235294117648,0.01818181818181818,0,1,0,0
-0.5625000000000056,0.0,0.031413612565445025,-0.18382352941176477,-0.2,1,0,0,0
0.21874999999999722,0.4782608695652002,-0.387434554973822,0.8970588235294118,-0.2727272727272727,0,0,1,0
-0.5000000000000089,-0.34782608695652495,0.2513089005235602,-0.39705882352941185,0.12727272727272726,0,0,1,0
1.18749999999999,1.3478260869565002,-0.8272251308900523,0.595588235294118,-0.2727272727272727,0,1,0,0
0.593749999999995,-0.08695652173914978,-0.5026178010471204,0.9338235294117648,0.42727272727272725,0,1,0,0
-0.25000000000000444,-0.4782608695652249,-0.28272251308900526,0.47058823529411775,0.12727272727272726,0,1,0,0
0.6874999999999989,0.39130434782607515,-0.6230366492146597,0.7058823529411768,0.7727272727272727,0,0,1,0
0.6250000000000022,0.2608695652173752,-1.094240837696335,1.6397058823529416,-0.05454545454545454,1,0,0,1
0.43749999999999445,0.2608695652173752,-0.4973821989528796,0.5294117647058822,-0.2545454545454545,0,1,0,0
0.09374999999998612,0.6956521739130253,-0.680628272251309,0.5220588235294121,-0.9454545454545454,0,1,0,0
0.031249999999989453,0.0,0.24607329842931938,-0.10294117647058817,-0.5636363636363636,0,0,1,0
-0.28125000000001166,-0.652173913043475,0.41361256544502617,-0.095588235294118,0.44545454545454544,0,1,0,0
-0.8750000000000067,-0.8260869565217499,0.5130890052356021,-0.3235294117647059,-0.8909090909090909,0,1,0,0
-0.6250000000000022,-1.086956521739125,1.3664921465968587,-0.9117647058823535,-0.7636363636363637,0,0,1,0
0.7499999999999956,0.4782608695652002,-1.4450261780104712,1.4705882352941182,0.5454545454545454,0,1,0,0
0.0,0.13043478260867525,0.2774869109947644,-0.14705882352941183,-0.13636363636363635,0,0,1,0
-0.37500000000001554,0.0,0.10471204188481675,-0.07352941176470591,-0.4909090909090909,0,1,0,0
-0.4375000000000122,-0.6956521739130499,-0.18848167539267016,0.04411764705882365,-0.00909090909090909,0,1,0,0
1.1249999999999933,0.9565217391304252,1.324607329842932,-1.0073529411764712,0.7545454545454545,0,0,1,0
0.15625000000000056,-0.13043478260869995,-0.44502617801047123,0.19117647058823548,0.36363636363636365,0,1,0,0
-0.031250000000007216,0.6086956521739002,-0.27225130890052357,0.6544117647058825,0.07272727272727272,0,0,1,0
-0.031250000000007216,0.5652173913043252,0.17801047120418848,-0.345588235294118,0.11818181818181818,0,0,1,0
-0.81250000000001,-0.782608695652175,-0.34554973821989526,0.1617647058823527,-0.7090909090909091,0,1,0,0
0.06249999999999667,0.6086956521739002,0.25654450261780104,-0.0882352941176473,-0.7636363636363637,0,1,0,0
1.0,0.7391304347826001,0.7643979057591623,-0.7867647058823535,-0.5272727272727272,1,0,0,0
0.18749999999999,-0.08695652173914978,1.6335078534031413,-0.9632352941176475,0.7545454545454545,0,1,0,0
-0.37500000000001554,-0.21739130434782503,0.837696335078534,-0.47058823529411775,0.8,0,1,0,0
-1.406250000000005,-1.69565217391305,-0.39267015706806285,0.3235294117647059,-0.509090909090909,0,1,0,0
0.15625000000000056,0.04347826086955017,-0.2931937172774869,0.4264705882352941,-0.8181818181818182,0,1,0,0
0.3749999999999978,0.21739130434782503,0.03664921465968586,-0.11764705882352956,-0.5454545454545454,0,1,0,0
0.5312499999999983,0.521739130434775,0.20418848167539266,0.0,0.3181818181818182,0,0,1,0
0.593749999999995,0.13043478260867525,-0.8743455497382199,1.330882352941177,0.02727272727272727,0,1,0,1
1.3437499999999905,1.5217391304347752,0.020942408376963352,0.22058823529411775,-0.8545454545454545,0,1,0,0
0.3749999999999978,0.43478260869565005,0.6335078534031413,0.058823529411764525,-0.9727272727272728,0,1,0,0
-0.4375000000000122,-0.6956521739130499,0.5916230366492147,-0.7279411764705886,-0.6636363636363637,0,1,0,0
-0.6250000000000022,-0.4782608695652249,2.8219895287958114,-1.639705882352942,0.2,0,0,1,0
0.0,0.5652173913043252,1.1832460732984293,-0.7941176470588239,-0.32727272727272727,0,1,0,0
-0.406250000000005,-0.08695652173914978,1.2356020942408377,-0.6985294117647062,-0.21818181818181817,0,1,0,0
-0.8437500000000172,-0.7391304347826249,3.392670157068063,-1.6470588235294126,-0.9727272727272728,0,1,0,0
-0.37500000000001554,0.04347826086955017,-0.7539267015706806,1.235294117647059,0.5363636363636364,0,1,0,0
-0.3437500000000083,-0.5217391304347998,0.5863874345549738,-0.6985294117647062,-0.8454545454545455,0,1,0,0
-1.1875000000000078,-1.217391304347825,0.33507853403141363,-0.6397058823529417,-0.9272727272727272,0,1,0,0
-0.406250000000005,-0.17391304347827483,3.115183246073298,-1.5514705882352948,0.23636363636363636,0,0,1,0
0.9062499999999961,1.086956521739125,-0.27225130890052357,0.14705882352941183,0.16363636363636364,0,1,0,0
1.2187499999999971,1.3478260869565002,-0.9895287958115183,0.5147058823529413,0.33636363636363636,0,1,0,0
-0.6875000000000167,-0.9565217391304498,-0.47643979057591623,0.3235294117647059,-0.2,0,1,0,0
0.12499999999999334,0.8260869565217251,-0.02617801047120419,0.20588235294117635,-0.7454545454545455,0,1,0,0
0.40624999999998723,-0.04347826086957489,0.9738219895287958,-0.5882352941176473,0.9090909090909091,0,0,1,0
-0.9062500000000139,-0.782608695652175,-0.6492146596858639,0.882352941176471,-0.7818181818181819,0,1,0,0
1.3437499999999905,1.5217391304347752,0.3403141361256545,-0.07352941176470591,-0.9727272727272728,0,1,0,0
0.8749999999999889,0.4782608695652002,3.136125654450262,-1.639705882352942,-0.14545454545454545,1,0,0,0
0.24999999999998668,0.2608695652173752,-0.7539267015706806,0.4338235294117648,0.4,0,1,0,0
0.5624999999999878,-0.17391304347827483,0.4816753926701571,-0.6397058823529417,0.23636363636363636,0,1,0,0
-0.6250000000000022,-0.3043478260869748,-0.5549738219895288,0.595588235294118,-0.4,0,1,0,0
-0.6562500000000094,-0.9565217391304498,-0.1099476439790576,-0.1691176470588239,0.22727272727272727,1,0,0,0
-0.8437500000000172,-0.782608695652175,-0.8743455497382199,1.0000000000000004,-0.41818181818181815,0,1,0,0
0.18749999999999,0.21739130434782503,-0.09947643979057591,-0.15441176470588253,-0.20909090909090908,0,0,1,0
-1.0000000000000178,-0.913043478260875,1.0994764397905759,-0.7941176470588239,-0.8545454545454545,0,1,0,0
-0.5937500000000128,-0.9565217391304498,1.3926701570680629,-0.9485294117647064,0.7363636363636363,0,1,0,0
-0.06250000000001443,0.521739130434775,-0.5968586387434555,0.7279411764705884,-0.4727272727272727,0,0,1,0
-0.6562500000000094,-0.8260869565217499,3.073298429319372,-1.5514705882352948,0.32727272727272727,0,0,1,0
0.2812499999999939,0.3043478260869501,0.1256544502617801,0.38235294117647045,-0.9,0,1,0,0
0.06249999999999667,0.6086956521739002,-0.193717277486911,0.4485294117647062,-0.4090909090909091,0,1,0,0
0.5312499999999983,0.08695652173912506,0.9685863874345549,-0.8308823529411768,-0.6909090909090909,0,1,0,0
-0.06250000000001443,0.17391304347825012,-0.8795811518324608,0.9411764705882355,0.6636363636363637,0,0,1,0
-0.09375000000000389,-0.17391304347827483,0.2774869109947644,-0.17647058823529407,0.15454545454545454,0,0,1,0
-0.5625000000000056,-1.0,-0.24083769633507854,0.9117647058823533,-0.08181818181818182,0,0,1,0
1.18749999999999,1.3913043478260751,0.12041884816753927,0.04411764705882365,0.5181818181818182,0,1,0,0
-0.406250000000005,-0.652173913043475,0.020942408376963352,0.1617647058823527,0.9090909090909091,0,0,1,0
-0.81250000000001,-0.5217391304347998,0.4083769633507853,-0.7132352941176475,0.43636363636363634,0,1,0,0
0.09374999999998612,0.5652173913043252,0.5287958115183246,-0.6176470588235299,0.10909090909090909,0,0,1,0
0.21874999999999722,-0.17391304347827483,0.08376963350785341,-0.3161764705882357,-0.8454545454545455,0,1,0,0
0.6562499999999917,0.4782608695652002,-0.27225130890052357,0.12499999999999974,-0.37272727272727274,0,1,0,0
0.43749999999999445,0.2608695652173752,1.2617801047120418,-0.8750000000000006,-0.41818181818181815,0,0,1,0
0.5624999999999878,0.13043478260867525,-1.1361256544502618,1.6691176470588238,-0.7727272727272727,0,1,0,1
-0.18750000000000777,0.2608695652173752,-0.16230366492146597,0.058823529411764525,-0.02727272727272727,0,1,0,0
-0.25000000000000444,-0.6086956521739249,-0.4973821989528796,0.3161764705882352,-0.22727272727272727,1,0,0,0
-0.06250000000001443,0.34782608695650025,-1.1047120418848169,0.808823529411765,0.6,0,1,0,0
-0.4375000000000122,-0.08695652173914978,-0.6858638743455497,1.0735294117647065,-0.5727272727272728,0,1,0,0
1.0624999999999967,0.8260869565217251,1.350785340314136,-1.0514705882352946,-0.01818181818181818,0,1,0,0
-0.15625000000000056,0.43478260869565005,0.09424083769633508,-0.21323529411764705,0.21818181818181817,0,1,0,0
0.9687499999999928,1.04347826086955,0.07853403141361257,-0.014705882352941391,0.35454545454545455,0,1,0,0
0.9062499999999961,0.4782608695652002,1.5549738219895288,-1.205882352941177,-0.41818181818181815,0,1,0,0
0.6874999999999989,0.6956521739130253,-0.24607329842931938,0.3897058823529411,0.20909090909090908,1,0,0,0
0.18749999999999,0.17391304347825012,-0.7643979057591623,0.9191176470588239,0.8363636363636363,0,1,0,0
0.5624999999999878,0.34782608695650025,0.36649214659685864,-0.0882352941176473,0.9272727272727272,0,0,1,0
0.46875000000000167,0.21739130434782503,1.7329842931937174,-1.2205882352941182,0.35454545454545455,0,1,0,0
-0.218750000000015,-0.34782608695652495,-0.33507853403141363,0.7058823529411768,-0.8909090909090909,1,0,0,0
-0.4375000000000122,0.04347826086955017,-0.5287958115183246,0.4264705882352941,-0.7,0,1,0,0
0.15625000000000056,-0.21739130434782503,-0.418848167539267,0.6617647058823533,-0.3,0,1,0,0
-0.37500000000001554,0.13043478260867525,0.15706806282722513,0.3161764705882352,-0.7545454545454545,0,0,1,0
-0.3125000000000011,-0.782608695652175,0.15706806282722513,0.1691176470588234,-0.5363636363636364,0,1,0,0
0.7187499999999883,0.04347826086955017,0.7277486910994765,-0.8676470588235299,-0.17272727272727273,0,1,0,0
0.7187499999999883,0.34782608695650025,-0.806282722513089,0.4411764705882355,0.37272727272727274,0,1,0,1
0.593749999999995,0.13043478260867525,2.0523560209424083,-1.24264705882353,0.4909090909090909,0,1,0,0
0.6874999999999989,0.7826086956521503,-0.675392670157068,0.9044117647058825,0.42727272727272725,1,0,0,0
0.21874999999999722,0.04347826086955017,0.08900523560209424,-0.17647058823529407,0.7818181818181819,0,1,0,0
1.2500000000000044,1.4782608695652002,-0.39267015706806285,-0.014705882352941391,-0.17272727272727273,0,0,1,0
0.593749999999995,0.13043478260867525,-0.7643979057591623,1.3161764705882357,0.00909090909090909,0,1,0,1
0.6562499999999917,0.6956521739130253,-0.47643979057591623,0.3235294117647059,0.8818181818181818,0,1,0,0
-0.9062500000000139,-0.6956521739130499,0.07853403141361257,0.3088235294117645,0.509090909090909,0,1,0,0
0.12499999999999334,0.21739130434782503,0.2094240837696335,-0.286764705882353,-0.7,0,1,0,0
1.18749999999999,1.30434782608695,-0.15706806282722513,0.19852941176470565,-0.09090909090909091,0,0,1,0
1.18749999999999,1.30434782608695,-0.06282722513089005,-0.21323529411764705,0.8,0,1,0,0
-0.5937500000000128,-0.4782608695652249,-0.6910994764397905,1.1470588235294124,-0.7636363636363637,1,0,0,0
0.6874999999999989,0.4782608695652002,0.020942408376963352,0.558823529411765,-0.33636363636363636,0,0,1,0
-0.25000000000000444,-0.652173913043475,1.2617801047120418,-1.0073529411764712,-0.6727272727272727,0,1,0,0
-0.06250000000001443,0.08695652173912506,0.16753926701570682,0.27941176470588225,0.42727272727272725,1,0,0,0
1.093750000000004,0.9130434782608502,-0.6910994764397905,1.0661764705882357,0.045454545454545456,1,0,0,1
0.3749999999999978,0.4782608695652002,-0.3403141361256545,0.1691176470588234,-0.9090909090909091,0,0,1,0
-0.3437500000000083,0.08695652173912506,-1.0471204188481675,2.095588235294118,0.03636363636363636,0,0,1,1
0.18749999999999,-0.21739130434782503,2.2094240837696337,-1.441176470588236,-0.8909090909090909,1,0,0,0
-0.406250000000005,-0.39130434782609985,-0.2670157068062827,0.6250000000000002,-0.08181818181818182,0,0,1,0
-0.28125000000001166,0.08695652173912506,0.5602094240837696,-0.5000000000000006,1.1454545454545455,0,1,0,0
1.0312499999999893,1.1304347826086751,0.16230366492146597,-0.3382352941176473,-0.08181818181818182,0,1,0,0
-0.81250000000001,-0.5217391304347998,-0.17801047120418848,0.286764705882353,0.7090909090909091,0,1,0,0
0.9375000000000033,0.521739130434775,2.8952879581151834,-1.5000000000000009,0.5454545454545454,1,0,0,0
-0.1250000000000111,0.21739130434782503,0.3612565445026178,-0.15441176470588253,0.2909090909090909,0,0,1,0
0.7187499999999883,0.7391304347826001,-0.27225130890052357,0.13970588235294112,0.02727272727272727,0,1,0,0
-0.4375000000000122,-0.21739130434782503,1.5549738219895288,-1.1250000000000004,-0.2636363636363636,0,0,1,0
0.8437499999999994,0.8695652173913001,-0.08376963350785341,-0.2573529411764707,-0.20909090909090908,0,1,0,0
-0.15625000000000056,0.39130434782607515,0.25654450261780104,-0.5073529411764707,0.2909090909090909,0,1,0,0
-1.3437500000000084,-1.56521739130435,0.7225130890052356,-0.5808823529411766,-0.05454545454545454,0,0,1,0
-0.3125000000000011,0.0,0.3507853403141361,-0.6764705882352946,1.0818181818181818,0,0,1,0
-0.9062500000000139,-0.652173913043475,0.39267015706806285,-0.41911764705882393,-0.2818181818181818,0,1,0,0
0.24999999999998668,0.13043478260867525,-0.24083769633507854,0.2720588235294116,-0.34545454545454546,1,0,0,0
0.43749999999999445,0.43478260869565005,-0.17801047120418848,0.6911764705882355,0.0,0,1,0,0
0.40624999999998723,0.43478260869565005,-0.21465968586387435,-0.22058823529411775,-0.6,0,1,0,0
0.24999999999998668,0.7826086956521503,0.05235602094240838,-0.15441176470588253,-0.6272727272727273,1,0,0,0
0.6562499999999917,0.6086956521739002,-0.41361256544502617,0.3750000000000003,-0.6181818181818182,0,1,0,0
0.21874999999999722,0.13043478260867525,-0.7068062827225131,0.4926470588235293,-0.7818181818181819,0,1,0,0
0.43749999999999445,0.17391304347825012,-0.193717277486911,0.5882352941176473,0.7454545454545455,0,1,0,0
0.6250000000000022,0.2608695652173752,-0.6649214659685864,0.45588235294117635,0.9363636363636364,0,0,1,1
-0.406250000000005,-0.21739130434782503,-1.0157068062827226,1.2720588235294121,0.7090909090909091,1,0,0,0
0.031249999999989453,0.6086956521739002,-0.6282722513089005,0.14705882352941183,-0.42727272727272725,0,1,0,0
-0.4375000000000122,-0.21739130434782503,-0.2670157068062827,0.19117647058823548,0.6636363636363637,0,0,1,0
0.7812500000000028,0.13043478260867525,-0.13089005235602094,0.558823529411765,0.7454545454545455,0,1,0,0
0.21874999999999722,0.21739130434782503,0.2198952879581152,-0.19117647058823548,0.43636363636363634,0,0,1,0
-0.9375000000000033,-0.782608695652175,1.361256544502618,-1.0588235294117654,0.2909090909090909,0,1,0,0
-0.031250000000007216,0.5652173913043252,0.7225130890052356,-0.4117647058823532,0.43636363636363634,1,0,0,0
0.18749999999999,-0.2608695652173999,0.6230366492146597,-0.7058823529411768,-0.8454545454545455,0,0,1,0
-0.8437500000000172,-0.6956521739130499,-0.010471204188481676,0.35294117647058815,-0.7909090909090909,0,1,0,0
0.031249999999989453,0.39130434782607515,0.6492146596858639,-0.47058823529411775,0.36363636363636365,0,1,0,0
0.7187499999999883,0.7826086956521503,-0.2670157068062827,0.22058823529411775,0.2727272727272727,0,1,0,0
1.18749999999999,1.30434782608695,0.05759162303664921,0.07352941176470591,0.12727272727272726,0,0,1,0
-0.8750000000000067,-0.7391304347826249,-0.16230366492146597,0.08823529411764679,-0.36363636363636365,0,1,0,0
-0.37500000000001554,-0.04347826086957489,-0.17277486910994763,0.4264705882352941,0.01818181818181818,0,1,0,0
0.6874999999999989,0.4782608695652002,0.225130890052356,-0.007352941176470696,-0.32727272727272727,0,0,1,0
-0.9062500000000139,-0.6086956521739249,-0.2094240837696335,0.7205882352941178,0.35454545454545455,0,1,0,0
0.43749999999999445,0.21739130434782503,-0.11518324607329843,0.4926470588235293,-0.7909090909090909,0,1,0,0
-0.28125000000001166,0.04347826086955017,0.5549738219895288,-0.5073529411764707,0.44545454545454544,0,1,0,0
-0.031250000000007216,-0.21739130434782503,0.35602094240837695,-0.5147058823529413,-0.38181818181818183,0,1,0,0
-0.37500000000001554,-0.08695652173914978,-0.28272251308900526,0.29411764705882365,0.045454545454545456,0,0,1,0
-0.28125000000001166,0.21739130434782503,0.900523560209424,-0.5000000000000006,-0.7181818181818181,0,1,0,0
0.6874999999999989,0.34782608695650025,0.13612565445026178,-0.4926470588235298,-0.4090909090909091,0,1,0,0
0.24999999999998668,0.34782608695650025,-1.4397905759162304,1.9338235294117658,0.01818181818181818,0,1,0,0
0.06249999999999667,0.6956521739130253,-0.675392670157068,0.573529411764706,1.0454545454545454,0,0,1,1
-0.8437500000000172,-0.6086956521739249,0.2198952879581152,-0.23529411764705913,0.16363636363636364,0,1,0,0
0.031249999999989453,0.13043478260867525,-1.5759162303664922,1.5882352941176479,-0.3,0,0,1,0
-0.6250000000000022,-0.6086956521739249,0.2774869109947644,-0.6250000000000002,0.34545454545454546,0,1,0,0
0.15625000000000056,-0.3043478260869748,-0.2670157068062827,-0.05147058823529435,-0.2636363636363636,0,0,1,0
-0.06250000000001443,-0.3043478260869748,1.8586387434554974,-1.2941176470588243,-0.7727272727272727,0,1,0,0
-0.5937500000000128,-0.4782608695652249,1.0,-0.8897058823529417,-0.9272727272727272,0,0,1,0
0.7812500000000028,0.7826086956521503,0.4973821989528796,-0.3382352941176473,-0.34545454545454546,0,1,0,0
0.40624999999998723,0.2608695652173752,0.06806282722513089,-0.2720588235294121,-0.21818181818181817,1,0,0,0
-0.6250000000000022,-1.043478260869575,1.382198952879581,-0.9632352941176475,0.18181818181818182,0,1,0,0
-0.7812500000000028,-0.782608695652175,0.8115183246073299,-0.4264705882352946,-0.43636363636363634,0,1,0,0
-0.406250000000005,-0.08695652173914978,0.3403141361256545,-0.47058823529411775,-0.8545454545454545,0,1,0,0
0.06249999999999667,-0.2608695652173999,-0.3403141361256545,0.286764705882353,-0.43636363636363634,1,0,0,0
0.15625000000000056,0.17391304347825012,0.3507853403141361,-0.13235294117647095,-0.8454545454545455,0,1,0,0
0.18749999999999,0.3043478260869501,-1.0837696335078535,1.330882352941177,0.8818181818181818,1,0,0,0
-0.031250000000007216,0.521739130434775,-0.5026178010471204,0.5294117647058822,0.9181818181818182,0,1,0,0
-1.093750000000004,-1.1304347826087,0.41361256544502617,-0.16176470588235323,0.8181818181818182,0,1,0,0
1.1249999999999933,1.086956521739125,1.0890052356020943,-0.9191176470588239,0.5727272727272728,1,0,0,0
-0.18750000000000777,0.34782608695650025,0.387434554973822,-0.4044117647058825,0.4727272727272727,0,0,1,0
-0.6875000000000167,-0.43478260869565005,0.09424083769633508,-0.29411764705882365,-0.8363636363636363,0,1,0,0
-0.5000000000000089,-0.3043478260869748,0.07329842931937172,0.007352941176470696,-0.5636363636363636,0,1,0,0
-1.0312500000000073,-1.043478260869575,0.32460732984293195,0.0,-0.16363636363636364,0,1,0,0
-0.37500000000001554,-0.782608695652175,1.8429319371727748,-1.1985294117647065,-0.6727272727272727,0,1,0,0
-0.81250000000001,-0.3043478260869748,1.5706806282722514,-1.1323529411764712,-0.08181818181818182,0,1,0,0
0.031249999999989453,-0.3043478260869748,0.12041884816753927,-0.3529411764705887,-0.5545454545454546,0,1,0,0
0.15625000000000056,-0.17391304347827483,-0.17277486910994763,0.2720588235294116,-0.8090909090909091,1,0,0,0
-0.37500000000001554,-0.34782608695652495,-0.6701570680628273,0.19117647058823548,-0.44545454545454544,1,0,0,0
0.34374999999999056,0.13043478260867525,0.06282722513089005,-0.12500000000000025,-0.509090909090909,0,1,0,0
0.6874999999999989,0.5652173913043252,0.35602094240837695,-0.5441176470588237,-0.8181818181818182,0,0,1,0
-0.18750000000000777,-0.5217391304347998,-0.2879581151832461,0.20588235294117635,-0.3,0,0,1,0
0.8124999999999922,0.9130434782608502,0.3612565445026178,-0.41911764705882393,1.1,0,1,0,0
-0.18750000000000777,-0.39130434782609985,1.931937172774869,-1.2867647058823535,0.5,1,0,0,0
-0.218750000000015,-0.5217391304347998,-0.3298429319371728,0.17647058823529407,-0.18181818181818182,0,1,0,0
-0.46875000000000167,-0.17391304347827483,2.2094240837696337,-1.3235294117647065,-0.9090909090909091,0,1,0,0
1.18749999999999,1.2173913043478004,-0.38219895287958117,0.9852941176470591,0.7454545454545455,0,0,1,0
0.21874999999999722,0.2608695652173752,-0.8586387434554974,1.3970588235294124,0.8727272727272727,0,1,0,1
0.09374999999998612,0.5652173913043252,0.25654450261780104,-0.8308823529411768,0.2545454545454545,0,1,0,0
-0.4375000000000122,-0.08695652173914978,-0.10471204188481675,-0.5367647058823535,0.3181818181818182,0,1,0,0
0.12499999999999334,0.6086956521739002,-0.020942408376963352,-0.18382352941176477,-0.3090909090909091,0,1,0,0
-0.7500000000000133,-0.5217391304347998,0.06806282722513089,-0.47058823529411775,-0.13636363636363635,0,1,0,0
-0.9062500000000139,-0.8260869565217499,-0.5130890052356021,0.17647058823529407,0.8818181818181818,0,0,1,0
0.46875000000000167,0.17391304347825012,1.6020942408376964,-1.0735294117647065,-0.6090909090909091,0,1,0,0
-0.25000000000000444,0.3043478260869501,-0.5863874345549738,0.5,-0.7818181818181819,0,1,0,0
0.3749999999999978,0.13043478260867525,-0.23036649214659685,0.3382352941176473,-0.13636363636363635,0,1,0,0
0.8124999999999922,0.9999999999999752,-0.418848167539267,0.8676470588235295,-0.42727272727272725,0,1,0,0
0.4999999999999911,0.3043478260869501,-0.05235602094240838,0.5514705882352944,0.34545454545454546,0,1,0,0
0.24999999999998668,-0.17391304347827483,-0.3769633507853403,0.09558823529411747,0.8363636363636363,0,1,0,0
-0.3125000000000011,0.21739130434782503,2.18848167539267,-1.191176470588236,0.4636363636363636,0,1,0,0
0.18749999999999,-0.2608695652173999,0.8586387434554974,-0.7058823529411768,-0.7090909090909091,1,0,0,0
-0.6250000000000022,-0.913043478260875,0.7801047120418848,-0.8529411764705886,-0.4,0,1,0,0
0.6874999999999989,0.6956521739130253,0.193717277486911,-0.8235294117647064,0.38181818181818183,0,0,1,0
0.09374999999998612,-0.13043478260869995,0.07329842931937172,0.01470588235294087,0.38181818181818183,0,0,1,0
0.43749999999999445,0.13043478260867525,-0.08900523560209424,-0.036764705882352956,0.33636363636363636,0,0,1,0
0.593749999999995,0.3043478260869501,-0.2931937172774869,0.19117647058823548,1.1090909090909091,0,1,0,0
-0.6562500000000094,-0.782608695652175,-0.5130890052356021,1.1838235294117654,1.009090909090909,0,1,0,1
0.24999999999998668,0.3043478260869501,0.07329842931937172,0.3088235294117645,-0.9363636363636364,0,1,0,0
-0.7187500000000061,-0.4782608695652249,-0.3612565445026178,0.2352941176470586,-0.1,0,0,1,0
0.06249999999999667,0.7391304347826001,0.23036649214659685,-0.029411764705882262,0.12727272727272726,0,1,0,0
-1.0000000000000178,-1.086956521739125,0.05759162303664921,-0.3235294117647059,-0.06363636363636363,0,1,0,0
0.21874999999999722,0.521739130434775,1.4607329842931938,-0.9705882352941183,0.08181818181818182,0,1,0,0
-0.9687500000000105,-0.8695652173913001,-0.774869109947644,0.2647058823529414,1.0,0,1,0,0
0.7812500000000028,0.652173913043475,-1.0052356020942408,0.9632352941176475,-0.9727272727272728,0,1,0,0
0.21874999999999722,0.6956521739130253,-0.18324607329842932,-0.10294117647058817,-0.6181818181818182,1,0,0,0
1.0312499999999893,0.5652173913043252,0.5392670157068062,-0.7720588235294121,0.13636363636363635,0,0,1,0
0.7499999999999956,0.8260869565217251,-0.3036649214659686,1.0808823529411766,-0.9727272727272728,0,0,1,0
-0.18750000000000777,0.3043478260869501,1.3141361256544504,-0.6470588235294121,0.06363636363636363,0,0,1,0
-0.6250000000000022,-0.652173913043475,-0.33507853403141363,0.35294117647058815,0.8909090909090909,0,1,0,0
0.2812499999999939,0.2608695652173752,0.07329842931937172,0.007352941176470696,0.5818181818181818,0,0,1,0
-0.5000000000000089,-0.17391304347827483,0.5759162303664922,-0.25,-0.9727272727272728,0,1,0,0
0.0,0.6086956521739002,-0.6282722513089005,0.6617647058823533,-0.6727272727272727,1,0,0,0
-0.5937500000000128,-0.8260869565217499,-0.5026178010471204,0.5147058823529413,0.41818181818181815,0,1,0,0
-0.8750000000000067,-0.4782608695652249,0.2356020942408377,-0.19852941176470618,0.5818181818181818,0,1,0,0
0.06249999999999667,0.652173913043475,-0.7539267015706806,1.0294117647058827,-0.23636363636363636,0,0,1,0
-1.3125000000000189,-1.6086956521739249,0.3769633507853403,-0.8529411764705886,-0.3,0,1,0,0
-0.3437500000000083,0.04347826086955017,-0.47643979057591623,0.29411764705882365,1.2636363636363637,0,1,0,0
-0.218750000000015,-0.34782608695652495,-0.09424083769633508,0.5147058823529413,0.9272727272727272,0,0,1,0
0.7499999999999956,0.8260869565217251,0.3717277486910995,-0.4632352941176476,-0.4,0,1,0,0
0.3749999999999978,0.2608695652173752,0.47643979057591623,-0.4411764705882355,0.5909090909090909,0,1,0,0
1.093750000000004,1.086956521739125,1.0261780104712042,-0.8970588235294124,0.4818181818181818,0,1,0,0
0.031249999999989453,-0.3043478260869748,0.1256544502617801,-0.22794117647058842,0.7909090909090909,0,1,0,0
-0.218750000000015,-0.39130434782609985,-0.17277486910994763,0.3161764705882352,0.2545454545454545,0,0,1,0
-0.6875000000000167,-1.0,-1.0471204188481675,1.4117647058823533,-0.2909090909090909,0,0,1,0
-0.218750000000015,-0.3043478260869748,-0.9267015706806283,0.5441176470588237,-0.6545454545454545,0,0,1,0
0.21874999999999722,0.6956521739130253,-0.4031413612565445,0.39705882352941185,-0.8272727272727273,0,1,0,0
-0.18750000000000777,0.3043478260869501,1.9371727748691099,-1.3088235294117654,0.9454545454545454,0,1,0,0
0.6562499999999917,0.43478260869565005,0.6649214659685864,-0.4044117647058825,-0.11818181818181818,0,1,0,0
-0.8437500000000172,-0.6086956521739249,-0.9424083769633508,0.808823529411765,0.20909090909090908,1,0,0,0
-0.7187500000000061,-0.5217391304347998,0.14136125654450263,-0.18382352941176477,-0.00909090909090909,0,1,0,0
-0.031250000000007216,-0.34782608695652495,-0.5654450261780105,1.2058823529411768,0.13636363636363635,0,1,0,0
0.09374999999998612,0.0,0.0,0.15441176470588253,0.8090909090909091,0,1,0,0
1.0624999999999967,1.2173913043478004,-1.193717277486911,1.786764705882354,0.05454545454545454,0,1,0,0
-0.09375000000000389,0.43478260869565005,0.44502617801047123,-0.15441176470588253,0.6909090909090909,0,1,0,0
0.34374999999999056,0.652173913043475,-0.418848167539267,0.5808823529411766,0.8363636363636363,0,0,1,0
-0.5937500000000128,-0.9565217391304498,0.21465968586387435,-0.6397058823529417,0.7727272727272727,0,1,0,0
-0.5312500000000161,-0.21739130434782503,1.0837696335078535,-0.9411764705882357,0.509090909090909,0,1,0,1
-0.5937500000000128,-1.0,-0.774869109947644,1.4191176470588238,0.07272727272727272,0,1,0,0
-0.81250000000001,-0.5217391304347998,1.0104712041884816,-0.6764705882352946,0.23636363636363636,0,1,0,0
0.43749999999999445,0.21739130434782503,-0.2931937172774869,0.13235294117647042,0.3,0,0,1,0
0.06249999999999667,0.7391304347826001,3.3403141361256545,-1.5882352941176479,0.8818181818181818,1,0,0,0
-0.6562500000000094,-1.1304347826087,-0.6073298429319371,0.39705882352941185,0.5363636363636364,0,0,1,0
-1.0000000000000178,-1.0,-0.581151832460733,0.27941176470588225,-0.9727272727272728,0,0,1,0
0.5312499999999983,0.2608695652173752,0.10471204188481675,0.2352941176470586,-0.42727272727272725,0,1,0,0
-0.5937500000000128,-0.43478260869565005,0.18848167539267016,-0.2647058823529414,0.24545454545454545,0,1,0,0
-0.5312500000000161,-0.17391304347827483,-0.4397905759162304,0.08823529411764679,0.4727272727272727,0,1,0,0
1.18749999999999,1.3478260869565002,0.9267015706806283,-0.808823529411765,0.8545454545454545,1,0,0,0
1.0624999999999967,0.9130434782608502,0.041884816753926704,-0.22058823529411775,-0.7272727272727273,0,1,0,0
-0.7500000000000133,-0.8260869565217499,-0.015706806282722512,-0.014705882352941391,0.4636363636363636,0,1,0,0
-0.8750000000000067,-0.782608695652175,-0.16753926701570682,-0.13970588235294112,-0.6363636363636364,0,1,0,0
0.3125000000000011,-0.13043478260869995,0.08376963350785341,-0.036764705882352956,0.5454545454545454,0,1,0,0
1.2812499999999938,1.3913043478260751,0.8638743455497382,-0.3235294117647059,0.6636363636363637,0,1,0,0
-1.406250000000005,-1.69565217391305,0.675392670157068,-0.5808823529411766,-0.2818181818181818,1,0,0,0
-0.81250000000001,-0.7391304347826249,1.1518324607329844,-0.9411764705882357,-0.36363636363636365,0,1,0,0
0.3125000000000011,0.521739130434775,0.6649214659685864,-0.7794117647058828,-0.509090909090909,0,1,0,0
-0.09375000000000389,-0.4782608695652249,0.581151832460733,-0.683823529411765,-0.06363636363636363,0,1,0,0
0.031249999999989453,0.13043478260867525,1.5968586387434556,-1.0514705882352946,-0.6545454545454545,0,1,0,0
-0.3125000000000011,-0.8260869565217499,-0.9633507853403142,1.485294117647059,-0.6454545454545455,0,1,0,0
-0.09375000000000389,-0.13043478260869995,0.20418848167539266,-0.05147058823529435,0.43636363636363634,0,1,0,0
0.031249999999989453,-0.21739130434782503,0.13089005235602094,-0.36764705882352955,-0.5727272727272728,0,0,1,0
0.593749999999995,-0.17391304347827483,0.2513089005235602,-0.3897058823529417,0.9090909090909091,0,1,0,0
1.093750000000004,1.2608695652173751,0.4712041884816754,-0.6250000000000002,-0.5,0,1,0,0
1.0624999999999967,0.9565217391304252,0.6335078534031413,-0.3897058823529417,0.12727272727272726,0,0,1,0
0.06249999999999667,-0.08695652173914978,0.07853403141361257,-0.2720588235294121,-0.9727272727272728,0,1,0,0
0.09374999999998612,0.7391304347826001,-0.7120418848167539,1.2573529411764712,-0.8818181818181818,0,1,0,0
-0.4375000000000122,-0.6956521739130499,-0.3089005235602094,1.0367647058823535,-0.4090909090909091,0,1,0,0
0.6874999999999989,0.652173913043475,1.4712041884816753,-1.0073529411764712,-0.2545454545454545,0,1,0,0
-1.4375000000000122,-1.7391304347826002,-0.07853403141361257,0.04411764705882365,-0.6909090909090909,0,1,0,0
0.9062499999999961,0.4782608695652002,0.46596858638743455,-0.0882352941176473,0.7363636363636363,0,0,1,0
-0.09375000000000389,-0.39130434782609985,-0.06282722513089005,0.5441176470588237,0.990909090909091,0,1,0,0
0.06249999999999667,0.43478260869565005,-0.12041884816753927,0.4779411764705884,0.7090909090909091,0,1,0,0
0.40624999999998723,0.3043478260869501,-0.5968586387434555,0.9264705882352946,0.16363636363636364,0,1,0,0
0.21874999999999722,-0.3043478260869748,-0.07329842931937172,-0.12500000000000025,0.01818181818181818,0,1,0,0
-0.6562500000000094,-0.8695652173913001,-0.8586387434554974,0.845588235294118,0.8181818181818182,0,0,1,0
0.4999999999999911,0.39130434782607515,-0.1518324607329843,0.18382352941176477,0.5181818181818182,0,1,0,0
-0.406250000000005,-0.04347826086957489,0.14136125654450263,-0.13235294117647095,-0.4909090909090909,1,0,0,0
0.6874999999999989,0.6956521739130253,-1.162303664921466,0.6397058823529411,-0.9727272727272728,0,1,0,0
0.24999999999998668,1.1304347826086751,-0.45549738219895286,0.2720588235294116,0.045454545454545456,0,1,0,0
0.24999999999998668,0.39130434782607515,1.8324607329842932,-1.2132352941176476,0.13636363636363635,1,0,0,0
-0.031250000000007216,0.0,1.356020942408377,-0.8897058823529417,0.8636363636363636,0,1,0,0
-0.81250000000001,-0.7391304347826249,-0.36649214659685864,0.7279411764705884,1.009090909090909,0,1,0,0
0.24999999999998668,0.39130434782607515,2.6178010471204187,-1.4632352941176479,0.2818181818181818,0,1,0,0
0.18749999999999,-0.2608695652173999,1.2041884816753927,-0.9852941176470594,0.00909090909090909,0,0,1,0
-0.28125000000001166,-0.5217391304347998,-0.2931937172774869,-0.036764705882352956,-0.7727272727272727,0,0,1,0
0.031249999999989453,-0.21739130434782503,-0.06282722513089005,0.12499999999999974,-0.6,0,0,1,0
-0.81250000000001,-0.7391304347826249,-0.32460732984293195,0.3235294117647059,-0.9363636363636364,0,1,0,0
0.40624999999998723,0.21739130434782503,1.8429319371727748,-1.0882352941176476,0.6454545454545455,0,0,1,0
0.43749999999999445,0.43478260869565005,2.8900523560209423,-1.7132352941176479,-0.01818181818181818,0,1,0,0
-0.7812500000000028,-0.6086956521739249,-0.2513089005235602,0.595588235294118,0.34545454545454546,0,1,0,0
0.09374999999998612,0.04347826086955017,-0.3769633507853403,0.22794117647058842,-0.9727272727272728,1,0,0,0
0.5312499999999983,-0.2608695652173999,1.198952879581152,-0.7352941176470591,1.0272727272727273,0,0,1,0
0.18749999999999,0.6956521739130253,0.1518324607329843,-0.007352941176470696,-0.9727272727272728,0,0,1,0
0.21874999999999722,0.2608695652173752,-0.2670157068062827,0.21323529411764705,0.2909090909090909,0,0,1,0
0.6874999999999989,0.6086956521739002,0.14136125654450263,0.1617647058823527,-0.7818181818181819,0,0,1,0
-0.25000000000000444,-0.4782608695652249,-0.15706806282722513,0.45588235294117635,0.35454545454545455,0,1,0,0
0.7499999999999956,0.7826086956521503,0.1518324607329843,-0.095588235294118,-0.1,0,0,1,0
-0.81250000000001,-0.652173913043475,-0.3298429319371728,-0.095588235294118,-0.7090909090909091,0,0,1,0
0.6874999999999989,0.0,-0.6020942408376964,0.7205882352941178,-0.5363636363636364,0,1,0,0
-0.5625000000000056,-0.3043478260869748,-0.18324607329842932,0.4485294117647062,-0.8818181818181818,0,1,0,0
0.15625000000000056,-0.2608695652173999,0.06806282722513089,-0.08088235294117661,0.3181818181818182,0,1,0,0
-0.6562500000000094,-0.8260869565217499,-0.5654450261780105,0.6617647058823533,0.9,0,0,1,0
-0.25000000000000444,-0.39130434782609985,4.0680628272251305,-1.8161764705882362,0.9090909090909091,0,1,0,0
0.40624999999998723,0.21739130434782503,-0.3769633507853403,0.036764705882352956,-0.05454545454545454,0,0,1,0
0.031249999999989453,-0.2608695652173999,-0.837696335078534,0.7426470588235299,-0.08181818181818182,0,1,0,0
-0.5000000000000089,-0.3043478260869748,0.36649214659685864,-0.4779411764705884,0.32727272727272727,1,0,0,0
-0.37500000000001554,0.0,1.293193717277487,-1.1102941176470593,0.44545454545454544,0,1,0,0
-0.1250000000000111,-0.34782608695652495,-0.3036649214659686,0.18382352941176477,-0.9727272727272728,0,1,0,0
0.6874999999999989,0.6086956521739002,-0.6230366492146597,0.7867647058823529,-0.8545454545454545,0,1,0,0
-1.218750000000015,-1.43478260869565,-0.5968586387434555,0.9705882352941178,0.22727272727272727,0,1,0,0
0.3749999999999978,0.08695652173912506,-0.9947643979057592,1.1397058823529416,0.18181818181818182,0,1,0,0
-0.5625000000000056,-0.2608695652173999,-0.39790575916230364,1.0441176470588236,-0.16363636363636364,1,0,0,0
0.15625000000000056,0.04347826086955017,-0.6544502617801047,0.5294117647058822,-0.32727272727272727,0,1,0,0
0.5624999999999878,0.3043478260869501,-0.19895287958115182,0.3088235294117645,-0.45454545454545453,0,1,0,0
0.6874999999999989,0.34782608695650025,0.4397905759162304,-0.2573529411764707,-0.7909090909090909,0,1,0,0
-0.7187500000000061,-1.086956521739125,-0.7905759162303665,0.6838235294117648,-0.045454545454545456,0,0,1,0
-0.406250000000005,-0.43478260869565005,-0.7068062827225131,0.6617647058823533,0.09090909090909091,0,0,1,0
1.0624999999999967,1.1304347826086751,1.0,-0.9411764705882357,-0.6090909090909091,0,1,0,0
-0.46875000000000167,0.0,-0.33507853403141363,0.7205882352941178,-0.8181818181818182,0,1,0,0
0.15625000000000056,0.04347826086955017,0.08376963350785341,0.3308823529411766,-0.34545454545454546,0,1,0,0
0.40624999999998723,0.39130434782607515,0.15706806282722513,0.4191176470588234,0.16363636363636364,0,1,0,0
-0.6562500000000094,-0.6086956521739249,-0.581151832460733,0.9779411764705884,-0.02727272727272727,0,0,1,0
0.031249999999989453,0.04347826086955017,-0.6544502617801047,0.27941176470588225,0.7818181818181819,0,1,0,0
0.24999999999998668,0.6086956521739002,1.743455497382199,-1.3455882352941182,-0.8636363636363636,0,0,1,0
1.0,1.04347826086955,2.4345549738219896,-1.4338235294117654,0.20909090909090908,0,1,0,0
0.7812500000000028,0.652173913043475,-1.4450261780104712,2.0661764705882364,0.7272727272727273,0,0,1,1
1.2500000000000044,1.3478260869565002,-0.4869109947643979,0.1691176470588234,0.43636363636363634,0,0,1,0
0.0,-0.17391304347827483,-0.32460732984293195,0.0,-0.5545454545454546,0,1,0,0
-0.28125000000001166,-0.7391304347826249,-0.5602094240837696,0.632352941176471,-0.8545454545454545,0,0,1,0
-1.3437500000000084,-1.6086956521739249,-0.9319371727748691,1.1838235294117654,-0.38181818181818183,0,1,0,0
-0.8437500000000172,-0.34782608695652495,0.6230366492146597,-0.3750000000000003,0.14545454545454545,0,0,1,0
-0.406250000000005,-0.04347826086957489,-0.418848167539267,0.14705882352941183,0.42727272727272725,0,1,0,0
0.09374999999998612,0.652173913043475,0.07853403141361257,-0.2720588235294121,-0.4909090909090909,0,0,1,0
-0.5312500000000161,-0.5217391304347998,0.6544502617801047,-0.38235294117647095,-0.12727272727272726,0,1,0,0
0.6250000000000022,0.34782608695650025,-0.13612565445026178,0.09558823529411747,0.7,0,1,0,0
0.0,0.5652173913043252,2.130890052356021,-1.2573529411764712,0.41818181818181815,0,1,0,0
-0.5625000000000056,-0.2608695652173999,0.2094240837696335,0.7205882352941178,0.8363636363636363,0,0,1,0
0.3749999999999978,0.34782608695650025,0.04712041884816754,-0.23529411764705913,0.4727272727272727,0,0,1,0
-0.5000000000000089,-0.5217391304347998,-0.015706806282722512,0.01470588235294087,0.9090909090909091,1,0,0,0
-0.5937500000000128,-0.782608695652175,1.581151832460733,-0.6250000000000002,-0.1,0,1,0,0
-0.8437500000000172,-0.913043478260875,-0.3298429319371728,0.1691176470588234,0.7545454545454545,0,0,1,0
0.09374999999998612,0.5652173913043252,-0.7905759162303665,1.2647058823529413,0.08181818181818182,0,0,1,0
0.40624999999998723,0.3043478260869501,1.3979057591623036,-1.1764705882352946,0.045454545454545456,0,1,0,0
-0.5000000000000089,-0.8260869565217499,0.4816753926701571,-0.5735294117647064,-0.5545454545454546,0,1,0,0
-0.7187500000000061,-1.1739130434782747,-0.3403141361256545,0.2573529411764707,0.3090909090909091,0,0,1,0
-0.09375000000000389,0.34782608695650025,-0.39790575916230364,0.5220588235294121,0.5545454545454546,1,0,0,0
-0.28125000000001166,-0.6956521739130499,0.12041884816753927,-0.20588235294117688,0.2545454545454545,0,0,1,0
-1.3437500000000084,-1.5217391304347752,-0.12041884816753927,0.22794117647058842,-0.13636363636363635,0,0,1,0
-0.8750000000000067,-0.56521739130435,-0.020942408376963352,0.3014705882352943,0.24545454545454545,1,0,0,0
1.2187499999999971,1.2608695652173751,-0.5549738219895288,0.1691176470588234,0.05454545454545454,0,1,0,0
-1.0312500000000073,-0.9565217391304498,-0.49214659685863876,0.3088235294117645,0.34545454545454546,0,0,1,0
0.2812499999999939,-0.17391304347827483,0.041884816753926704,-0.058823529411765045,0.35454545454545455,0,0,1,0
0.18749999999999,-0.2608695652173999,-0.1256544502617801,0.2573529411764707,1.209090909090909,0,1,0,0
-0.406250000000005,-0.56521739130435,2.554973821989529,-1.4264705882352948,-0.43636363636363634,0,1,0,0
0.8124999999999922,0.43478260869565005,-1.0785340314136125,1.514705882352942,0.16363636363636364,0,0,1,1
0.5624999999999878,0.39130434782607515,-0.7853403141361257,0.2720588235294116,0.20909090909090908,0,1,0,0
-0.406250000000005,-0.08695652173914978,0.11518324607329843,-0.029411764705882262,-0.2727272727272727,0,1,0,0
0.5312499999999983,0.34782608695650025,0.09424083769633508,-0.058823529411765045,0.8181818181818182,0,1,0,0
0.9375000000000033,0.521739130434775,-0.04712041884816754,0.19117647058823548,1.0363636363636364,1,0,0,0
-0.5312500000000161,-0.913043478260875,0.193717277486911,-0.1691176470588239,-0.9090909090909091,0,1,0,0
-0.7812500000000028,-0.6956521739130499,1.806282722513089,-1.205882352941177,-0.6363636363636364,0,0,1,0
-0.9375000000000033,-0.6956521739130499,-0.10471204188481675,0.5,0.8727272727272727,0,1,0,0
-0.06250000000001443,-0.2608695652173999,-0.6858638743455497,1.1838235294117654,0.23636363636363636,0,0,1,0
0.5624999999999878,0.2608695652173752,-0.12041884816753927,0.5147058823529413,-0.35454545454545455,0,1,0,0
-0.6562500000000094,-1.086956521739125,-0.6178010471204188,0.3602941176470589,0.4636363636363636,0,1,0,0
0.43749999999999445,0.2608695652173752,0.6020942408376964,-0.3382352941176473,1.009090909090909,0,1,0,0
0.031249999999989453,0.652173913043475,-0.6701570680628273,1.235294117647059,0.43636363636363634,0,1,0,0
0.18749999999999,0.3043478260869501,-0.2670157068062827,0.573529411764706,-0.2727272727272727,0,0,1,0
-0.28125000000001166,0.3043478260869501,1.350785340314136,-0.7132352941176475,0.6636363636363637,1,0,0,0
-0.6250000000000022,-0.913043478260875,0.643979057591623,-0.2647058823529414,-0.21818181818181817,0,1,0,0
1.1249999999999933,1.2173913043478004,0.3298429319371728,-0.5514705882352944,-0.8909090909090909,0,0,1,0
-0.7500000000000133,-0.4782608695652249,0.18324607329842932,0.22794117647058842,-0.7,0,1,0,0
-0.7812500000000028,-1.2608695652173998,-0.08900523560209424,0.036764705882352956,-0.5909090909090909,0,1,0,0
0.6874999999999989,0.43478260869565005,0.2094240837696335,-0.19117647058823548,-0.3090909090909091,1,0,0,0
-0.6562500000000094,-0.6086956521739249,-0.21465968586387435,0.595588235294118,0.8818181818181818,0,1,0,0
0.3749999999999978,0.43478260869565005,0.4083769633507853,-0.6764705882352946,-0.6909090909090909,0,0,1,0
-0.406250000000005,-0.21739130434782503,0.5759162303664922,-0.9117647058823535,0.32727272727272727,0,1,0,0
-0.6562500000000094,-1.217391304347825,-0.41361256544502617,0.47058823529411775,0.7090909090909091,0,1,0,0
-1.0000000000000178,-0.913043478260875,0.7225130890052356,-0.5000000000000006,-0.36363636363636365,0,0,1,0
-0.09375000000000389,0.17391304347825012,-0.6701570680628273,1.0147058823529413,0.02727272727272727,0,0,1,0
-0.7500000000000133,-1.2608695652173998,-0.6858638743455497,0.9338235294117648,-0.6727272727272727,0,0,1,0
0.2812499999999939,0.9130434782608502,0.518324607329843,-0.30882352941176505,-0.36363636363636365,0,1,0,0
-0.8437500000000172,-0.6956521739130499,1.350785340314136,-0.9485294117647064,-0.2818181818181818,0,1,0,0
0.09374999999998612,0.4782608695652002,1.057591623036649,-0.8382352941176475,-0.7909090909090909,0,1,0,0
0.21874999999999722,0.8695652173913001,0.1256544502617801,-0.36764705882352955,0.5181818181818182,1,0,0,0
-0.6250000000000022,-0.8260869565217499,0.09424083769633508,-0.058823529411765045,0.4,0,1,0,0
0.18749999999999,0.17391304347825012,1.8848167539267016,-1.316176470588236,0.03636363636363636,0,0,1,0
0.593749999999995,0.21739130434782503,0.16753926701570682,-0.11029411764705888,-0.6636363636363637,0,0,1,0
-0.9687500000000105,-0.7391304347826249,-1.036649214659686,1.0661764705882357,0.5545454545454546,1,0,0,0
-0.25000000000000444,0.2608695652173752,-0.3298429319371728,0.39705882352941185,0.35454545454545455,0,0,1,0
0.06249999999999667,0.17391304347825012,0.09947643979057591,-0.07352941176470591,1.0,0,1,0,0
-0.9687500000000105,-0.8695652173913001,-0.2513089005235602,0.25,0.13636363636363635,0,1,0,0
0.0,0.521739130434775,-0.17277486910994763,0.3750000000000003,-0.6090909090909091,0,1,0,0
0.7499999999999956,0.8260869565217251,-0.041884816753926704,-0.095588235294118,0.7181818181818181,0,1,0,0
-0.8750000000000067,-0.652173913043475,-0.29842931937172773,0.7352941176470591,0.33636363636363636,0,1,0,0
-0.031250000000007216,0.6086956521739002,0.4607329842931937,-0.595588235294118,-0.2545454545454545,0,1,0,0
0.21874999999999722,0.5652173913043252,1.198952879581152,-0.9705882352941183,-0.5636363636363636,0,0,1,0
0.15625000000000056,0.8260869565217251,-0.06806282722513089,0.15441176470588253,-0.9454545454545454,0,1,0,0
-0.7187500000000061,-0.17391304347827483,2.261780104712042,-1.3235294117647065,0.5818181818181818,0,1,0,0
-0.8437500000000172,-0.782608695652175,0.675392670157068,-0.48529411764705915,-0.6181818181818182,0,1,0,0
-0.7187500000000061,-1.0,0.2094240837696335,0.2647058823529414,-0.9,0,0,1,0
1.093750000000004,0.6956521739130253,0.225130890052356,-0.11764705882352956,-0.39090909090909093,0,1,0,0
-0.25000000000000444,0.17391304347825012,-1.162303664921466,1.448529411764706,-0.8363636363636363,0,1,0,0
-0.9687500000000105,-1.086956521739125,0.9267015706806283,-0.3161764705882357,-0.7909090909090909,0,1,0,0
0.2812499999999939,0.34782608695650025,1.2408376963350785,-0.8235294117647064,0.2,0,1,0,0
-0.3437500000000083,-0.782608695652175,-0.32460732984293195,0.286764705882353,-0.5363636363636364,0,1,0,0
-0.81250000000001,-0.5217391304347998,0.4869109947643979,-0.6911764705882357,-0.9272727272727272,0,1,0,0
0.12499999999999334,0.5652173913043252,0.2774869109947644,0.38235294117647045,-0.44545454545454544,0,1,0,0
0.21874999999999722,0.17391304347825012,-0.49214659685863876,0.7720588235294121,0.3090909090909091,0,0,1,0
0.5312499999999983,0.2608695652173752,0.23036649214659685,0.11764705882352956,-0.3181818181818182,0,1,0,0
-0.46875000000000167,0.04347826086955017,-0.9162303664921466,0.7647058823529413,-0.8636363636363636,0,0,1,0
-0.81250000000001,-0.6956521739130499,0.8795811518324608,-0.8897058823529417,0.4636363636363636,1,0,0,0
-0.7187500000000061,-0.56521739130435,0.6178010471204188,-0.29411764705882365,-0.35454545454545455,0,1,0,0
-0.4375000000000122,0.08695652173912506,-0.27225130890052357,-0.007352941176470696,-0.19090909090909092,0,1,0,0
-0.81250000000001,-0.8695652173913001,-0.12041884816753927,0.1691176470588234,0.045454545454545456,0,0,1,0
0.0,0.0,-0.010471204188481676,-0.058823529411765045,0.8,0,0,1,0
-0.5000000000000089,-0.3043478260869748,-0.44502617801047123,0.36764705882352955,0.37272727272727274,0,1,0,0
-0.4375000000000122,-0.7391304347826249,0.020942408376963352,0.4117647058823532,0.7727272727272727,0,0,1,0
0.18749999999999,-0.2608695652173999,-0.7905759162303665,0.286764705882353,0.17272727272727273,0,0,1,0
-0.46875000000000167,-0.21739130434782503,0.6910994764397905,-0.7647058823529417,-0.8909090909090909,0,0,1,0
-0.37500000000001554,-0.13043478260869995,-0.5602094240837696,0.6544117647058825,-0.8545454545454545,0,1,0,0
-0.28125000000001166,-0.7391304347826249,0.13612565445026178,0.21323529411764705,-0.5181818181818182,0,0,1,0
0.7187499999999883,0.04347826086955017,0.39267015706806285,-0.6544117647058828,0.2909090909090909,0,1,0,0
0.24999999999998668,-0.17391304347827483,-0.5706806282722513,0.6397058823529411,0.7727272727272727,0,0,1,0
0.7499999999999956,0.8695652173913001,0.16230366492146597,-0.11029411764705888,-0.9454545454545454,0,1,0,0
-0.8437500000000172,-0.7391304347826249,-0.5706806282722513,0.7352941176470591,0.9636363636363636,0,1,0,0
-0.6875000000000167,-0.913043478260875,2.3612565445026177,-1.3970588235294124,-0.5909090909090909,0,1,0,0
-1.093750000000004,-1.217391304347825,-0.1518324607329843,-0.007352941176470696,0.4636363636363636,0,1,0,0
1.0624999999999967,1.17391304347825,0.1099476439790576,-0.05147058823529435,-0.1,0,1,0,0
-0.5312500000000161,-0.8260869565217499,-0.13089005235602094,0.25,0.9,1,0,0,0
0.6250000000000022,0.0,1.7853403141361257,-1.1397058823529416,0.5818181818181818,1,0,0,0
0.06249999999999667,-0.34782608695652495,-0.8272251308900523,0.9852941176470591,0.7727272727272727,0,1,0,0
1.093750000000004,1.04347826086955,-0.6701570680628273,1.0220588235294121,0.7181818181818181,1,0,0,0
0.40624999999998723,0.13043478260867525,0.5602094240837696,-0.11029411764705888,-0.8272727272727273,1,0,0,0
-0.3437500000000083,0.0,2.005235602094241,-1.389705882352942,-0.8545454545454545,0,1,0,0
0.0,-0.39130434782609985,0.9633507853403142,-0.9117647058823535,-0.10909090909090909,0,0,1,0
0.46875000000000167,0.21739130434782503,-1.4712041884816753,2.1985294117647065,-0.4090909090909091,0,1,0,0
0.593749999999995,0.21739130434782503,-0.9319371727748691,1.1176470588235297,0.7727272727272727,0,1,0,0
-0.406250000000005,0.08695652173912506,1.0732984293193717,-0.9558823529411768,-0.2636363636363636,1,0,0,0
-0.15625000000000056,0.34782608695650025,1.1151832460732984,-0.8529411764705886,0.09090909090909091,0,1,0,0
1.0624999999999967,0.6956521739130253,0.42408376963350786,-0.5441176470588237,0.32727272727272727,1,0,0,0
0.43749999999999445,0.3043478260869501,1.4764397905759161,-1.0735294117647065,0.11818181818181818,0,1,0,0
1.0,0.521739130434775,-0.8010471204188482,0.5882352941176473,-0.6818181818181818,0,1,0,1
-1.0000000000000178,-1.0,0.24083769633507854,-0.1691176470588239,-0.02727272727272727,1,0,0,0
-1.218750000000015,-1.2608695652173998,0.680628272251309,-0.6617647058823533,-0.9727272727272728,0,0,1,0
-0.5937500000000128,-0.7391304347826249,0.04712041884816754,-0.38235294117647095,0.6727272727272727,0,1,0,0
-0.5312500000000161,-0.913043478260875,-0.45549738219895286,-0.13970588235294112,0.8272727272727273,0,0,1,1
0.2812499999999939,0.39130434782607515,0.6858638743455497,-0.6544117647058828,0.6818181818181818,0,1,0,0
-0.8437500000000172,-0.652173913043475,-0.2198952879581152,0.0,0.17272727272727273,1,0,0,0
-0.8437500000000172,-0.6956521739130499,-0.13612565445026178,0.04411764705882365,-0.3,0,1,0,0
-1.3750000000000155,-1.652173913043475,-0.8167539267015707,0.7573529411764707,-0.5545454545454546,0,0,1,0
1.1562500000000007,1.2173913043478004,1.6335078534031413,-0.9044117647058828,-0.37272727272727274,0,0,1,0
-1.0625000000000144,-1.1739130434782747,0.16753926701570682,-0.4044117647058825,0.06363636363636363,0,1,0,0
1.312500000000001,1.4347826086956252,0.6335078534031413,-0.5882352941176473,-0.4909090909090909,0,0,1,0
-0.09375000000000389,0.3043478260869501,0.2617801047120419,-0.5808823529411766,0.4909090909090909,0,1,0,0
0.43749999999999445,0.2608695652173752,2.298429319371728,-1.441176470588236,0.43636363636363634,0,1,0,0
0.6250000000000022,0.4782608695652002,0.4973821989528796,-0.16176470588235323,0.37272727272727274,1,0,0,0
0.3125000000000011,0.2608695652173752,-0.7120418848167539,0.2426470588235293,0.03636363636363636,0,0,1,0
-0.37500000000001554,-0.56521739130435,0.6178010471204188,-0.5441176470588237,-0.2909090909090909,1,0,0,0
-0.1250000000000111,-0.39130434782609985,-0.24607329842931938,0.036764705882352956,0.6818181818181818,1,0,0,0
-0.5937500000000128,-1.0,0.13089005235602094,-0.6617647058823533,0.7909090909090909,0,1,0,0
0.031249999999989453,-0.3043478260869748,0.2879581151832461,-0.13235294117647095,-0.509090909090909,0,1,0,0
-0.3437500000000083,0.04347826086955017,-0.6858638743455497,0.5808823529411766,0.6090909090909091,0,1,0,0
-0.37500000000001554,0.21739130434782503,-0.6073298429319371,0.9264705882352946,-0.9545454545454546,0,1,0,0
0.7187499999999883,0.43478260869565005,-0.31413612565445026,0.8602941176470589,0.6454545454545455,0,0,1,0
-0.09375000000000389,-0.39130434782609985,-0.6858638743455497,1.330882352941177,-0.38181818181818183,0,0,1,0
-0.37500000000001554,-0.21739130434782503,0.33507853403141363,-0.4117647058823532,0.8818181818181818,0,0,1,0
0.43749999999999445,0.21739130434782503,-0.2617801047120419,0.286764705882353,0.9181818181818182,0,1,0,0
1.2812499999999938,1.4782608695652002,0.6492146596858639,-0.5808823529411766,-0.14545454545454545,1,0,0,0
0.6562499999999917,0.34782608695650025,-0.4607329842931937,0.6102941176470589,0.7090909090909091,1,0,0,0
-0.4375000000000122,0.04347826086955017,0.3298429319371728,-0.5147058823529413,-0.35454545454545455,0,1,0,0
0.5312499999999983,-0.21739130434782503,-0.3717277486910995,0.2647058823529414,0.2818181818181818,0,1,0,0
0.3125000000000011,0.9565217391304252,1.8272251308900525,-1.0441176470588243,0.21818181818181817,0,0,1,0
-0.3437500000000083,-0.04347826086957489,-0.8481675392670157,1.382352941176471,0.17272727272727273,0,0,1,0
0.43749999999999445,0.43478260869565005,-0.2356020942408377,0.09558823529411747,0.14545454545454545,0,1,0,0
0.3749999999999978,0.34782608695650025,0.031413612565445025,0.11764705882352956,-0.8272727272727273,0,1,0,0
0.43749999999999445,0.13043478260867525,-0.4083769633507853,1.0514705882352944,-0.9090909090909091,0,1,0,0
-0.81250000000001,-0.6086956521739249,-0.5026178010471204,0.17647058823529407,0.34545454545454546,0,1,0,0
0.18749999999999,0.3043478260869501,0.6073298429319371,-0.38235294117647095,-0.45454545454545453,0,1,0,0
-0.25000000000000444,-0.34782608695652495,0.13089005235602094,-0.1691176470588239,-0.5636363636363636,0,1,0,0
-1.0000000000000178,-0.9565217391304498,0.23036649214659685,-0.5514705882352944,-0.2545454545454545,1,0,0,0
0.7812500000000028,0.7826086956521503,-0.2617801047120419,-0.07352941176470591,-0.20909090909090908,0,1,0,0
-0.46875000000000167,0.0,1.1413612565445026,-0.9485294117647064,-0.9272727272727272,0,1,0,0
0.7499999999999956,0.08695652173912506,0.2513089005235602,-0.20588235294117688,0.5545454545454546,0,1,0,0
1.093750000000004,0.9999999999999752,-0.12041884816753927,0.7794117647058828,-0.9545454545454546,1,0,0,0
0.46875000000000167,0.39130434782607515,-0.3769633507853403,0.1617647058823527,0.2,0,0,1,0
-0.8437500000000172,-0.7391304347826249,-0.32460732984293195,0.4926470588235293,0.08181818181818182,0,0,1,0
-1.0625000000000144,-1.1739130434782747,0.8272251308900523,-0.4338235294117648,0.01818181818181818,1,0,0,0
-0.9375000000000033,-0.7391304347826249,0.7905759162303665,-0.6397058823529417,0.5818181818181818,1,0,0,0
1.2812499999999938,1.5217391304347752,-0.17801047120418848,-0.007352941176470696,0.42727272727272725,0,1,0,0
0.593749999999995,0.3043478260869501,0.5863874345549738,-0.8161764705882357,1.1636363636363636,0,1,0,1
-0.7812500000000028,-0.6086956521739249,-0.9633507853403142,0.7941176470588237,0.3090909090909091,0,1,0,0
0.7187499999999883,0.7826086956521503,-0.5497382198952879,0.7352941176470591,0.7363636363636363,0,0,1,0
0.593749999999995,0.4782608695652002,0.2879581151832461,-0.07352941176470591,0.6545454545454545,0,0,1,0
-0.031250000000007216,-0.4782608695652249,-0.25654450261780104,0.8529411764705886,-0.9545454545454546,0,1,0,0
0.2812499999999939,0.43478260869565005,-0.43455497382198954,0.5367647058823529,0.5454545454545454,0,0,1,0
1.2500000000000044,1.3913043478260751,1.162303664921466,-0.8676470588235299,0.6363636363636364,0,0,1,0
0.9062499999999961,0.9565217391304252,0.15706806282722513,-0.11764705882352956,0.24545454545454545,0,1,0,0
0.593749999999995,0.43478260869565005,-0.5078534031413613,0.7647058823529413,0.7272727272727273,0,1,0,0
-0.37500000000001554,-0.6086956521739249,1.1832460732984293,-0.9926470588235299,-0.3090909090909091,0,1,0,0
0.18749999999999,-0.2608695652173999,2.6387434554973823,-1.5000000000000009,-0.9545454545454546,1,0,0,0
0.46875000000000167,0.21739130434782503,0.015706806282722512,0.2426470588235293,1.0454545454545454,0,1,0,0
0.7812500000000028,0.8260869565217251,0.806282722513089,-0.7941176470588239,-0.6363636363636364,1,0,0,0
-0.406250000000005,-0.652173913043475,0.041884816753926704,-0.29411764705882365,0.45454545454545453,0,1,0,0
0.031249999999989453,-0.17391304347827483,-0.4293193717277487,0.3308823529411766,-0.8181818181818182,0,1,0,0
1.0312499999999893,1.2173913043478004,-0.5968586387434555,1.0294117647058827,0.01818181818181818,0,1,0,0
-0.5312500000000161,-0.43478260869565005,-0.450261780104712,0.036764705882352956,0.12727272727272726,0,1,0,0
0.2812499999999939,0.0,-0.25654450261780104,0.29411764705882365,1.0,1,0,0,0
-1.093750000000004,-1.1739130434782747,0.005235602094240838,0.4191176470588234,-0.44545454545454544,0,1,0,0
0.40624999999998723,0.17391304347825012,-0.643979057591623,0.6102941176470589,0.21818181818181817,0,1,0,0
-1.2812500000000118,-1.4782608695652248,2.167539267015707,-1.4044117647058831,0.18181818181818182,0,1,0,0
0.09374999999998612,0.521739130434775,-0.041884816753926704,0.8161764705882357,0.6181818181818182,0,1,0,0
-0.8750000000000067,-0.782608695652175,-1.057591623036649,-0.036764705882352956,-0.9272727272727272,0,0,1,0
-0.6875000000000167,-1.086956521739125,0.5549738219895288,-0.720588235294118,-0.39090909090909093,0,0,1,0
-0.8437500000000172,-0.782608695652175,0.24607329842931938,0.5661764705882352,-0.8090909090909091,0,0,1,0
-0.3125000000000011,-0.652173913043475,0.27225130890052357,-0.2573529411764707,-0.02727272727272727,0,1,0,0
-0.6562500000000094,-0.652173913043475,-0.38219895287958117,1.2426470588235299,-0.5818181818181818,0,1,0,0
0.4999999999999911,0.17391304347825012,1.1570680628272252,-0.5220588235294121,0.5818181818181818,0,0,1,0
1.0,0.5652173913043252,0.041884816753926704,0.2426470588235293,-0.38181818181818183,0,1,0,0
1.0624999999999967,0.652173913043475,-0.19895287958115182,0.632352941176471,-0.42727272727272725,0,1,0,0
-0.406250000000005,-0.21739130434782503,0.9895287958115183,-0.6029411764705886,0.5454545454545454,0,0,1,0
0.46875000000000167,0.21739130434782503,-0.44502617801047123,0.27941176470588225,0.2,0,1,0,0
-0.406250000000005,-0.04347826086957489,-0.09947643979057591,0.35294117647058815,-0.24545454545454545,0,0,1,0
-0.7187500000000061,-0.34782608695652495,2.680628272251309,-1.4705882352941182,0.4909090909090909,0,1,0,0
0.40624999999998723,0.43478260869565005,1.5549738219895288,-1.0367647058823535,0.2545454545454545,0,1,0,0
-0.406250000000005,-0.652173913043475,0.6701570680628273,-0.5661764705882357,-0.6272727272727273,0,1,0,0
0.06249999999999667,-0.21739130434782503,-0.35602094240837695,0.3897058823529411,0.6727272727272727,0,1,0,0
1.0624999999999967,0.6956521739130253,0.612565445026178,-0.6691176470588239,0.3090909090909091,0,1,0,0
-0.406250000000005,-0.17391304347827483,-0.2617801047120419,0.558823529411765,-0.05454545454545454,0,0,1,0
0.4999999999999911,-0.13043478260869995,-1.1465968586387434,2.0661764705882364,0.03636363636363636,0,0,1,1
0.7187499999999883,0.13043478260867525,-0.2094240837696335,0.15441176470588253,0.2909090909090909,0,0,1,0
-0.5000000000000089,-0.2608695652173999,0.23036649214659685,-0.5147058823529413,-0.35454545454545455,0,1,0,0
-0.8750000000000067,-0.7391304347826249,0.05235602094240838,0.029411764705882262,-0.7454545454545455,0,1,0,0
0.031249999999989453,-0.2608695652173999,0.7277486910994765,-0.8308823529411768,-0.13636363636363635,0,0,1,0
0.3749999999999978,0.39130434782607515,-0.44502617801047123,0.13235294117647042,0.9181818181818182,0,1,0,0
0.031249999999989453,0.5652173913043252,-0.900523560209424,0.7132352941176471,0.32727272727272727,0,1,0,0
-1.218750000000015,-1.347826086956525,3.225130890052356,-1.602941176470589,0.4727272727272727,0,0,1,0
0.7187499999999883,0.6086956521739002,0.010471204188481676,-0.16176470588235323,-0.2545454545454545,0,1,0,0
-0.7187500000000061,-0.17391304347827483,0.23036649214659685,-0.20588235294117688,-0.7454545454545455,0,1,0,0
-0.5937500000000128,-0.782608695652175,0.7120418848167539,-0.5000000000000006,0.7636363636363637,0,0,1,0
1.1562500000000007,1.3478260869565002,-0.6387434554973822,0.9044117647058825,0.3,1,0,0,0
1.2500000000000044,1.3478260869565002,0.43455497382198954,-0.4044117647058825,0.2909090909090909,1,0,0,0
0.7499999999999956,0.39130434782607515,0.31413612565445026,-0.3308823529411766,0.7545454545454545,0,0,1,0
1.0312499999999893,0.7391304347826001,-0.8481675392670157,0.5073529411764707,0.9363636363636364,0,0,1,1
-0.7500000000000133,-0.8260869565217499,-0.07329842931937172,0.21323529411764705,0.4,1,0,0,0
-0.1250000000000111,-0.39130434782609985,-0.47643979057591623,0.3897058823529411,0.36363636363636365,0,1,0,0
-0.09375000000000389,-0.17391304347827483,-0.24083769633507854,0.8676470588235295,-0.16363636363636364,0,1,0,0
-0.37500000000001554,-0.6086956521739249,0.005235602094240838,0.12499999999999974,0.5272727272727272,0,1,0,0
0.18749999999999,0.21739130434782503,0.5916230366492147,-0.7720588235294121,-0.5454545454545454,0,1,0,0
-0.25000000000000444,-0.43478260869565005,-0.6020942408376964,0.39705882352941185,0.14545454545454545,0,1,0,0
0.3749999999999978,0.2608695652173752,1.350785340314136,-1.1617647058823535,0.6090909090909091,0,1,0,0
-1.0000000000000178,-1.043478260869575,2.643979057591623,-1.6617647058823537,-0.9454545454545454,0,0,1,0
0.0,-0.39130434782609985,-0.32460732984293195,0.20588235294117635,0.37272727272727274,0,1,0,0
0.3749999999999978,0.21739130434782503,-0.3298429319371728,1.0073529411764708,-0.15454545454545454,0,1,0,0
0.593749999999995,0.21739130434782503,-0.581151832460733,0.7279411764705884,-0.20909090909090908,0,1,0,0
-0.5000000000000089,-0.4782608695652249,0.14659685863874344,-0.683823529411765,0.9545454545454546,1,0,0,0
-0.81250000000001,-0.56521739130435,0.14136125654450263,-0.1691176470588239,0.45454545454545453,0,1,0,0
-0.8750000000000067,-0.6086956521739249,0.34554973821989526,-0.45588235294117685,-0.12727272727272726,1,0,0,0
-0.81250000000001,-0.2608695652173999,0.2617801047120419,0.1691176470588234,-0.42727272727272725,0,0,1,0
-0.3125000000000011,-0.56521739130435,-0.4712041884816754,0.14705882352941183,-0.19090909090909092,0,1,0,0
0.6250000000000022,0.0,0.2094240837696335,-0.3161764705882357,0.5181818181818182,0,1,0,0
0.2812499999999939,0.34782608695650025,-1.0837696335078535,1.0882352941176474,-0.34545454545454546,0,1,0,0
0.593749999999995,0.34782608695650025,-0.7905759162303665,1.132352941176471,-0.43636363636363634,0,0,1,0
-0.5625000000000056,-0.7391304347826249,-0.08900523560209424,0.3014705882352943,0.8090909090909091,0,0,1,0
-0.5937500000000128,-0.8260869565217499,-0.17801047120418848,0.21323529411764705,-0.17272727272727273,0,1,0,0
0.09374999999998612,0.7391304347826001,-0.5130890052356021,0.573529411764706,-0.44545454545454544,0,1,0,0
1.1562500000000007,1.1304347826086751,-0.07853403141361257,0.08823529411764679,0.6181818181818182,0,0,1,0
-0.5937500000000128,-1.1304347826087,-0.17277486910994763,0.823529411764706,0.6636363636363637,0,1,0,0
1.312500000000001,1.4782608695652002,1.5654450261780104,-1.080882352941177,0.5727272727272728,0,1,0,0
0.15625000000000056,0.13043478260867525,0.2774869109947644,-0.17647058823529407,0.13636363636363635,0,1,0,0
-1.0000000000000178,-1.1304347826087,-0.8952879581151832,0.808823529411765,0.12727272727272726,0,0,1,0
0.12499999999999334,0.5652173913043252,-0.5392670157068062,0.36764705882352955,-0.7090909090909091,0,1,0,0
-0.406250000000005,-0.5217391304347998,-0.2198952879581152,0.573529411764706,0.9,0,1,0,0
-0.406250000000005,-0.17391304347827483,-0.020942408376963352,0.01470588235294087,0.42727272727272725,0,0,1,0
-0.25000000000000444,-0.6956521739130499,-1.0418848167539267,1.5073529411764712,-0.9,0,0,1,0
-0.6875000000000167,-1.217391304347825,0.837696335078534,-0.8382352941176475,-0.9090909090909091,1,0,0,0
0.21874999999999722,0.521739130434775,-0.02617801047120419,0.007352941176470696,-0.3090909090909091,0,1,0,0
-0.6250000000000022,-0.9565217391304498,-0.29842931937172773,0.19852941176470565,0.12727272727272726,0,0,1,0
0.7187499999999883,0.7826086956521503,-0.42408376963350786,0.463235294117647,0.7909090909090909,0,0,1,0
-0.6875000000000167,-0.4782608695652249,2.445026178010471,-1.3602941176470593,-0.6363636363636364,0,0,1,0
